"../../../Engine/Content/EditorResources/S_Actor.ubulk" 0
"../../../Engine/Content/EditorResources/S_Actor.uasset" 1
"../../../Engine/Content/EditorResources/S_Actor.uexp" 2
"../../../Engine/Content/EditorResources/S_BoxReflectionCapture.uasset" 3
"../../../Engine/Content/EditorResources/S_BoxReflectionCapture.uexp" 4
"../../../Engine/Content/EngineResources/DefaultTexture.ubulk" 5
"../../../Engine/Content/EngineResources/DefaultTexture.uasset" 6
"../../../Engine/Content/EngineResources/DefaultTexture.uexp" 7
"../../../Engine/Content/EngineResources/DefaultTextureCube.uasset" 8
"../../../Engine/Content/EngineResources/DefaultTextureCube.uexp" 9
"../../../Engine/Content/EngineResources/DefaultVolumeTexture2D.uasset" 10
"../../../Engine/Content/EngineResources/DefaultVolumeTexture2D.uexp" 11
"../../../Engine/Content/EngineResources/DefaultVolumeTexture.uasset" 12
"../../../Engine/Content/EngineResources/DefaultVolumeTexture.uexp" 13
"../../../Engine/Content/EditorResources/S_Trigger.ubulk" 14
"../../../Engine/Content/EditorResources/S_Trigger.uasset" 15
"../../../Engine/Content/EditorResources/S_Trigger.uexp" 16
"../../../Engine/Content/EditorResources/S_TriggerBox.uasset" 17
"../../../Engine/Content/EditorResources/S_TriggerBox.uexp" 18
"../../../Engine/Content/EditorResources/S_TriggerCapsule.uasset" 19
"../../../Engine/Content/EditorResources/S_TriggerCapsule.uexp" 20
"../../../Engine/Content/EditorResources/S_TriggerSphere.uasset" 21
"../../../Engine/Content/EditorResources/S_TriggerSphere.uexp" 22
"../../../Engine/Content/EngineMeshes/Sphere.ubulk" 23
"../../../Engine/Content/EngineMeshes/Sphere.uasset" 24
"../../../Engine/Content/EngineMeshes/Sphere.uexp" 25
"../../../Engine/Content/EngineResources/GradientTexture0.uasset" 26
"../../../Engine/Content/EngineResources/GradientTexture0.uexp" 27
"../../../Engine/Content/EngineResources/Black.uasset" 28
"../../../Engine/Content/EngineResources/Black.uexp" 29
"../../../Engine/Content/VREditor/LaserPointer/VR_LaserPower_01.ubulk" 30
"../../../Engine/Content/VREditor/LaserPointer/VR_LaserPower_01.uasset" 31
"../../../Engine/Content/VREditor/LaserPointer/VR_LaserPower_01.uexp" 32
"../../../Engine/Content/VREditor/TransformGizmo/TransformGizmoMaterial.uasset" 33
"../../../Engine/Content/VREditor/TransformGizmo/TransformGizmoMaterial.uexp" 34
"../../../Engine/Content/VREditor/TransformGizmo/TranslucentTransformGizmoMaterial.uasset" 35
"../../../Engine/Content/VREditor/TransformGizmo/TranslucentTransformGizmoMaterial.uexp" 36
"../../../Engine/Content/VREditor/TransformGizmo/BoundingBoxCorner.ubulk" 37
"../../../Engine/Content/VREditor/TransformGizmo/BoundingBoxCorner.uasset" 38
"../../../Engine/Content/VREditor/TransformGizmo/BoundingBoxCorner.uexp" 39
"../../../Engine/Content/VREditor/TransformGizmo/BoundingBoxEdge.ubulk" 40
"../../../Engine/Content/VREditor/TransformGizmo/BoundingBoxEdge.uasset" 41
"../../../Engine/Content/VREditor/TransformGizmo/BoundingBoxEdge.uexp" 42
"../../../Engine/Content/VREditor/TransformGizmo/Main.uasset" 43
"../../../Engine/Content/VREditor/TransformGizmo/Main.uexp" 44
"../../../Engine/Content/VREditor/TransformGizmo/Xray.uasset" 45
"../../../Engine/Content/VREditor/TransformGizmo/Xray.uexp" 46
"../../../Engine/Content/VREditor/TransformGizmo/SM_Sequencer_Node.ubulk" 47
"../../../Engine/Content/VREditor/TransformGizmo/SM_Sequencer_Node.uasset" 48
"../../../Engine/Content/VREditor/TransformGizmo/SM_Sequencer_Node.uexp" 49
"../../../Engine/Content/EditorResources/S_Solver.ubulk" 50
"../../../Engine/Content/EditorResources/S_Solver.uasset" 51
"../../../Engine/Content/EditorResources/S_Solver.uexp" 52
"../../../Engine/Content/EditorMaterials/Camera/CineMat.uasset" 53
"../../../Engine/Content/EditorMaterials/Camera/CineMat.uexp" 54
"../../../Engine/Content/EditorMaterials/Camera/MI_CineMat_Rig.uasset" 55
"../../../Engine/Content/EditorMaterials/Camera/MI_CineMat_Rig.uexp" 56
"../../../Engine/Content/EditorMeshes/Camera/SM_CraneRig_Base.ubulk" 57
"../../../Engine/Content/EditorMeshes/Camera/SM_CraneRig_Base.uasset" 58
"../../../Engine/Content/EditorMeshes/Camera/SM_CraneRig_Base.uexp" 59
"../../../Engine/Content/EditorMeshes/Camera/SM_CraneRig_Arm.ubulk" 60
"../../../Engine/Content/EditorMeshes/Camera/SM_CraneRig_Arm.uasset" 61
"../../../Engine/Content/EditorMeshes/Camera/SM_CraneRig_Arm.uexp" 62
"../../../Engine/Content/EditorMeshes/Camera/SM_CraneRig_Mount.ubulk" 63
"../../../Engine/Content/EditorMeshes/Camera/SM_CraneRig_Mount.uasset" 64
"../../../Engine/Content/EditorMeshes/Camera/SM_CraneRig_Mount.uexp" 65
"../../../Engine/Content/EditorMeshes/Camera/SM_CraneRig_Body.ubulk" 66
"../../../Engine/Content/EditorMeshes/Camera/SM_CraneRig_Body.uasset" 67
"../../../Engine/Content/EditorMeshes/Camera/SM_CraneRig_Body.uexp" 68
"../../../Engine/Content/EditorMeshes/Camera/SM_RailRig_Track.ubulk" 69
"../../../Engine/Content/EditorMeshes/Camera/SM_RailRig_Track.uasset" 70
"../../../Engine/Content/EditorMeshes/Camera/SM_RailRig_Track.uexp" 71
"../../../Engine/Content/EditorMeshes/Camera/SM_RailRig_Mount.ubulk" 72
"../../../Engine/Content/EditorMeshes/Camera/SM_RailRig_Mount.uasset" 73
"../../../Engine/Content/EditorMeshes/Camera/SM_RailRig_Mount.uexp" 74
"../../../Engine/Content/EngineMaterials/T_Default_Material_Grid_M.ubulk" 75
"../../../Engine/Content/EngineMaterials/T_Default_Material_Grid_M.uasset" 76
"../../../Engine/Content/EngineMaterials/T_Default_Material_Grid_M.uexp" 77
"../../../Engine/Content/EngineMaterials/T_Default_Material_Grid_N.ubulk" 78
"../../../Engine/Content/EngineMaterials/T_Default_Material_Grid_N.uasset" 79
"../../../Engine/Content/EngineMaterials/T_Default_Material_Grid_N.uexp" 80
"../../../Engine/Content/Functions/Engine_MaterialFunctions01/Opacity/CameraDepthFade.uasset" 81
"../../../Engine/Content/Functions/Engine_MaterialFunctions01/Opacity/CameraDepthFade.uexp" 82
"../../../Engine/Content/EngineMaterials/WorldGridMaterial.uasset" 83
"../../../Engine/Content/EngineMaterials/WorldGridMaterial.uexp" 84
"../../../Engine/Content/ArtTools/RenderToTexture/Meshes/S_1_Unit_Plane.ubulk" 85
"../../../Engine/Content/ArtTools/RenderToTexture/Meshes/S_1_Unit_Plane.uasset" 86
"../../../Engine/Content/ArtTools/RenderToTexture/Meshes/S_1_Unit_Plane.uexp" 87
"../../../Engine/Content/EditorMaterials/ParticleSystems/PSysThumbnail_NoImage.ubulk" 88
"../../../Engine/Content/EditorMaterials/ParticleSystems/PSysThumbnail_NoImage.uasset" 89
"../../../Engine/Content/EditorMaterials/ParticleSystems/PSysThumbnail_NoImage.uexp" 90
"../../../Engine/Content/EditorMaterials/ParticleSystems/PSysThumbnail_OOD.ubulk" 91
"../../../Engine/Content/EditorMaterials/ParticleSystems/PSysThumbnail_OOD.uasset" 92
"../../../Engine/Content/EditorMaterials/ParticleSystems/PSysThumbnail_OOD.uexp" 93
"../../../Engine/Content/EditorLandscapeResources/SplineEditorMeshMat.uasset" 94
"../../../Engine/Content/EditorLandscapeResources/SplineEditorMeshMat.uexp" 95
"../../../Engine/Content/EditorLandscapeResources/SplineEditorMesh.ubulk" 96
"../../../Engine/Content/EditorLandscapeResources/SplineEditorMesh.uasset" 97
"../../../Engine/Content/EditorLandscapeResources/SplineEditorMesh.uexp" 98
"../../../Engine/Plugins/Media/MediaPlate/Content/SM_MediaPlateScreen.ubulk" 99
"../../../Engine/Plugins/Media/MediaPlate/Content/SM_MediaPlateScreen.uasset" 100
"../../../Engine/Plugins/Media/MediaPlate/Content/SM_MediaPlateScreen.uexp" 101
"../../../Engine/Content/EngineMaterials/DefaultBokeh.uasset" 102
"../../../Engine/Content/EngineMaterials/DefaultBokeh.uexp" 103
"../../../Engine/Content/EngineMaterials/MiniFont.uasset" 104
"../../../Engine/Content/EngineMaterials/MiniFont.uexp" 105
"../../../Engine/Content/EngineMaterials/WeightMapPlaceholderTexture.uasset" 106
"../../../Engine/Content/EngineMaterials/WeightMapPlaceholderTexture.uexp" 107
"../../../Engine/Content/EngineMaterials/WeightMapArrayPlaceholderTexture.uasset" 108
"../../../Engine/Content/EngineMaterials/WeightMapArrayPlaceholderTexture.uexp" 109
"../../../Engine/Content/EngineMaterials/DefaultWhiteGrid.ubulk" 110
"../../../Engine/Content/EngineMaterials/DefaultWhiteGrid.uasset" 111
"../../../Engine/Content/EngineMaterials/DefaultWhiteGrid.uexp" 112
"../../../Engine/Content/EngineMaterials/PreintegratedSkinBRDF.uasset" 113
"../../../Engine/Content/EngineMaterials/PreintegratedSkinBRDF.uexp" 114
"../../../Engine/Content/Functions/Engine_MaterialFunctions02/WorldPositionOffset/CameraOffset.uasset" 115
"../../../Engine/Content/Functions/Engine_MaterialFunctions02/WorldPositionOffset/CameraOffset.uexp" 116
"../../../Engine/Plugins/Animation/ControlRig/Content/M_Manip.uasset" 117
"../../../Engine/Plugins/Animation/ControlRig/Content/M_Manip.uexp" 118
"../../../Engine/Plugins/2D/Paper2D/Content/PlaceholderTextures/DummySpriteTexture.ubulk" 119
"../../../Engine/Plugins/2D/Paper2D/Content/PlaceholderTextures/DummySpriteTexture.uasset" 120
"../../../Engine/Plugins/2D/Paper2D/Content/PlaceholderTextures/DummySpriteTexture.uexp" 121
"../../../Engine/Plugins/2D/Paper2D/Content/DefaultSpriteMaterial.uasset" 122
"../../../Engine/Plugins/2D/Paper2D/Content/DefaultSpriteMaterial.uexp" 123
"../../../Engine/Plugins/2D/Paper2D/Content/OpaqueUnlitSpriteMaterial.uasset" 124
"../../../Engine/Plugins/2D/Paper2D/Content/OpaqueUnlitSpriteMaterial.uexp" 125
"../../../Engine/Plugins/2D/Paper2D/Content/MaskedUnlitSpriteMaterial.uasset" 126
"../../../Engine/Plugins/2D/Paper2D/Content/MaskedUnlitSpriteMaterial.uexp" 127
"../../../Engine/Plugins/2D/Paper2D/Content/DummySprite.uasset" 128
"../../../Engine/Plugins/2D/Paper2D/Content/DummySprite.uexp" 129
"../../../Engine/Plugins/2D/Paper2D/Content/DefaultPaperTerrainMaterial.uasset" 130
"../../../Engine/Plugins/2D/Paper2D/Content/DefaultPaperTerrainMaterial.uexp" 131
"../../../Engine/Plugins/Runtime/MeshModelingToolset/Content/Materials/M_DynamicMeshComponentVtxColor.uasset" 132
"../../../Engine/Plugins/Runtime/MeshModelingToolset/Content/Materials/M_DynamicMeshComponentVtxColor.uexp" 133
"../../../Engine/Plugins/Interchange/Runtime/Content/Pipelines/DefaultTexturePipeline.uasset" 134
"../../../Engine/Plugins/Interchange/Runtime/Content/Pipelines/DefaultTexturePipeline.uexp" 135
"../../../Engine/Plugins/Interchange/Runtime/Content/Pipelines/DefaultSceneLevelPipeline.uasset" 136
"../../../Engine/Plugins/Interchange/Runtime/Content/Pipelines/DefaultSceneLevelPipeline.uexp" 137
"../../../Engine/Plugins/Interchange/Runtime/Content/Pipelines/DefaultSceneAssetsPipeline.uasset" 138
"../../../Engine/Plugins/Interchange/Runtime/Content/Pipelines/DefaultSceneAssetsPipeline.uexp" 139
"../../../Engine/Plugins/Interchange/Runtime/Content/Pipelines/DefaultMaterialXPipeline.uasset" 140
"../../../Engine/Plugins/Interchange/Runtime/Content/Pipelines/DefaultMaterialXPipeline.uexp" 141
"../../../Engine/Plugins/Interchange/Runtime/Content/Pipelines/DefaultMaterialPipeline.uasset" 142
"../../../Engine/Plugins/Interchange/Runtime/Content/Pipelines/DefaultMaterialPipeline.uexp" 143
"../../../Engine/Plugins/Interchange/Runtime/Content/Pipelines/DefaultGLTFSceneAssetsPipeline.uasset" 144
"../../../Engine/Plugins/Interchange/Runtime/Content/Pipelines/DefaultGLTFSceneAssetsPipeline.uexp" 145
"../../../Engine/Plugins/Interchange/Runtime/Content/Pipelines/DefaultGLTFPipeline.uasset" 146
"../../../Engine/Plugins/Interchange/Runtime/Content/Pipelines/DefaultGLTFPipeline.uexp" 147
"../../../Engine/Plugins/Interchange/Runtime/Content/Pipelines/DefaultGLTFAssetsPipeline.uasset" 148
"../../../Engine/Plugins/Interchange/Runtime/Content/Pipelines/DefaultGLTFAssetsPipeline.uexp" 149
"../../../Engine/Plugins/Interchange/Runtime/Content/Pipelines/DefaultAssetsPipeline.uasset" 150
"../../../Engine/Plugins/Interchange/Runtime/Content/Pipelines/DefaultAssetsPipeline.uexp" 151
"../../../Engine/Plugins/Interchange/Runtime/Content/Functions/MX_UsdPreviewSurface.uasset" 152
"../../../Engine/Plugins/Interchange/Runtime/Content/Functions/MX_UsdPreviewSurface.uexp" 153
"../../../Engine/Plugins/Interchange/Runtime/Content/Functions/MX_UniformEDF.uasset" 154
"../../../Engine/Plugins/Interchange/Runtime/Content/Functions/MX_UniformEDF.uexp" 155
"../../../Engine/Plugins/Interchange/Runtime/Content/Functions/MX_TranslucentBSDF.uasset" 156
"../../../Engine/Plugins/Interchange/Runtime/Content/Functions/MX_TranslucentBSDF.uexp" 157
"../../../Engine/Plugins/Interchange/Runtime/Content/Functions/MX_ThinFilmBSDF.uasset" 158
"../../../Engine/Plugins/Interchange/Runtime/Content/Functions/MX_ThinFilmBSDF.uexp" 159
"../../../Engine/Plugins/Interchange/Runtime/Content/Functions/MX_SurfaceUnlit.uasset" 160
"../../../Engine/Plugins/Interchange/Runtime/Content/Functions/MX_SurfaceUnlit.uexp" 161
"../../../Engine/Plugins/Interchange/Runtime/Content/Functions/MX_Surface.uasset" 162
"../../../Engine/Plugins/Interchange/Runtime/Content/Functions/MX_Surface.uexp" 163
"../../../Engine/Plugins/Interchange/Runtime/Content/Functions/MX_SubsurfaceBSDF.uasset" 164
"../../../Engine/Plugins/Interchange/Runtime/Content/Functions/MX_SubsurfaceBSDF.uexp" 165
"../../../Engine/Plugins/Interchange/Runtime/Content/Functions/MX_SheenBSDF.uasset" 166
"../../../Engine/Plugins/Interchange/Runtime/Content/Functions/MX_SheenBSDF.uexp" 167
"../../../Engine/Plugins/Interchange/Runtime/Content/Functions/MX_OrenNayarBSDF.uasset" 168
"../../../Engine/Plugins/Interchange/Runtime/Content/Functions/MX_OrenNayarBSDF.uexp" 169
"../../../Engine/Content/Functions/Engine_MaterialFunctions02/Utility/CameraDirectionVector.uasset" 170
"../../../Engine/Content/Functions/Engine_MaterialFunctions02/Utility/CameraDirectionVector.uexp" 171
"../../../Engine/Content/Functions/Engine_MaterialFunctions01/Volumetrics/BeersLaw.uasset" 172
"../../../Engine/Content/Functions/Engine_MaterialFunctions01/Volumetrics/BeersLaw.uexp" 173
"../../../Engine/Content/EngineMaterials/Good64x64TilingNoiseHighFreq.uasset" 174
"../../../Engine/Content/EngineMaterials/Good64x64TilingNoiseHighFreq.uexp" 175
"../../../Engine/Content/Functions/Engine_MaterialFunctions02/Texturing/ScreenAlignedPixelToPixelUVs.uasset" 176
"../../../Engine/Content/Functions/Engine_MaterialFunctions02/Texturing/ScreenAlignedPixelToPixelUVs.uexp" 177
"../../../Engine/Plugins/Interchange/Runtime/Content/gltf/MaterialFunctions/MF_Temporal_Blur.uasset" 178
"../../../Engine/Plugins/Interchange/Runtime/Content/gltf/MaterialFunctions/MF_Temporal_Blur.uexp" 179
"../../../Engine/Plugins/Interchange/Runtime/Content/gltf/MaterialFunctions/MF_Fresnel_DS.uasset" 180
"../../../Engine/Plugins/Interchange/Runtime/Content/gltf/MaterialFunctions/MF_Fresnel_DS.uexp" 181
"../../../Engine/Content/Functions/Engine_MaterialFunctions02/Utility/BreakOutFloat3Components.uasset" 182
"../../../Engine/Content/Functions/Engine_MaterialFunctions02/Utility/BreakOutFloat3Components.uexp" 183
"../../../Engine/Plugins/Interchange/Runtime/Content/Functions/MX_Transmission.uasset" 184
"../../../Engine/Plugins/Interchange/Runtime/Content/Functions/MX_Transmission.uexp" 185
"../../../Engine/Plugins/Interchange/Runtime/Content/Functions/MF_OrenNayerView.uasset" 186
"../../../Engine/Plugins/Interchange/Runtime/Content/Functions/MF_OrenNayerView.uexp" 187
"../../../Engine/Plugins/Interchange/Runtime/Content/Functions/MF_SchlickApprox.uasset" 188
"../../../Engine/Plugins/Interchange/Runtime/Content/Functions/MF_SchlickApprox.uexp" 189
"../../../Engine/Plugins/Interchange/Runtime/Content/Utilities/New_LUT.uasset" 190
"../../../Engine/Plugins/Interchange/Runtime/Content/Utilities/New_LUT.uexp" 191
"../../../Engine/Content/Functions/Engine_MaterialFunctions03/Math/RemapValueRange.uasset" 192
"../../../Engine/Content/Functions/Engine_MaterialFunctions03/Math/RemapValueRange.uexp" 193
"../../../Engine/Plugins/Interchange/Runtime/Content/Functions/MF_Iridescence.uasset" 194
"../../../Engine/Plugins/Interchange/Runtime/Content/Functions/MF_Iridescence.uexp" 195
"../../../Engine/Plugins/Interchange/Runtime/Content/Functions/MX_StandardSurface.uasset" 196
"../../../Engine/Plugins/Interchange/Runtime/Content/Functions/MX_StandardSurface.uexp" 197
"../../../Engine/Plugins/Interchange/Runtime/Content/Functions/MX_TransmissionSurface.uasset" 198
"../../../Engine/Plugins/Interchange/Runtime/Content/Functions/MX_TransmissionSurface.uexp" 199
"../../../Engine/Plugins/Interchange/Runtime/Content/Functions/MX_OpenPBR_Translucent.uasset" 200
"../../../Engine/Plugins/Interchange/Runtime/Content/Functions/MX_OpenPBR_Translucent.uexp" 201
"../../../Engine/Plugins/Interchange/Runtime/Content/Functions/MX_OpenPBR_Opaque.uasset" 202
"../../../Engine/Plugins/Interchange/Runtime/Content/Functions/MX_OpenPBR_Opaque.uexp" 203
"../../../Engine/Plugins/Interchange/Runtime/Content/Functions/MX_MeasuredEDF.uasset" 204
"../../../Engine/Plugins/Interchange/Runtime/Content/Functions/MX_MeasuredEDF.uexp" 205
"../../../Engine/Plugins/Interchange/Runtime/Content/Functions/MX_GeneralizedSchlickBSDF.uasset" 206
"../../../Engine/Plugins/Interchange/Runtime/Content/Functions/MX_GeneralizedSchlickBSDF.uexp" 207
"../../../Engine/Plugins/Interchange/Runtime/Content/Functions/MX_DielectricBSDF.uasset" 208
"../../../Engine/Plugins/Interchange/Runtime/Content/Functions/MX_DielectricBSDF.uexp" 209
"../../../Engine/Plugins/Interchange/Runtime/Content/Functions/MX_ConicalEDF.uasset" 210
"../../../Engine/Plugins/Interchange/Runtime/Content/Functions/MX_ConicalEDF.uexp" 211
"../../../Engine/Plugins/Interchange/Runtime/Content/Functions/MX_ConductorBSDF.uasset" 212
"../../../Engine/Plugins/Interchange/Runtime/Content/Functions/MX_ConductorBSDF.uexp" 213
"../../../Engine/Plugins/Interchange/Runtime/Content/Functions/MX_BurleyDiffuseBSDF.uasset" 214
"../../../Engine/Plugins/Interchange/Runtime/Content/Functions/MX_BurleyDiffuseBSDF.uexp" 215
"../../../Engine/Plugins/Interchange/Runtime/Content/Functions/MX_AnisotropicVDF.uasset" 216
"../../../Engine/Plugins/Interchange/Runtime/Content/Functions/MX_AnisotropicVDF.uexp" 217
"../../../Engine/Plugins/Interchange/Runtime/Content/Functions/MX_AbsorptionVDF.uasset" 218
"../../../Engine/Plugins/Interchange/Runtime/Content/Functions/MX_AbsorptionVDF.uexp" 219
"../../../Engine/Plugins/Editor/SpeedTreeImporter/Content/SpeedTree9/game_wind_noise.ubulk" 220
"../../../Engine/Plugins/Editor/SpeedTreeImporter/Content/SpeedTree9/game_wind_noise.uasset" 221
"../../../Engine/Plugins/Editor/SpeedTreeImporter/Content/SpeedTree9/game_wind_noise.uexp" 222
"../../../Engine/Plugins/Editor/SpeedTreeImporter/Content/SpeedTree9/UnpackDirection.uasset" 223
"../../../Engine/Plugins/Editor/SpeedTreeImporter/Content/SpeedTree9/UnpackDirection.uexp" 224
"../../../Engine/Content/Functions/Engine_MaterialFunctions02/ObjectLocalBounds.uasset" 225
"../../../Engine/Content/Functions/Engine_MaterialFunctions02/ObjectLocalBounds.uexp" 226
"../../../Engine/Content/Functions/Engine_MaterialFunctions02/UVs/BoundingBoxBased_0-1_UVW.uasset" 227
"../../../Engine/Content/Functions/Engine_MaterialFunctions02/UVs/BoundingBoxBased_0-1_UVW.uexp" 228
"../../../Engine/Content/Functions/Engine_MaterialFunctions02/Utility/VectorLength.uasset" 229
"../../../Engine/Content/Functions/Engine_MaterialFunctions02/Utility/VectorLength.uexp" 230
"../../../Engine/Plugins/Editor/SpeedTreeImporter/Content/SpeedTree9/UnpackInteger3.uasset" 231
"../../../Engine/Plugins/Editor/SpeedTreeImporter/Content/SpeedTree9/UnpackInteger3.uexp" 232
"../../../Engine/Plugins/Editor/SpeedTreeImporter/Content/SpeedTree9/SpeedTreeCameraFacing.uasset" 233
"../../../Engine/Plugins/Editor/SpeedTreeImporter/Content/SpeedTree9/SpeedTreeCameraFacing.uexp" 234
"../../../Engine/Content/Functions/Engine_MaterialFunctions02/WorldPositionOffset/ObjectScale.uasset" 235
"../../../Engine/Content/Functions/Engine_MaterialFunctions02/WorldPositionOffset/ObjectScale.uexp" 236
"../../../Engine/Content/Functions/Engine_MaterialFunctions02/SafeNormalize.uasset" 237
"../../../Engine/Content/Functions/Engine_MaterialFunctions02/SafeNormalize.uexp" 238
"../../../Engine/Plugins/Editor/SpeedTreeImporter/Content/SpeedTree9/SpeedTreeWindMotion.uasset" 239
"../../../Engine/Plugins/Editor/SpeedTreeImporter/Content/SpeedTree9/SpeedTreeWindMotion.uexp" 240
"../../../Engine/Plugins/Editor/SpeedTreeImporter/Content/SpeedTree9/SpeedTreeBranchMotion.uasset" 241
"../../../Engine/Plugins/Editor/SpeedTreeImporter/Content/SpeedTree9/SpeedTreeBranchMotion.uexp" 242
"../../../Engine/Plugins/Editor/SpeedTreeImporter/Content/SpeedTree9/SpeedTreeWind.uasset" 243
"../../../Engine/Plugins/Editor/SpeedTreeImporter/Content/SpeedTree9/SpeedTreeWind.uexp" 244
"../../../Engine/Plugins/Editor/SpeedTreeImporter/Content/SpeedTree9/EmptyNormal.uasset" 245
"../../../Engine/Plugins/Editor/SpeedTreeImporter/Content/SpeedTree9/EmptyNormal.uexp" 246
"../../../Engine/Plugins/Editor/SpeedTreeImporter/Content/SpeedTree9/Empty.uasset" 247
"../../../Engine/Plugins/Editor/SpeedTreeImporter/Content/SpeedTree9/Empty.uexp" 248
"../../../Engine/Plugins/Editor/SpeedTreeImporter/Content/SpeedTree9/SpeedTreeMaster.uasset" 249
"../../../Engine/Plugins/Editor/SpeedTreeImporter/Content/SpeedTree9/SpeedTreeMaster.uexp" 250
"../../../Engine/Plugins/Editor/SpeedTreeImporter/Content/SpeedTree9/SpeedTreeBillboard.uasset" 251
"../../../Engine/Plugins/Editor/SpeedTreeImporter/Content/SpeedTree9/SpeedTreeBillboard.uexp" 252
"../../../Engine/Plugins/Editor/SpeedTreeImporter/Content/SpeedTree9/SpeedTreeBillboardMaster.uasset" 253
"../../../Engine/Plugins/Editor/SpeedTreeImporter/Content/SpeedTree9/SpeedTreeBillboardMaster.uexp" 254
"../../../Engine/Plugins/Animation/ControlRig/Content/Controls/ControlRig_Wedge_solid.ubulk" 255
"../../../Engine/Plugins/Animation/ControlRig/Content/Controls/ControlRig_Wedge_solid.uasset" 256
"../../../Engine/Plugins/Animation/ControlRig/Content/Controls/ControlRig_Wedge_solid.uexp" 257
"../../../Engine/Plugins/Animation/ControlRig/Content/Controls/ControlRig_Wedge_3mm.ubulk" 258
"../../../Engine/Plugins/Animation/ControlRig/Content/Controls/ControlRig_Wedge_3mm.uasset" 259
"../../../Engine/Plugins/Animation/ControlRig/Content/Controls/ControlRig_Wedge_3mm.uexp" 260
"../../../Engine/Plugins/Animation/ControlRig/Content/Controls/ControlRig_Wedge_1mm.ubulk" 261
"../../../Engine/Plugins/Animation/ControlRig/Content/Controls/ControlRig_Wedge_1mm.uasset" 262
"../../../Engine/Plugins/Animation/ControlRig/Content/Controls/ControlRig_Wedge_1mm.uexp" 263
"../../../Engine/Plugins/Animation/ControlRig/Content/Controls/ControlRig_Triangle_solid.ubulk" 264
"../../../Engine/Plugins/Animation/ControlRig/Content/Controls/ControlRig_Triangle_solid.uasset" 265
"../../../Engine/Plugins/Animation/ControlRig/Content/Controls/ControlRig_Triangle_solid.uexp" 266
"../../../Engine/Plugins/Animation/ControlRig/Content/Controls/ControlRig_Triangle_3mm.ubulk" 267
"../../../Engine/Plugins/Animation/ControlRig/Content/Controls/ControlRig_Triangle_3mm.uasset" 268
"../../../Engine/Plugins/Animation/ControlRig/Content/Controls/ControlRig_Triangle_3mm.uexp" 269
"../../../Engine/Plugins/Animation/ControlRig/Content/Controls/ControlRig_Triangle_1mm.ubulk" 270
"../../../Engine/Plugins/Animation/ControlRig/Content/Controls/ControlRig_Triangle_1mm.uasset" 271
"../../../Engine/Plugins/Animation/ControlRig/Content/Controls/ControlRig_Triangle_1mm.uexp" 272
"../../../Engine/Plugins/Animation/ControlRig/Content/Controls/ControlRig_Star4_solid.ubulk" 273
"../../../Engine/Plugins/Animation/ControlRig/Content/Controls/ControlRig_Star4_solid.uasset" 274
"../../../Engine/Plugins/Animation/ControlRig/Content/Controls/ControlRig_Star4_solid.uexp" 275
"../../../Engine/Plugins/Animation/ControlRig/Content/Controls/ControlRig_Star4_3mm.ubulk" 276
"../../../Engine/Plugins/Animation/ControlRig/Content/Controls/ControlRig_Star4_3mm.uasset" 277
"../../../Engine/Plugins/Animation/ControlRig/Content/Controls/ControlRig_Star4_3mm.uexp" 278
"../../../Engine/Plugins/Animation/ControlRig/Content/Controls/ControlRig_Star4_1mm.ubulk" 279
"../../../Engine/Plugins/Animation/ControlRig/Content/Controls/ControlRig_Star4_1mm.uasset" 280
"../../../Engine/Plugins/Animation/ControlRig/Content/Controls/ControlRig_Star4_1mm.uexp" 281
"../../../Engine/Plugins/Animation/ControlRig/Content/Controls/ControlRig_Square_solid.ubulk" 282
"../../../Engine/Plugins/Animation/ControlRig/Content/Controls/ControlRig_Square_solid.uasset" 283
"../../../Engine/Plugins/Animation/ControlRig/Content/Controls/ControlRig_Square_solid.uexp" 284
"../../../Engine/Plugins/Animation/ControlRig/Content/Controls/ControlRig_Square_3mm.ubulk" 285
"../../../Engine/Plugins/Animation/ControlRig/Content/Controls/ControlRig_Square_3mm.uasset" 286
"../../../Engine/Plugins/Animation/ControlRig/Content/Controls/ControlRig_Square_3mm.uexp" 287
"../../../Engine/Plugins/Animation/ControlRig/Content/Controls/ControlRig_Square_1mm.ubulk" 288
"../../../Engine/Plugins/Animation/ControlRig/Content/Controls/ControlRig_Square_1mm.uasset" 289
"../../../Engine/Plugins/Animation/ControlRig/Content/Controls/ControlRig_Square_1mm.uexp" 290
"../../../Engine/Plugins/Animation/ControlRig/Content/Controls/ControlRig_Sphere_solid.ubulk" 291
"../../../Engine/Plugins/Animation/ControlRig/Content/Controls/ControlRig_Sphere_solid.uasset" 292
"../../../Engine/Plugins/Animation/ControlRig/Content/Controls/ControlRig_Sphere_solid.uexp" 293
"../../../Engine/Plugins/Animation/ControlRig/Content/Controls/ControlRig_Sphere_3mm.ubulk" 294
"../../../Engine/Plugins/Animation/ControlRig/Content/Controls/ControlRig_Sphere_3mm.uasset" 295
"../../../Engine/Plugins/Animation/ControlRig/Content/Controls/ControlRig_Sphere_3mm.uexp" 296
"../../../Engine/Plugins/Animation/ControlRig/Content/Controls/ControlRig_Sphere_1mm.ubulk" 297
"../../../Engine/Plugins/Animation/ControlRig/Content/Controls/ControlRig_Sphere_1mm.uasset" 298
"../../../Engine/Plugins/Animation/ControlRig/Content/Controls/ControlRig_Sphere_1mm.uexp" 299
"../../../Engine/Plugins/Animation/ControlRig/Content/Controls/ControlRig_RoundedTriangle_solid.ubulk" 300
"../../../Engine/Plugins/Animation/ControlRig/Content/Controls/ControlRig_RoundedTriangle_solid.uasset" 301
"../../../Engine/Plugins/Animation/ControlRig/Content/Controls/ControlRig_RoundedTriangle_solid.uexp" 302
"../../../Engine/Plugins/Animation/ControlRig/Content/Controls/ControlRig_RoundedTriangle_3mm.ubulk" 303
"../../../Engine/Plugins/Animation/ControlRig/Content/Controls/ControlRig_RoundedTriangle_3mm.uasset" 304
"../../../Engine/Plugins/Animation/ControlRig/Content/Controls/ControlRig_RoundedTriangle_3mm.uexp" 305
"../../../Engine/Plugins/Animation/ControlRig/Content/Controls/ControlRig_RoundedTriangle_1mm.ubulk" 306
"../../../Engine/Plugins/Animation/ControlRig/Content/Controls/ControlRig_RoundedTriangle_1mm.uasset" 307
"../../../Engine/Plugins/Animation/ControlRig/Content/Controls/ControlRig_RoundedTriangle_1mm.uexp" 308
"../../../Engine/Plugins/Animation/ControlRig/Content/Controls/ControlRig_RoundedSquare_solid.ubulk" 309
"../../../Engine/Plugins/Animation/ControlRig/Content/Controls/ControlRig_RoundedSquare_solid.uasset" 310
"../../../Engine/Plugins/Animation/ControlRig/Content/Controls/ControlRig_RoundedSquare_solid.uexp" 311
"../../../Engine/Plugins/Animation/ControlRig/Content/Controls/ControlRig_RoundedSquare_3mm.ubulk" 312
"../../../Engine/Plugins/Animation/ControlRig/Content/Controls/ControlRig_RoundedSquare_3mm.uasset" 313
"../../../Engine/Plugins/Animation/ControlRig/Content/Controls/ControlRig_RoundedSquare_3mm.uexp" 314
"../../../Engine/Plugins/Animation/ControlRig/Content/Controls/ControlRig_RoundedSquare_1mm.ubulk" 315
"../../../Engine/Plugins/Animation/ControlRig/Content/Controls/ControlRig_RoundedSquare_1mm.uasset" 316
"../../../Engine/Plugins/Animation/ControlRig/Content/Controls/ControlRig_RoundedSquare_1mm.uexp" 317
"../../../Engine/Plugins/Animation/ControlRig/Content/Controls/ControlRig_QuarterCircle_solid.ubulk" 318
"../../../Engine/Plugins/Animation/ControlRig/Content/Controls/ControlRig_QuarterCircle_solid.uasset" 319
"../../../Engine/Plugins/Animation/ControlRig/Content/Controls/ControlRig_QuarterCircle_solid.uexp" 320
"../../../Engine/Plugins/Animation/ControlRig/Content/Controls/ControlRig_QuarterCircle_3mm.ubulk" 321
"../../../Engine/Plugins/Animation/ControlRig/Content/Controls/ControlRig_QuarterCircle_3mm.uasset" 322
"../../../Engine/Plugins/Animation/ControlRig/Content/Controls/ControlRig_QuarterCircle_3mm.uexp" 323
"../../../Engine/Plugins/Animation/ControlRig/Content/Controls/ControlRig_QuarterCircle_1mm.ubulk" 324
"../../../Engine/Plugins/Animation/ControlRig/Content/Controls/ControlRig_QuarterCircle_1mm.uasset" 325
"../../../Engine/Plugins/Animation/ControlRig/Content/Controls/ControlRig_QuarterCircle_1mm.uexp" 326
"../../../Engine/Plugins/Animation/ControlRig/Content/Controls/ControlRig_Pyramid_solid.ubulk" 327
"../../../Engine/Plugins/Animation/ControlRig/Content/Controls/ControlRig_Pyramid_solid.uasset" 328
"../../../Engine/Plugins/Animation/ControlRig/Content/Controls/ControlRig_Pyramid_solid.uexp" 329
"../../../Engine/Plugins/Animation/ControlRig/Content/Controls/ControlRig_Pyramid_3mm.ubulk" 330
"../../../Engine/Plugins/Animation/ControlRig/Content/Controls/ControlRig_Pyramid_3mm.uasset" 331
"../../../Engine/Plugins/Animation/ControlRig/Content/Controls/ControlRig_Pyramid_3mm.uexp" 332
"../../../Engine/Plugins/Animation/ControlRig/Content/Controls/ControlRig_Pyramid_1mm.ubulk" 333
"../../../Engine/Plugins/Animation/ControlRig/Content/Controls/ControlRig_Pyramid_1mm.uasset" 334
"../../../Engine/Plugins/Animation/ControlRig/Content/Controls/ControlRig_Pyramid_1mm.uexp" 335
"../../../Engine/Plugins/Animation/ControlRig/Content/Controls/ControlRig_Octagon_solid.ubulk" 336
"../../../Engine/Plugins/Animation/ControlRig/Content/Controls/ControlRig_Octagon_solid.uasset" 337
"../../../Engine/Plugins/Animation/ControlRig/Content/Controls/ControlRig_Octagon_solid.uexp" 338
"../../../Engine/Plugins/Animation/ControlRig/Content/Controls/ControlRig_Octagon_3mm.ubulk" 339
"../../../Engine/Plugins/Animation/ControlRig/Content/Controls/ControlRig_Octagon_3mm.uasset" 340
"../../../Engine/Plugins/Animation/ControlRig/Content/Controls/ControlRig_Octagon_3mm.uexp" 341
"../../../Engine/Plugins/Animation/ControlRig/Content/Controls/ControlRig_Octagon_1mm.ubulk" 342
"../../../Engine/Plugins/Animation/ControlRig/Content/Controls/ControlRig_Octagon_1mm.uasset" 343
"../../../Engine/Plugins/Animation/ControlRig/Content/Controls/ControlRig_Octagon_1mm.uexp" 344
"../../../Engine/Plugins/Animation/ControlRig/Content/Controls/ControlRig_Hexagon_solid.ubulk" 345
"../../../Engine/Plugins/Animation/ControlRig/Content/Controls/ControlRig_Hexagon_solid.uasset" 346
"../../../Engine/Plugins/Animation/ControlRig/Content/Controls/ControlRig_Hexagon_solid.uexp" 347
"../../../Engine/Plugins/Animation/ControlRig/Content/Controls/ControlRig_Hexagon_3mm.ubulk" 348
"../../../Engine/Plugins/Animation/ControlRig/Content/Controls/ControlRig_Hexagon_3mm.uasset" 349
"../../../Engine/Plugins/Animation/ControlRig/Content/Controls/ControlRig_Hexagon_3mm.uexp" 350
"../../../Engine/Plugins/Animation/ControlRig/Content/Controls/ControlRig_Hexagon_1mm.ubulk" 351
"../../../Engine/Plugins/Animation/ControlRig/Content/Controls/ControlRig_Hexagon_1mm.uasset" 352
"../../../Engine/Plugins/Animation/ControlRig/Content/Controls/ControlRig_Hexagon_1mm.uexp" 353
"../../../Engine/Plugins/Animation/ControlRig/Content/Controls/ControlRig_HalfCircle_solid.ubulk" 354
"../../../Engine/Plugins/Animation/ControlRig/Content/Controls/ControlRig_HalfCircle_solid.uasset" 355
"../../../Engine/Plugins/Animation/ControlRig/Content/Controls/ControlRig_HalfCircle_solid.uexp" 356
"../../../Engine/Plugins/Animation/ControlRig/Content/Controls/ControlRig_HalfCircle_3mm.ubulk" 357
"../../../Engine/Plugins/Animation/ControlRig/Content/Controls/ControlRig_HalfCircle_3mm.uasset" 358
"../../../Engine/Plugins/Animation/ControlRig/Content/Controls/ControlRig_HalfCircle_3mm.uexp" 359
"../../../Engine/Plugins/Animation/ControlRig/Content/Controls/ControlRig_HalfCircle_1mm.ubulk" 360
"../../../Engine/Plugins/Animation/ControlRig/Content/Controls/ControlRig_HalfCircle_1mm.uasset" 361
"../../../Engine/Plugins/Animation/ControlRig/Content/Controls/ControlRig_HalfCircle_1mm.uexp" 362
"../../../Engine/Plugins/Animation/ControlRig/Content/Controls/ControlRig_Diamond_solid.ubulk" 363
"../../../Engine/Plugins/Animation/ControlRig/Content/Controls/ControlRig_Diamond_solid.uasset" 364
"../../../Engine/Plugins/Animation/ControlRig/Content/Controls/ControlRig_Diamond_solid.uexp" 365
"../../../Engine/Plugins/Animation/ControlRig/Content/Controls/ControlRig_Diamond_3mm.ubulk" 366
"../../../Engine/Plugins/Animation/ControlRig/Content/Controls/ControlRig_Diamond_3mm.uasset" 367
"../../../Engine/Plugins/Animation/ControlRig/Content/Controls/ControlRig_Diamond_3mm.uexp" 368
"../../../Engine/Plugins/Animation/ControlRig/Content/Controls/ControlRig_Diamond_1mm.ubulk" 369
"../../../Engine/Plugins/Animation/ControlRig/Content/Controls/ControlRig_Diamond_1mm.uasset" 370
"../../../Engine/Plugins/Animation/ControlRig/Content/Controls/ControlRig_Diamond_1mm.uexp" 371
"../../../Engine/Plugins/Animation/ControlRig/Content/Controls/ControlRig_Circle_solid.ubulk" 372
"../../../Engine/Plugins/Animation/ControlRig/Content/Controls/ControlRig_Circle_solid.uasset" 373
"../../../Engine/Plugins/Animation/ControlRig/Content/Controls/ControlRig_Circle_solid.uexp" 374
"../../../Engine/Plugins/Animation/ControlRig/Content/Controls/ControlRig_Circle_3mm.ubulk" 375
"../../../Engine/Plugins/Animation/ControlRig/Content/Controls/ControlRig_Circle_3mm.uasset" 376
"../../../Engine/Plugins/Animation/ControlRig/Content/Controls/ControlRig_Circle_3mm.uexp" 377
"../../../Engine/Plugins/Animation/ControlRig/Content/Controls/ControlRig_Circle_1mm.ubulk" 378
"../../../Engine/Plugins/Animation/ControlRig/Content/Controls/ControlRig_Circle_1mm.uasset" 379
"../../../Engine/Plugins/Animation/ControlRig/Content/Controls/ControlRig_Circle_1mm.uexp" 380
"../../../Engine/Plugins/Animation/ControlRig/Content/Controls/ControlRig_Box_solid.ubulk" 381
"../../../Engine/Plugins/Animation/ControlRig/Content/Controls/ControlRig_Box_solid.uasset" 382
"../../../Engine/Plugins/Animation/ControlRig/Content/Controls/ControlRig_Box_solid.uexp" 383
"../../../Engine/Plugins/Animation/ControlRig/Content/Controls/ControlRig_Box_3mm.ubulk" 384
"../../../Engine/Plugins/Animation/ControlRig/Content/Controls/ControlRig_Box_3mm.uasset" 385
"../../../Engine/Plugins/Animation/ControlRig/Content/Controls/ControlRig_Box_3mm.uexp" 386
"../../../Engine/Plugins/Animation/ControlRig/Content/Controls/ControlRig_Box_1mm.ubulk" 387
"../../../Engine/Plugins/Animation/ControlRig/Content/Controls/ControlRig_Box_1mm.uasset" 388
"../../../Engine/Plugins/Animation/ControlRig/Content/Controls/ControlRig_Box_1mm.uexp" 389
"../../../Engine/Plugins/Animation/ControlRig/Content/Controls/ControlRig_Arrow_solid.ubulk" 390
"../../../Engine/Plugins/Animation/ControlRig/Content/Controls/ControlRig_Arrow_solid.uasset" 391
"../../../Engine/Plugins/Animation/ControlRig/Content/Controls/ControlRig_Arrow_solid.uexp" 392
"../../../Engine/Plugins/Animation/ControlRig/Content/Controls/ControlRig_Arrow_3mm.ubulk" 393
"../../../Engine/Plugins/Animation/ControlRig/Content/Controls/ControlRig_Arrow_3mm.uasset" 394
"../../../Engine/Plugins/Animation/ControlRig/Content/Controls/ControlRig_Arrow_3mm.uexp" 395
"../../../Engine/Plugins/Animation/ControlRig/Content/Controls/ControlRig_Arrow_1mm.ubulk" 396
"../../../Engine/Plugins/Animation/ControlRig/Content/Controls/ControlRig_Arrow_1mm.uasset" 397
"../../../Engine/Plugins/Animation/ControlRig/Content/Controls/ControlRig_Arrow_1mm.uexp" 398
"../../../Engine/Plugins/Animation/ControlRig/Content/Controls/ControlRig_Arrow4_solid.ubulk" 399
"../../../Engine/Plugins/Animation/ControlRig/Content/Controls/ControlRig_Arrow4_solid.uasset" 400
"../../../Engine/Plugins/Animation/ControlRig/Content/Controls/ControlRig_Arrow4_solid.uexp" 401
"../../../Engine/Plugins/Animation/ControlRig/Content/Controls/ControlRig_Arrow4_3mm.ubulk" 402
"../../../Engine/Plugins/Animation/ControlRig/Content/Controls/ControlRig_Arrow4_3mm.uasset" 403
"../../../Engine/Plugins/Animation/ControlRig/Content/Controls/ControlRig_Arrow4_3mm.uexp" 404
"../../../Engine/Plugins/Animation/ControlRig/Content/Controls/ControlRig_Arrow4_1mm.ubulk" 405
"../../../Engine/Plugins/Animation/ControlRig/Content/Controls/ControlRig_Arrow4_1mm.uasset" 406
"../../../Engine/Plugins/Animation/ControlRig/Content/Controls/ControlRig_Arrow4_1mm.uexp" 407
"../../../Engine/Plugins/Animation/ControlRig/Content/Controls/ControlRig_Arrow2_solid.ubulk" 408
"../../../Engine/Plugins/Animation/ControlRig/Content/Controls/ControlRig_Arrow2_solid.uasset" 409
"../../../Engine/Plugins/Animation/ControlRig/Content/Controls/ControlRig_Arrow2_solid.uexp" 410
"../../../Engine/Plugins/Animation/ControlRig/Content/Controls/ControlRig_Arrow2_3mm.ubulk" 411
"../../../Engine/Plugins/Animation/ControlRig/Content/Controls/ControlRig_Arrow2_3mm.uasset" 412
"../../../Engine/Plugins/Animation/ControlRig/Content/Controls/ControlRig_Arrow2_3mm.uexp" 413
"../../../Engine/Plugins/Animation/ControlRig/Content/Controls/ControlRig_Arrow2_1mm.ubulk" 414
"../../../Engine/Plugins/Animation/ControlRig/Content/Controls/ControlRig_Arrow2_1mm.uasset" 415
"../../../Engine/Plugins/Animation/ControlRig/Content/Controls/ControlRig_Arrow2_1mm.uexp" 416
"../../../Engine/Plugins/Animation/ControlRig/Content/Controls/ControlRigXRayMaterial.uasset" 417
"../../../Engine/Plugins/Animation/ControlRig/Content/Controls/ControlRigXRayMaterial.uexp" 418
"../../../Engine/Plugins/Animation/ControlRig/Content/Controls/ControlRigGizmoMaterial.uasset" 419
"../../../Engine/Plugins/Animation/ControlRig/Content/Controls/ControlRigGizmoMaterial.uexp" 420
"../../../Engine/Content/VREditor/TransformGizmo/StartRotationHandleIndicator.ubulk" 421
"../../../Engine/Content/VREditor/TransformGizmo/StartRotationHandleIndicator.uasset" 422
"../../../Engine/Content/VREditor/TransformGizmo/StartRotationHandleIndicator.uexp" 423
"../../../Engine/Content/VREditor/Sounds/UI/Drop_Item_From_ContentBrowser.ubulk" 424
"../../../Engine/Content/VREditor/Sounds/UI/Drop_Item_From_ContentBrowser.uasset" 425
"../../../Engine/Content/VREditor/Sounds/UI/Drop_Item_From_ContentBrowser.uexp" 426
"../../../Engine/Content/VREditor/TransformGizmo/PlaneTranslationHandle.ubulk" 427
"../../../Engine/Content/VREditor/TransformGizmo/PlaneTranslationHandle.uasset" 428
"../../../Engine/Content/VREditor/TransformGizmo/PlaneTranslationHandle.uexp" 429
"../../../Engine/Content/VREditor/Sounds/UI/Object_Snaps_To_Grid.ubulk" 430
"../../../Engine/Content/VREditor/Sounds/UI/Object_Snaps_To_Grid.uasset" 431
"../../../Engine/Content/VREditor/Sounds/UI/Object_Snaps_To_Grid.uexp" 432
"../../../Engine/Content/VREditor/Sounds/UI/Selection_Changes.ubulk" 433
"../../../Engine/Content/VREditor/Sounds/UI/Selection_Changes.uasset" 434
"../../../Engine/Content/VREditor/Sounds/UI/Selection_Changes.uexp" 435
"../../../Engine/Content/VREditor/Sounds/UI/Object_Snaps_To_Another_Actor.ubulk" 436
"../../../Engine/Content/VREditor/Sounds/UI/Object_Snaps_To_Another_Actor.uasset" 437
"../../../Engine/Content/VREditor/Sounds/UI/Object_Snaps_To_Another_Actor.uexp" 438
"../../../Engine/Content/VREditor/TransformGizmo/TranslucentTransformGizmoMaterial_Inst.uasset" 439
"../../../Engine/Content/VREditor/TransformGizmo/TranslucentTransformGizmoMaterial_Inst.uexp" 440
"../../../Engine/Content/VREditor/TransformGizmo/TransformGizmoFreeRotation.ubulk" 441
"../../../Engine/Content/VREditor/TransformGizmo/TransformGizmoFreeRotation.uasset" 442
"../../../Engine/Content/VREditor/TransformGizmo/TransformGizmoFreeRotation.uexp" 443
"../../../Engine/Content/VREditor/Sounds/UI/Scaling_Down.ubulk" 444
"../../../Engine/Content/VREditor/Sounds/UI/Scaling_Down.uasset" 445
"../../../Engine/Content/VREditor/Sounds/UI/Scaling_Down.uexp" 446
"../../../Engine/Content/Functions/Engine_MaterialFunctions02/Math/Transform3x3Matrix.uasset" 447
"../../../Engine/Content/Functions/Engine_MaterialFunctions02/Math/Transform3x3Matrix.uexp" 448
"../../../Engine/Content/Functions/Engine_MaterialFunctions02/SplitComponents.uasset" 449
"../../../Engine/Content/Functions/Engine_MaterialFunctions02/SplitComponents.uexp" 450
"../../../Engine/Content/Functions/Engine_MaterialFunctions02/Utility/MakeFloat3.uasset" 451
"../../../Engine/Content/Functions/Engine_MaterialFunctions02/Utility/MakeFloat3.uexp" 452
"../../../Engine/Content/VREditor/SnapGrid/SnapGridMaterial.uasset" 453
"../../../Engine/Content/VREditor/SnapGrid/SnapGridMaterial.uexp" 454
"../../../Engine/Content/VREditor/SnapGrid/SnapGridPlaneMesh.ubulk" 455
"../../../Engine/Content/VREditor/SnapGrid/SnapGridPlaneMesh.uasset" 456
"../../../Engine/Content/VREditor/SnapGrid/SnapGridPlaneMesh.uexp" 457
"../../../Engine/Content/VREditor/Sounds/UI/Scaling_Up.ubulk" 458
"../../../Engine/Content/VREditor/Sounds/UI/Scaling_Up.uasset" 459
"../../../Engine/Content/VREditor/Sounds/UI/Scaling_Up.uexp" 460
"../../../Engine/Content/VREditor/TransformGizmo/TransformGizmoMaterial_Inst.uasset" 461
"../../../Engine/Content/VREditor/TransformGizmo/TransformGizmoMaterial_Inst.uexp" 462
"../../../Engine/Content/VREditor/Sounds/UI/Gizmo_Handle_Clicked.ubulk" 463
"../../../Engine/Content/VREditor/Sounds/UI/Gizmo_Handle_Clicked.uasset" 464
"../../../Engine/Content/VREditor/Sounds/UI/Gizmo_Handle_Clicked.uexp" 465
"../../../Engine/Content/VREditor/TransformGizmo/RotationHandleQuarter.ubulk" 466
"../../../Engine/Content/VREditor/TransformGizmo/RotationHandleQuarter.uasset" 467
"../../../Engine/Content/VREditor/TransformGizmo/RotationHandleQuarter.uexp" 468
"../../../Engine/Content/VREditor/TransformGizmo/TranslateArrowHandle.ubulk" 469
"../../../Engine/Content/VREditor/TransformGizmo/TranslateArrowHandle.uasset" 470
"../../../Engine/Content/VREditor/TransformGizmo/TranslateArrowHandle.uexp" 471
"../../../Engine/Content/VREditor/TransformGizmo/RotationHandleIndicator.ubulk" 472
"../../../Engine/Content/VREditor/TransformGizmo/RotationHandleIndicator.uasset" 473
"../../../Engine/Content/VREditor/TransformGizmo/RotationHandleIndicator.uexp" 474
"../../../Engine/Content/VREditor/TransformGizmo/UniformScaleHandle.ubulk" 475
"../../../Engine/Content/VREditor/TransformGizmo/UniformScaleHandle.uasset" 476
"../../../Engine/Content/VREditor/TransformGizmo/UniformScaleHandle.uexp" 477
"../../../Engine/Content/VREditor/TransformGizmo/RotationHandleFull.ubulk" 478
"../../../Engine/Content/VREditor/TransformGizmo/RotationHandleFull.uasset" 479
"../../../Engine/Content/VREditor/TransformGizmo/RotationHandleFull.uexp" 480
"../../../Engine/Content/VREditor/Sounds/UI/Object_PickUp.ubulk" 481
"../../../Engine/Content/VREditor/Sounds/UI/Object_PickUp.uasset" 482
"../../../Engine/Content/VREditor/Sounds/UI/Object_PickUp.uexp" 483
"../../../Engine/Content/EngineSounds/Master.uasset" 484
"../../../Engine/Content/EngineSounds/Master.uexp" 485
"../../../Engine/Content/EngineResources/WhiteSquareTexture.uasset" 486
"../../../Engine/Content/EngineResources/WhiteSquareTexture.uexp" 487
"../../../Engine/Content/EngineMaterials/Widget3DPassThrough.uasset" 488
"../../../Engine/Content/EngineMaterials/Widget3DPassThrough.uexp" 489
"../../../Engine/Content/EngineMaterials/Widget3DPassThrough_Translucent.uasset" 490
"../../../Engine/Content/EngineMaterials/Widget3DPassThrough_Translucent.uexp" 491
"../../../Engine/Content/EngineMaterials/Widget3DPassThrough_Translucent_OneSided.uasset" 492
"../../../Engine/Content/EngineMaterials/Widget3DPassThrough_Translucent_OneSided.uexp" 493
"../../../Engine/Content/EngineMaterials/Widget3DPassThrough_Opaque.uasset" 494
"../../../Engine/Content/EngineMaterials/Widget3DPassThrough_Opaque.uexp" 495
"../../../Engine/Content/EngineMaterials/Widget3DPassThrough_Opaque_OneSided.uasset" 496
"../../../Engine/Content/EngineMaterials/Widget3DPassThrough_Opaque_OneSided.uexp" 497
"../../../Engine/Content/EngineMaterials/Widget3DPassThrough_Masked_OneSided.uasset" 498
"../../../Engine/Content/EngineMaterials/Widget3DPassThrough_Masked_OneSided.uexp" 499
"../../../Engine/Content/EngineMaterials/Widget3DPassThrough_Masked.uasset" 500
"../../../Engine/Content/EngineMaterials/Widget3DPassThrough_Masked.uexp" 501
"../../../Engine/Content/EngineMaterials/STBlueNoise_vec2_128x128x64.uasset" 502
"../../../Engine/Content/EngineMaterials/STBlueNoise_vec2_128x128x64.uexp" 503
"../../../Engine/Content/EngineMaterials/STBlueNoise_scalar_128x128x64.uasset" 504
"../../../Engine/Content/EngineMaterials/STBlueNoise_scalar_128x128x64.uexp" 505
"../../../Engine/Content/EngineMaterials/RemoveSurfaceMaterial.uasset" 506
"../../../Engine/Content/EngineMaterials/RemoveSurfaceMaterial.uexp" 507
"../../../Engine/Content/EngineMaterials/DefaultCalibrationGrayscale.uasset" 508
"../../../Engine/Content/EngineMaterials/DefaultCalibrationGrayscale.uexp" 509
"../../../Engine/Content/EngineMaterials/PPM_DefaultCalibrationGrayscale.uasset" 510
"../../../Engine/Content/EngineMaterials/PPM_DefaultCalibrationGrayscale.uexp" 511
"../../../Engine/Content/EngineMaterials/DefaultCalibrationColor.uasset" 512
"../../../Engine/Content/EngineMaterials/DefaultCalibrationColor.uexp" 513
"../../../Engine/Content/EngineMaterials/PPM_DefaultCalibrationColor.uasset" 514
"../../../Engine/Content/EngineMaterials/PPM_DefaultCalibrationColor.uexp" 515
"../../../Engine/Content/EngineMaterials/PhAT_JointLimitMaterial.uasset" 516
"../../../Engine/Content/EngineMaterials/PhAT_JointLimitMaterial.uexp" 517
"../../../Engine/Content/EngineMaterials/NaniteHiddenSectionMaterial.uasset" 518
"../../../Engine/Content/EngineMaterials/NaniteHiddenSectionMaterial.uexp" 519
"../../../Engine/Content/EngineMaterials/InvalidLightmapSettings.ubulk" 520
"../../../Engine/Content/EngineMaterials/InvalidLightmapSettings.uasset" 521
"../../../Engine/Content/EngineMaterials/InvalidLightmapSettings.uexp" 522
"../../../Engine/Content/EngineMaterials/M_InvalidLightmapSettings.uasset" 523
"../../../Engine/Content/EngineMaterials/M_InvalidLightmapSettings.uexp" 524
"../../../Engine/Content/EngineMaterials/GizmoMaterial.uasset" 525
"../../../Engine/Content/EngineMaterials/GizmoMaterial.uexp" 526
"../../../Engine/Content/EngineMaterials/BaseFlattenEmissiveMap_VT.uasset" 527
"../../../Engine/Content/EngineMaterials/BaseFlattenEmissiveMap_VT.uexp" 528
"../../../Engine/Content/EngineMaterials/BaseFlattenGrayscaleMap_VT.uasset" 529
"../../../Engine/Content/EngineMaterials/BaseFlattenGrayscaleMap_VT.uexp" 530
"../../../Engine/Content/EngineMaterials/BaseFlattenLinearColor_VT.uasset" 531
"../../../Engine/Content/EngineMaterials/BaseFlattenLinearColor_VT.uexp" 532
"../../../Engine/Content/EngineMaterials/Black_1x1_EXR_Texture_VT.uasset" 533
"../../../Engine/Content/EngineMaterials/Black_1x1_EXR_Texture_VT.uexp" 534
"../../../Engine/Content/EngineMaterials/BaseFlattenDiffuseMap_VT.uasset" 535
"../../../Engine/Content/EngineMaterials/BaseFlattenDiffuseMap_VT.uexp" 536
"../../../Engine/Content/EngineMaterials/BaseFlattenNormalMap_VT.uasset" 537
"../../../Engine/Content/EngineMaterials/BaseFlattenNormalMap_VT.uexp" 538
"../../../Engine/Content/EngineMaterials/FlattenMaterial_WS_Normal_VT.uasset" 539
"../../../Engine/Content/EngineMaterials/FlattenMaterial_WS_Normal_VT.uexp" 540
"../../../Engine/Content/EngineMaterials/FlattenMaterial_VT.uasset" 541
"../../../Engine/Content/EngineMaterials/FlattenMaterial_VT.uexp" 542
"../../../Engine/Content/EngineMaterials/BaseFlattenNormalMap.uasset" 543
"../../../Engine/Content/EngineMaterials/BaseFlattenNormalMap.uexp" 544
"../../../Engine/Content/EngineMaterials/BaseFlattenGrayscaleMap.uasset" 545
"../../../Engine/Content/EngineMaterials/BaseFlattenGrayscaleMap.uexp" 546
"../../../Engine/Content/EngineMaterials/BaseFlattenDiffuseMap.uasset" 547
"../../../Engine/Content/EngineMaterials/BaseFlattenDiffuseMap.uexp" 548
"../../../Engine/Content/Functions/Engine_MaterialFunctions02/PivotPainter2/Black_1x1_EXR_Texture.uasset" 549
"../../../Engine/Content/Functions/Engine_MaterialFunctions02/PivotPainter2/Black_1x1_EXR_Texture.uexp" 550
"../../../Engine/Content/EngineMaterials/BaseFlattenEmissiveMap.uasset" 551
"../../../Engine/Content/EngineMaterials/BaseFlattenEmissiveMap.uexp" 552
"../../../Engine/Content/EngineMaterials/BaseFlattenLinearColor.uasset" 553
"../../../Engine/Content/EngineMaterials/BaseFlattenLinearColor.uexp" 554
"../../../Engine/Content/EngineMaterials/FlattenMaterial.uasset" 555
"../../../Engine/Content/EngineMaterials/FlattenMaterial.uexp" 556
"../../../Engine/Content/EngineMaterials/DefaultWhiteGrid_Low.uasset" 557
"../../../Engine/Content/EngineMaterials/DefaultWhiteGrid_Low.uexp" 558
"../../../Engine/Content/EngineMaterials/EmissiveMeshMaterial.uasset" 559
"../../../Engine/Content/EngineMaterials/EmissiveMeshMaterial.uexp" 560
"../../../Engine/Content/EngineFonts/RobotoDistanceField.uasset" 561
"../../../Engine/Content/EngineFonts/RobotoDistanceField.uexp" 562
"../../../Engine/Content/EngineMaterials/DefaultTextMaterialOpaque.uasset" 563
"../../../Engine/Content/EngineMaterials/DefaultTextMaterialOpaque.uexp" 564
"../../../Engine/Content/EngineMaterials/DefaultDiffuse.ubulk" 565
"../../../Engine/Content/EngineMaterials/DefaultDiffuse.uasset" 566
"../../../Engine/Content/EngineMaterials/DefaultDiffuse.uexp" 567
"../../../Engine/Content/Functions/Engine_MaterialFunctions02/Utility/BreakOutFloat2Components.uasset" 568
"../../../Engine/Content/Functions/Engine_MaterialFunctions02/Utility/BreakOutFloat2Components.uexp" 569
"../../../Engine/Content/EngineMaterials/DefaultPostProcessMaterial.uasset" 570
"../../../Engine/Content/EngineMaterials/DefaultPostProcessMaterial.uexp" 571
"../../../Engine/Content/EngineMaterials/DefaultLightFunctionMaterial.uasset" 572
"../../../Engine/Content/EngineMaterials/DefaultLightFunctionMaterial.uexp" 573
"../../../Engine/Content/EngineMaterials/DefaultDestructiblePhysicalMaterial.uasset" 574
"../../../Engine/Content/EngineMaterials/DefaultDestructiblePhysicalMaterial.uexp" 575
"../../../Engine/Content/EngineMaterials/DefaultDeferredDecalMaterial.uasset" 576
"../../../Engine/Content/EngineMaterials/DefaultDeferredDecalMaterial.uexp" 577
"../../../Engine/Content/EngineMaterials/DefaultBloomKernel.uasset" 578
"../../../Engine/Content/EngineMaterials/DefaultBloomKernel.uexp" 579
"../../../Engine/Content/EngineFonts/Faces/RobotoLight.uexp" 580
"../../../Engine/Content/EngineFonts/Faces/RobotoLight.uasset" 581
"../../../Engine/Content/EngineFonts/Faces/RobotoLight.ufont" 582
"../../../Engine/Content/EngineFonts/Faces/RobotoBold.uexp" 583
"../../../Engine/Content/EngineFonts/Faces/RobotoBold.uasset" 584
"../../../Engine/Content/EngineFonts/Faces/RobotoBold.ufont" 585
"../../../Engine/Content/EngineFonts/Faces/RobotoRegular.uexp" 586
"../../../Engine/Content/EngineFonts/Faces/RobotoRegular.uasset" 587
"../../../Engine/Content/EngineFonts/Faces/RobotoRegular.ufont" 588
"../../../Engine/Content/EngineFonts/Faces/DroidSansFallback.uexp" 589
"../../../Engine/Content/EngineFonts/Faces/DroidSansFallback.uasset" 590
"../../../Engine/Content/EngineFonts/Faces/DroidSansFallback.ufont" 591
"../../../Engine/Content/EngineFonts/Faces/RobotoItalic.uexp" 592
"../../../Engine/Content/EngineFonts/Faces/RobotoItalic.uasset" 593
"../../../Engine/Content/EngineFonts/Faces/RobotoItalic.ufont" 594
"../../../Engine/Content/EngineFonts/Faces/RobotoBoldItalic.uexp" 595
"../../../Engine/Content/EngineFonts/Faces/RobotoBoldItalic.uasset" 596
"../../../Engine/Content/EngineFonts/Faces/RobotoBoldItalic.ufont" 597
"../../../Engine/Content/EngineFonts/Roboto.uasset" 598
"../../../Engine/Content/EngineFonts/Roboto.uexp" 599
"../../../Engine/Content/EngineDebugMaterials/VolumeToRender.uasset" 600
"../../../Engine/Content/EngineDebugMaterials/VolumeToRender.uexp" 601
"../../../Engine/Content/EngineDebugMaterials/M_VolumeRenderSphereTracePP.uasset" 602
"../../../Engine/Content/EngineDebugMaterials/M_VolumeRenderSphereTracePP.uexp" 603
"../../../Engine/Content/EngineDebugMaterials/M_SimpleUnlitTranslucent.uasset" 604
"../../../Engine/Content/EngineDebugMaterials/M_SimpleUnlitTranslucent.uexp" 605
"../../../Engine/Content/EngineDebugMaterials/DebugMeshMaterial.uasset" 606
"../../../Engine/Content/EngineDebugMaterials/DebugMeshMaterial.uexp" 607
"../../../Engine/Content/EngineDebugMaterials/DebugEditorMaterial.uasset" 608
"../../../Engine/Content/EngineDebugMaterials/DebugEditorMaterial.uexp" 609
"../../../Engine/Content/EngineDamageTypes/DmgTypeBP_Environmental.uasset" 610
"../../../Engine/Content/EngineDamageTypes/DmgTypeBP_Environmental.uexp" 611
"../../../Engine/Content/EditorResources/S_Terrain.ubulk" 612
"../../../Engine/Content/EditorResources/S_Terrain.uasset" 613
"../../../Engine/Content/EditorResources/S_Terrain.uexp" 614
"../../../Engine/Content/EditorResources/EmptyActor.uasset" 615
"../../../Engine/Content/EditorResources/EmptyActor.uexp" 616
"../../../Engine/Content/EditorResources/BSPVertex.uasset" 617
"../../../Engine/Content/EditorResources/BSPVertex.uexp" 618
"../../../Engine/Content/EditorMaterials/PreviewShadowIndicator.ubulk" 619
"../../../Engine/Content/EditorMaterials/PreviewShadowIndicator.uasset" 620
"../../../Engine/Content/EditorMaterials/PreviewShadowIndicator.uexp" 621
"../../../Engine/Content/EditorMaterials/PreviewShadowIndicatorMaterial.uasset" 622
"../../../Engine/Content/EditorMaterials/PreviewShadowIndicatorMaterial.uexp" 623
"../../../Engine/Content/EditorMaterials/PhAT_UnselectedMaterial.uasset" 624
"../../../Engine/Content/EditorMaterials/PhAT_UnselectedMaterial.uexp" 625
"../../../Engine/Content/EditorMaterials/PhAT_NoCollisionMaterial.uasset" 626
"../../../Engine/Content/EditorMaterials/PhAT_NoCollisionMaterial.uexp" 627
"../../../Engine/Content/EditorLandscapeResources/DefaultAlphaTexture.uasset" 628
"../../../Engine/Content/EditorLandscapeResources/DefaultAlphaTexture.uexp" 629
"../../../Engine/Content/EditorLandscapeResources/DataLayer.uasset" 630
"../../../Engine/Content/EditorLandscapeResources/DataLayer.uexp" 631
"../../../Engine/Content/EngineMaterials/DefaultMaterial.uasset" 632
"../../../Engine/Content/EngineMaterials/DefaultMaterial.uexp" 633
"../../../Engine/Content/BasicShapes/Sphere.ubulk" 634
"../../../Engine/Content/BasicShapes/Sphere.uasset" 635
"../../../Engine/Content/BasicShapes/Sphere.uexp" 636
"../../../Engine/Content/BasicShapes/Plane.ubulk" 637
"../../../Engine/Content/BasicShapes/Plane.uasset" 638
"../../../Engine/Content/BasicShapes/Plane.uexp" 639
"../../../Engine/Content/BasicShapes/Cylinder.ubulk" 640
"../../../Engine/Content/BasicShapes/Cylinder.uasset" 641
"../../../Engine/Content/BasicShapes/Cylinder.uexp" 642
"../../../Engine/Content/BasicShapes/Cube.ubulk" 643
"../../../Engine/Content/BasicShapes/Cube.uasset" 644
"../../../Engine/Content/BasicShapes/Cube.uexp" 645
"../../../Engine/Content/BasicShapes/Cone.ubulk" 646
"../../../Engine/Content/BasicShapes/Cone.uasset" 647
"../../../Engine/Content/BasicShapes/Cone.uexp" 648
"../../../Engine/Content/BasicShapes/BasicShapeMaterial.uasset" 649
"../../../Engine/Content/BasicShapes/BasicShapeMaterial.uexp" 650
"../../../Engine/Plugins/Animation/ACLPlugin/Content/ACLAnimBoneCompressionSettings.uasset" 651
"../../../Engine/Plugins/Animation/ACLPlugin/Content/ACLAnimBoneCompressionSettings.uexp" 652
"../../../Engine/Content/Animation/DefaultVariableFrameStrippingSettings.uasset" 653
"../../../Engine/Content/Animation/DefaultVariableFrameStrippingSettings.uexp" 654
"F:/CMP400 - Prof Proj/CMP400_Prof_Proj/Content/Models/Trigger_Skeleton.uasset" 655
"F:/CMP400 - Prof Proj/CMP400_Prof_Proj/Content/Models/Trigger_Skeleton.uexp" 656
"../../../Engine/Plugins/Animation/ACLPlugin/Content/ACLAnimCurveCompressionSettings.uasset" 657
"../../../Engine/Plugins/Animation/ACLPlugin/Content/ACLAnimCurveCompressionSettings.uexp" 658
"F:/CMP400 - Prof Proj/CMP400_Prof_Proj/Content/Models/Trigger_Anim_Slide_SlideAction_004.uasset" 659
"F:/CMP400 - Prof Proj/CMP400_Prof_Proj/Content/Models/Trigger_Anim_Slide_SlideAction_004.uexp" 660
"F:/CMP400 - Prof Proj/CMP400_Prof_Proj/Content/Models/Trigger_Anim_Slide_allanims_trigger.uasset" 661
"F:/CMP400 - Prof Proj/CMP400_Prof_Proj/Content/Models/Trigger_Anim_Slide_allanims_trigger.uexp" 662
"F:/CMP400 - Prof Proj/CMP400_Prof_Proj/Content/Models/Trigger_Anim_Slide_allanims_smg9.uasset" 663
"F:/CMP400 - Prof Proj/CMP400_Prof_Proj/Content/Models/Trigger_Anim_Slide_allanims_smg9.uexp" 664
"F:/CMP400 - Prof Proj/CMP400_Prof_Proj/Content/Models/Trigger_Anim_Slide_allanims_R_arm_Pole.uasset" 665
"F:/CMP400 - Prof Proj/CMP400_Prof_Proj/Content/Models/Trigger_Anim_Slide_allanims_R_arm_Pole.uexp" 666
"F:/CMP400 - Prof Proj/CMP400_Prof_Proj/Content/Models/Trigger_Anim_Slide_allanims_release.uasset" 667
"F:/CMP400 - Prof Proj/CMP400_Prof_Proj/Content/Models/Trigger_Anim_Slide_allanims_release.uexp" 668
"F:/CMP400 - Prof Proj/CMP400_Prof_Proj/Content/Models/Trigger_Anim_Slide_allanims_mag.uasset" 669
"F:/CMP400 - Prof Proj/CMP400_Prof_Proj/Content/Models/Trigger_Anim_Slide_allanims_mag.uexp" 670
"F:/CMP400 - Prof Proj/CMP400_Prof_Proj/Content/Models/Trigger_Anim_Slide_allanims_L_arm_Pole.uasset" 671
"F:/CMP400 - Prof Proj/CMP400_Prof_Proj/Content/Models/Trigger_Anim_Slide_allanims_L_arm_Pole.uexp" 672
"F:/CMP400 - Prof Proj/CMP400_Prof_Proj/Content/Models/Trigger_Anim_Slide_allanims_bolt.uasset" 673
"F:/CMP400 - Prof Proj/CMP400_Prof_Proj/Content/Models/Trigger_Anim_Slide_allanims_bolt.uexp" 674
"F:/CMP400 - Prof Proj/CMP400_Prof_Proj/Content/Models/Trigger_Anim_Magazine_SlideAction_004.uasset" 675
"F:/CMP400 - Prof Proj/CMP400_Prof_Proj/Content/Models/Trigger_Anim_Magazine_SlideAction_004.uexp" 676
"F:/CMP400 - Prof Proj/CMP400_Prof_Proj/Content/Models/Trigger_Anim_Magazine_allanims_trigger.uasset" 677
"F:/CMP400 - Prof Proj/CMP400_Prof_Proj/Content/Models/Trigger_Anim_Magazine_allanims_trigger.uexp" 678
"F:/CMP400 - Prof Proj/CMP400_Prof_Proj/Content/Models/Trigger_Anim_Magazine_allanims_smg9.uasset" 679
"F:/CMP400 - Prof Proj/CMP400_Prof_Proj/Content/Models/Trigger_Anim_Magazine_allanims_smg9.uexp" 680
"F:/CMP400 - Prof Proj/CMP400_Prof_Proj/Content/Models/Trigger_Anim_Magazine_allanims_R_arm_Pole.uasset" 681
"F:/CMP400 - Prof Proj/CMP400_Prof_Proj/Content/Models/Trigger_Anim_Magazine_allanims_R_arm_Pole.uexp" 682
"F:/CMP400 - Prof Proj/CMP400_Prof_Proj/Content/Models/Trigger_Anim_Magazine_allanims_release.uasset" 683
"F:/CMP400 - Prof Proj/CMP400_Prof_Proj/Content/Models/Trigger_Anim_Magazine_allanims_release.uexp" 684
"F:/CMP400 - Prof Proj/CMP400_Prof_Proj/Content/Models/Trigger_Anim_Magazine_allanims_mag.uasset" 685
"F:/CMP400 - Prof Proj/CMP400_Prof_Proj/Content/Models/Trigger_Anim_Magazine_allanims_mag.uexp" 686
"F:/CMP400 - Prof Proj/CMP400_Prof_Proj/Content/Models/Trigger_Anim_Magazine_allanims_L_arm_Pole.uasset" 687
"F:/CMP400 - Prof Proj/CMP400_Prof_Proj/Content/Models/Trigger_Anim_Magazine_allanims_L_arm_Pole.uexp" 688
"F:/CMP400 - Prof Proj/CMP400_Prof_Proj/Content/Models/Trigger_Anim_Magazine_allanims_bolt.uasset" 689
"F:/CMP400 - Prof Proj/CMP400_Prof_Proj/Content/Models/Trigger_Anim_Magazine_allanims_bolt.uexp" 690
"F:/CMP400 - Prof Proj/CMP400_Prof_Proj/Content/Models/Trigger_PhysicsAsset.uasset" 691
"F:/CMP400 - Prof Proj/CMP400_Prof_Proj/Content/Models/Trigger_PhysicsAsset.uexp" 692
"F:/CMP400 - Prof Proj/CMP400_Prof_Proj/Content/Models/Trigger_ncl1_1.ubulk" 693
"F:/CMP400 - Prof Proj/CMP400_Prof_Proj/Content/Models/Trigger_ncl1_1.uasset" 694
"F:/CMP400 - Prof Proj/CMP400_Prof_Proj/Content/Models/Trigger_ncl1_1.uexp" 695
"F:/CMP400 - Prof Proj/CMP400_Prof_Proj/Content/Models/Trigger1.uasset" 696
"F:/CMP400 - Prof Proj/CMP400_Prof_Proj/Content/Models/Trigger1.uexp" 697
"F:/CMP400 - Prof Proj/CMP400_Prof_Proj/Content/Models/Trigger.uasset" 698
"F:/CMP400 - Prof Proj/CMP400_Prof_Proj/Content/Models/Trigger.uexp" 699
"F:/CMP400 - Prof Proj/CMP400_Prof_Proj/Content/Models/Rifle_Skeleton.uasset" 700
"F:/CMP400 - Prof Proj/CMP400_Prof_Proj/Content/Models/Rifle_Skeleton.uexp" 701
"F:/CMP400 - Prof Proj/CMP400_Prof_Proj/Content/Models/Rifle_Anim_Slide_SlideAction_004.uasset" 702
"F:/CMP400 - Prof Proj/CMP400_Prof_Proj/Content/Models/Rifle_Anim_Slide_SlideAction_004.uexp" 703
"F:/CMP400 - Prof Proj/CMP400_Prof_Proj/Content/Models/Rifle_Anim_Slide_allanims_trigger.uasset" 704
"F:/CMP400 - Prof Proj/CMP400_Prof_Proj/Content/Models/Rifle_Anim_Slide_allanims_trigger.uexp" 705
"F:/CMP400 - Prof Proj/CMP400_Prof_Proj/Content/Models/Rifle_Anim_Slide_allanims_smg9.uasset" 706
"F:/CMP400 - Prof Proj/CMP400_Prof_Proj/Content/Models/Rifle_Anim_Slide_allanims_smg9.uexp" 707
"F:/CMP400 - Prof Proj/CMP400_Prof_Proj/Content/Models/Rifle_Anim_Slide_allanims_R_arm_Pole.uasset" 708
"F:/CMP400 - Prof Proj/CMP400_Prof_Proj/Content/Models/Rifle_Anim_Slide_allanims_R_arm_Pole.uexp" 709
"F:/CMP400 - Prof Proj/CMP400_Prof_Proj/Content/Models/Rifle_Anim_Slide_allanims_release.uasset" 710
"F:/CMP400 - Prof Proj/CMP400_Prof_Proj/Content/Models/Rifle_Anim_Slide_allanims_release.uexp" 711
"F:/CMP400 - Prof Proj/CMP400_Prof_Proj/Content/Models/Rifle_Anim_Slide_allanims_mag.uasset" 712
"F:/CMP400 - Prof Proj/CMP400_Prof_Proj/Content/Models/Rifle_Anim_Slide_allanims_mag.uexp" 713
"F:/CMP400 - Prof Proj/CMP400_Prof_Proj/Content/Models/Rifle_Anim_Slide_allanims_L_arm_Pole.uasset" 714
"F:/CMP400 - Prof Proj/CMP400_Prof_Proj/Content/Models/Rifle_Anim_Slide_allanims_L_arm_Pole.uexp" 715
"F:/CMP400 - Prof Proj/CMP400_Prof_Proj/Content/Models/Rifle_Anim_Slide_allanims_bolt.uasset" 716
"F:/CMP400 - Prof Proj/CMP400_Prof_Proj/Content/Models/Rifle_Anim_Slide_allanims_bolt.uexp" 717
"F:/CMP400 - Prof Proj/CMP400_Prof_Proj/Content/Models/Rifle_Anim_Magazine_SlideAction_004.uasset" 718
"F:/CMP400 - Prof Proj/CMP400_Prof_Proj/Content/Models/Rifle_Anim_Magazine_SlideAction_004.uexp" 719
"F:/CMP400 - Prof Proj/CMP400_Prof_Proj/Content/Models/Rifle_Anim_Magazine_allanims_trigger.uasset" 720
"F:/CMP400 - Prof Proj/CMP400_Prof_Proj/Content/Models/Rifle_Anim_Magazine_allanims_trigger.uexp" 721
"F:/CMP400 - Prof Proj/CMP400_Prof_Proj/Content/Models/Rifle_Anim_Magazine_allanims_smg9.uasset" 722
"F:/CMP400 - Prof Proj/CMP400_Prof_Proj/Content/Models/Rifle_Anim_Magazine_allanims_smg9.uexp" 723
"F:/CMP400 - Prof Proj/CMP400_Prof_Proj/Content/Models/Rifle_Anim_Magazine_allanims_R_arm_Pole.uasset" 724
"F:/CMP400 - Prof Proj/CMP400_Prof_Proj/Content/Models/Rifle_Anim_Magazine_allanims_R_arm_Pole.uexp" 725
"F:/CMP400 - Prof Proj/CMP400_Prof_Proj/Content/Models/Rifle_Anim_Magazine_allanims_release.uasset" 726
"F:/CMP400 - Prof Proj/CMP400_Prof_Proj/Content/Models/Rifle_Anim_Magazine_allanims_release.uexp" 727
"F:/CMP400 - Prof Proj/CMP400_Prof_Proj/Content/Models/Rifle_Anim_Magazine_allanims_mag.uasset" 728
"F:/CMP400 - Prof Proj/CMP400_Prof_Proj/Content/Models/Rifle_Anim_Magazine_allanims_mag.uexp" 729
"F:/CMP400 - Prof Proj/CMP400_Prof_Proj/Content/Models/Rifle_Anim_Magazine_allanims_L_arm_Pole.uasset" 730
"F:/CMP400 - Prof Proj/CMP400_Prof_Proj/Content/Models/Rifle_Anim_Magazine_allanims_L_arm_Pole.uexp" 731
"F:/CMP400 - Prof Proj/CMP400_Prof_Proj/Content/Models/Rifle_Anim_Magazine_allanims_bolt.uasset" 732
"F:/CMP400 - Prof Proj/CMP400_Prof_Proj/Content/Models/Rifle_Anim_Magazine_allanims_bolt.uexp" 733
"F:/CMP400 - Prof Proj/CMP400_Prof_Proj/Content/Models/Reticles_Skeleton.uasset" 734
"F:/CMP400 - Prof Proj/CMP400_Prof_Proj/Content/Models/Reticles_Skeleton.uexp" 735
"F:/CMP400 - Prof Proj/CMP400_Prof_Proj/Content/Models/Reticles_Anim_Slide_SlideAction_004.uasset" 736
"F:/CMP400 - Prof Proj/CMP400_Prof_Proj/Content/Models/Reticles_Anim_Slide_SlideAction_004.uexp" 737
"F:/CMP400 - Prof Proj/CMP400_Prof_Proj/Content/Models/Reticles_Anim_Slide_allanims_trigger.uasset" 738
"F:/CMP400 - Prof Proj/CMP400_Prof_Proj/Content/Models/Reticles_Anim_Slide_allanims_trigger.uexp" 739
"F:/CMP400 - Prof Proj/CMP400_Prof_Proj/Content/Models/Reticles_Anim_Slide_allanims_smg9.uasset" 740
"F:/CMP400 - Prof Proj/CMP400_Prof_Proj/Content/Models/Reticles_Anim_Slide_allanims_smg9.uexp" 741
"F:/CMP400 - Prof Proj/CMP400_Prof_Proj/Content/Models/Reticles_Anim_Slide_allanims_R_arm_Pole.uasset" 742
"F:/CMP400 - Prof Proj/CMP400_Prof_Proj/Content/Models/Reticles_Anim_Slide_allanims_R_arm_Pole.uexp" 743
"F:/CMP400 - Prof Proj/CMP400_Prof_Proj/Content/Models/Reticles_Anim_Slide_allanims_release.uasset" 744
"F:/CMP400 - Prof Proj/CMP400_Prof_Proj/Content/Models/Reticles_Anim_Slide_allanims_release.uexp" 745
"F:/CMP400 - Prof Proj/CMP400_Prof_Proj/Content/Models/Reticles_Anim_Slide_allanims_mag.uasset" 746
"F:/CMP400 - Prof Proj/CMP400_Prof_Proj/Content/Models/Reticles_Anim_Slide_allanims_mag.uexp" 747
"F:/CMP400 - Prof Proj/CMP400_Prof_Proj/Content/Models/Reticles_Anim_Slide_allanims_L_arm_Pole.uasset" 748
"F:/CMP400 - Prof Proj/CMP400_Prof_Proj/Content/Models/Reticles_Anim_Slide_allanims_L_arm_Pole.uexp" 749
"F:/CMP400 - Prof Proj/CMP400_Prof_Proj/Content/Models/Reticles_Anim_Slide_allanims_bolt.uasset" 750
"F:/CMP400 - Prof Proj/CMP400_Prof_Proj/Content/Models/Reticles_Anim_Slide_allanims_bolt.uexp" 751
"F:/CMP400 - Prof Proj/CMP400_Prof_Proj/Content/Models/Reticles_Anim_Magazine_SlideAction_004.uasset" 752
"F:/CMP400 - Prof Proj/CMP400_Prof_Proj/Content/Models/Reticles_Anim_Magazine_SlideAction_004.uexp" 753
"F:/CMP400 - Prof Proj/CMP400_Prof_Proj/Content/Models/Reticles_Anim_Magazine_allanims_trigger.uasset" 754
"F:/CMP400 - Prof Proj/CMP400_Prof_Proj/Content/Models/Reticles_Anim_Magazine_allanims_trigger.uexp" 755
"F:/CMP400 - Prof Proj/CMP400_Prof_Proj/Content/Models/Reticles_Anim_Magazine_allanims_smg9.uasset" 756
"F:/CMP400 - Prof Proj/CMP400_Prof_Proj/Content/Models/Reticles_Anim_Magazine_allanims_smg9.uexp" 757
"F:/CMP400 - Prof Proj/CMP400_Prof_Proj/Content/Models/Reticles_Anim_Magazine_allanims_R_arm_Pole.uasset" 758
"F:/CMP400 - Prof Proj/CMP400_Prof_Proj/Content/Models/Reticles_Anim_Magazine_allanims_R_arm_Pole.uexp" 759
"F:/CMP400 - Prof Proj/CMP400_Prof_Proj/Content/Models/Reticles_Anim_Magazine_allanims_release.uasset" 760
"F:/CMP400 - Prof Proj/CMP400_Prof_Proj/Content/Models/Reticles_Anim_Magazine_allanims_release.uexp" 761
"F:/CMP400 - Prof Proj/CMP400_Prof_Proj/Content/Models/Reticles_Anim_Magazine_allanims_mag.uasset" 762
"F:/CMP400 - Prof Proj/CMP400_Prof_Proj/Content/Models/Reticles_Anim_Magazine_allanims_mag.uexp" 763
"F:/CMP400 - Prof Proj/CMP400_Prof_Proj/Content/Models/Reticles_Anim_Magazine_allanims_L_arm_Pole.uasset" 764
"F:/CMP400 - Prof Proj/CMP400_Prof_Proj/Content/Models/Reticles_Anim_Magazine_allanims_L_arm_Pole.uexp" 765
"F:/CMP400 - Prof Proj/CMP400_Prof_Proj/Content/Models/Reticles_Anim_Magazine_allanims_bolt.uasset" 766
"F:/CMP400 - Prof Proj/CMP400_Prof_Proj/Content/Models/Reticles_Anim_Magazine_allanims_bolt.uexp" 767
"F:/CMP400 - Prof Proj/CMP400_Prof_Proj/Content/Models/Material_007.uasset" 768
"F:/CMP400 - Prof Proj/CMP400_Prof_Proj/Content/Models/Material_007.uexp" 769
"F:/CMP400 - Prof Proj/CMP400_Prof_Proj/Content/Models/Reticles_PhysicsAsset.uasset" 770
"F:/CMP400 - Prof Proj/CMP400_Prof_Proj/Content/Models/Reticles_PhysicsAsset.uexp" 771
"F:/CMP400 - Prof Proj/CMP400_Prof_Proj/Content/Models/Reticles.uasset" 772
"F:/CMP400 - Prof Proj/CMP400_Prof_Proj/Content/Models/Reticles.uexp" 773
"F:/CMP400 - Prof Proj/CMP400_Prof_Proj/Content/Models/Optic_Skeleton.uasset" 774
"F:/CMP400 - Prof Proj/CMP400_Prof_Proj/Content/Models/Optic_Skeleton.uexp" 775
"F:/CMP400 - Prof Proj/CMP400_Prof_Proj/Content/Models/Optic_Anim_Slide_SlideAction_004.uasset" 776
"F:/CMP400 - Prof Proj/CMP400_Prof_Proj/Content/Models/Optic_Anim_Slide_SlideAction_004.uexp" 777
"F:/CMP400 - Prof Proj/CMP400_Prof_Proj/Content/Models/Optic_Anim_Slide_allanims_trigger.uasset" 778
"F:/CMP400 - Prof Proj/CMP400_Prof_Proj/Content/Models/Optic_Anim_Slide_allanims_trigger.uexp" 779
"F:/CMP400 - Prof Proj/CMP400_Prof_Proj/Content/Models/Optic_Anim_Slide_allanims_smg9.uasset" 780
"F:/CMP400 - Prof Proj/CMP400_Prof_Proj/Content/Models/Optic_Anim_Slide_allanims_smg9.uexp" 781
"F:/CMP400 - Prof Proj/CMP400_Prof_Proj/Content/Models/Optic_Anim_Slide_allanims_R_arm_Pole.uasset" 782
"F:/CMP400 - Prof Proj/CMP400_Prof_Proj/Content/Models/Optic_Anim_Slide_allanims_R_arm_Pole.uexp" 783
"F:/CMP400 - Prof Proj/CMP400_Prof_Proj/Content/Models/Optic_Anim_Slide_allanims_release.uasset" 784
"F:/CMP400 - Prof Proj/CMP400_Prof_Proj/Content/Models/Optic_Anim_Slide_allanims_release.uexp" 785
"F:/CMP400 - Prof Proj/CMP400_Prof_Proj/Content/Models/Optic_Anim_Slide_allanims_mag.uasset" 786
"F:/CMP400 - Prof Proj/CMP400_Prof_Proj/Content/Models/Optic_Anim_Slide_allanims_mag.uexp" 787
"F:/CMP400 - Prof Proj/CMP400_Prof_Proj/Content/Models/Optic_Anim_Slide_allanims_L_arm_Pole.uasset" 788
"F:/CMP400 - Prof Proj/CMP400_Prof_Proj/Content/Models/Optic_Anim_Slide_allanims_L_arm_Pole.uexp" 789
"F:/CMP400 - Prof Proj/CMP400_Prof_Proj/Content/Models/Optic_Anim_Slide_allanims_bolt.uasset" 790
"F:/CMP400 - Prof Proj/CMP400_Prof_Proj/Content/Models/Optic_Anim_Slide_allanims_bolt.uexp" 791
"F:/CMP400 - Prof Proj/CMP400_Prof_Proj/Content/Models/Optic_Anim_Magazine_SlideAction_004.uasset" 792
"F:/CMP400 - Prof Proj/CMP400_Prof_Proj/Content/Models/Optic_Anim_Magazine_SlideAction_004.uexp" 793
"F:/CMP400 - Prof Proj/CMP400_Prof_Proj/Content/Models/Optic_Anim_Magazine_allanims_trigger.uasset" 794
"F:/CMP400 - Prof Proj/CMP400_Prof_Proj/Content/Models/Optic_Anim_Magazine_allanims_trigger.uexp" 795
"F:/CMP400 - Prof Proj/CMP400_Prof_Proj/Content/Models/Optic_Anim_Magazine_allanims_smg9.uasset" 796
"F:/CMP400 - Prof Proj/CMP400_Prof_Proj/Content/Models/Optic_Anim_Magazine_allanims_smg9.uexp" 797
"F:/CMP400 - Prof Proj/CMP400_Prof_Proj/Content/Models/Optic_Anim_Magazine_allanims_R_arm_Pole.uasset" 798
"F:/CMP400 - Prof Proj/CMP400_Prof_Proj/Content/Models/Optic_Anim_Magazine_allanims_R_arm_Pole.uexp" 799
"F:/CMP400 - Prof Proj/CMP400_Prof_Proj/Content/Models/Optic_Anim_Magazine_allanims_release.uasset" 800
"F:/CMP400 - Prof Proj/CMP400_Prof_Proj/Content/Models/Optic_Anim_Magazine_allanims_release.uexp" 801
"F:/CMP400 - Prof Proj/CMP400_Prof_Proj/Content/Models/Optic_Anim_Magazine_allanims_mag.uasset" 802
"F:/CMP400 - Prof Proj/CMP400_Prof_Proj/Content/Models/Optic_Anim_Magazine_allanims_mag.uexp" 803
"F:/CMP400 - Prof Proj/CMP400_Prof_Proj/Content/Models/Optic_Anim_Magazine_allanims_L_arm_Pole.uasset" 804
"F:/CMP400 - Prof Proj/CMP400_Prof_Proj/Content/Models/Optic_Anim_Magazine_allanims_L_arm_Pole.uexp" 805
"F:/CMP400 - Prof Proj/CMP400_Prof_Proj/Content/Models/Optic_Anim_Magazine_allanims_bolt.uasset" 806
"F:/CMP400 - Prof Proj/CMP400_Prof_Proj/Content/Models/Optic_Anim_Magazine_allanims_bolt.uexp" 807
"F:/CMP400 - Prof Proj/CMP400_Prof_Proj/Content/Models/Optic_001_Skeleton.uasset" 808
"F:/CMP400 - Prof Proj/CMP400_Prof_Proj/Content/Models/Optic_001_Skeleton.uexp" 809
"F:/CMP400 - Prof Proj/CMP400_Prof_Proj/Content/Models/Optic_001_Anim_Slide_SlideAction_004.uasset" 810
"F:/CMP400 - Prof Proj/CMP400_Prof_Proj/Content/Models/Optic_001_Anim_Slide_SlideAction_004.uexp" 811
"F:/CMP400 - Prof Proj/CMP400_Prof_Proj/Content/Models/Optic_001_Anim_Slide_allanims_trigger.uasset" 812
"F:/CMP400 - Prof Proj/CMP400_Prof_Proj/Content/Models/Optic_001_Anim_Slide_allanims_trigger.uexp" 813
"F:/CMP400 - Prof Proj/CMP400_Prof_Proj/Content/Models/Optic_001_Anim_Slide_allanims_smg9.uasset" 814
"F:/CMP400 - Prof Proj/CMP400_Prof_Proj/Content/Models/Optic_001_Anim_Slide_allanims_smg9.uexp" 815
"F:/CMP400 - Prof Proj/CMP400_Prof_Proj/Content/Models/Optic_001_Anim_Slide_allanims_R_arm_Pole.uasset" 816
"F:/CMP400 - Prof Proj/CMP400_Prof_Proj/Content/Models/Optic_001_Anim_Slide_allanims_R_arm_Pole.uexp" 817
"F:/CMP400 - Prof Proj/CMP400_Prof_Proj/Content/Models/Optic_001_Anim_Slide_allanims_release.uasset" 818
"F:/CMP400 - Prof Proj/CMP400_Prof_Proj/Content/Models/Optic_001_Anim_Slide_allanims_release.uexp" 819
"F:/CMP400 - Prof Proj/CMP400_Prof_Proj/Content/Models/Optic_001_Anim_Slide_allanims_mag.uasset" 820
"F:/CMP400 - Prof Proj/CMP400_Prof_Proj/Content/Models/Optic_001_Anim_Slide_allanims_mag.uexp" 821
"F:/CMP400 - Prof Proj/CMP400_Prof_Proj/Content/Models/Optic_001_Anim_Slide_allanims_L_arm_Pole.uasset" 822
"F:/CMP400 - Prof Proj/CMP400_Prof_Proj/Content/Models/Optic_001_Anim_Slide_allanims_L_arm_Pole.uexp" 823
"F:/CMP400 - Prof Proj/CMP400_Prof_Proj/Content/Models/Optic_001_Anim_Slide_allanims_bolt.uasset" 824
"F:/CMP400 - Prof Proj/CMP400_Prof_Proj/Content/Models/Optic_001_Anim_Slide_allanims_bolt.uexp" 825
"F:/CMP400 - Prof Proj/CMP400_Prof_Proj/Content/Models/Optic_001_Anim_Magazine_SlideAction_004.uasset" 826
"F:/CMP400 - Prof Proj/CMP400_Prof_Proj/Content/Models/Optic_001_Anim_Magazine_SlideAction_004.uexp" 827
"F:/CMP400 - Prof Proj/CMP400_Prof_Proj/Content/Models/Optic_001_Anim_Magazine_allanims_trigger.uasset" 828
"F:/CMP400 - Prof Proj/CMP400_Prof_Proj/Content/Models/Optic_001_Anim_Magazine_allanims_trigger.uexp" 829
"F:/CMP400 - Prof Proj/CMP400_Prof_Proj/Content/Models/Optic_001_Anim_Magazine_allanims_smg9.uasset" 830
"F:/CMP400 - Prof Proj/CMP400_Prof_Proj/Content/Models/Optic_001_Anim_Magazine_allanims_smg9.uexp" 831
"F:/CMP400 - Prof Proj/CMP400_Prof_Proj/Content/Models/Optic_001_Anim_Magazine_allanims_R_arm_Pole.uasset" 832
"F:/CMP400 - Prof Proj/CMP400_Prof_Proj/Content/Models/Optic_001_Anim_Magazine_allanims_R_arm_Pole.uexp" 833
"F:/CMP400 - Prof Proj/CMP400_Prof_Proj/Content/Models/Optic_001_Anim_Magazine_allanims_release.uasset" 834
"F:/CMP400 - Prof Proj/CMP400_Prof_Proj/Content/Models/Optic_001_Anim_Magazine_allanims_release.uexp" 835
"F:/CMP400 - Prof Proj/CMP400_Prof_Proj/Content/Models/Optic_001_Anim_Magazine_allanims_mag.uasset" 836
"F:/CMP400 - Prof Proj/CMP400_Prof_Proj/Content/Models/Optic_001_Anim_Magazine_allanims_mag.uexp" 837
"F:/CMP400 - Prof Proj/CMP400_Prof_Proj/Content/Models/Optic_001_Anim_Magazine_allanims_L_arm_Pole.uasset" 838
"F:/CMP400 - Prof Proj/CMP400_Prof_Proj/Content/Models/Optic_001_Anim_Magazine_allanims_L_arm_Pole.uexp" 839
"F:/CMP400 - Prof Proj/CMP400_Prof_Proj/Content/Models/Optic_001_Anim_Magazine_allanims_bolt.uasset" 840
"F:/CMP400 - Prof Proj/CMP400_Prof_Proj/Content/Models/Optic_001_Anim_Magazine_allanims_bolt.uexp" 841
"F:/CMP400 - Prof Proj/CMP400_Prof_Proj/Content/Models/OpticLensDiffuse.ubulk" 842
"F:/CMP400 - Prof Proj/CMP400_Prof_Proj/Content/Models/OpticLensDiffuse.uasset" 843
"F:/CMP400 - Prof Proj/CMP400_Prof_Proj/Content/Models/OpticLensDiffuse.uexp" 844
"F:/CMP400 - Prof Proj/CMP400_Prof_Proj/Content/Models/OpticLensRoughness.ubulk" 845
"F:/CMP400 - Prof Proj/CMP400_Prof_Proj/Content/Models/OpticLensRoughness.uasset" 846
"F:/CMP400 - Prof Proj/CMP400_Prof_Proj/Content/Models/OpticLensRoughness.uexp" 847
"F:/CMP400 - Prof Proj/CMP400_Prof_Proj/Content/Models/OpticLens.uasset" 848
"F:/CMP400 - Prof Proj/CMP400_Prof_Proj/Content/Models/OpticLens.uexp" 849
"F:/CMP400 - Prof Proj/CMP400_Prof_Proj/Content/Models/Optic_001_PhysicsAsset.uasset" 850
"F:/CMP400 - Prof Proj/CMP400_Prof_Proj/Content/Models/Optic_001_PhysicsAsset.uexp" 851
"F:/CMP400 - Prof Proj/CMP400_Prof_Proj/Content/Models/Optic_001.uasset" 852
"F:/CMP400 - Prof Proj/CMP400_Prof_Proj/Content/Models/Optic_001.uexp" 853
"F:/CMP400 - Prof Proj/CMP400_Prof_Proj/Content/Models/Optic_PhysicsAsset.uasset" 854
"F:/CMP400 - Prof Proj/CMP400_Prof_Proj/Content/Models/Optic_PhysicsAsset.uexp" 855
"F:/CMP400 - Prof Proj/CMP400_Prof_Proj/Content/Models/Optic_BaseColor.ubulk" 856
"F:/CMP400 - Prof Proj/CMP400_Prof_Proj/Content/Models/Optic_BaseColor.uasset" 857
"F:/CMP400 - Prof Proj/CMP400_Prof_Proj/Content/Models/Optic_BaseColor.uexp" 858
"F:/CMP400 - Prof Proj/CMP400_Prof_Proj/Content/Models/Optic_Roughness.ubulk" 859
"F:/CMP400 - Prof Proj/CMP400_Prof_Proj/Content/Models/Optic_Roughness.uasset" 860
"F:/CMP400 - Prof Proj/CMP400_Prof_Proj/Content/Models/Optic_Roughness.uexp" 861
"F:/CMP400 - Prof Proj/CMP400_Prof_Proj/Content/Models/Optic_Normal.ubulk" 862
"F:/CMP400 - Prof Proj/CMP400_Prof_Proj/Content/Models/Optic_Normal.uasset" 863
"F:/CMP400 - Prof Proj/CMP400_Prof_Proj/Content/Models/Optic_Normal.uexp" 864
"F:/CMP400 - Prof Proj/CMP400_Prof_Proj/Content/Models/Optic1.uasset" 865
"F:/CMP400 - Prof Proj/CMP400_Prof_Proj/Content/Models/Optic1.uexp" 866
"F:/CMP400 - Prof Proj/CMP400_Prof_Proj/Content/Models/OpticRest_Roughness.ubulk" 867
"F:/CMP400 - Prof Proj/CMP400_Prof_Proj/Content/Models/OpticRest_Roughness.uasset" 868
"F:/CMP400 - Prof Proj/CMP400_Prof_Proj/Content/Models/OpticRest_Roughness.uexp" 869
"F:/CMP400 - Prof Proj/CMP400_Prof_Proj/Content/Models/OpticRest_Normal.ubulk" 870
"F:/CMP400 - Prof Proj/CMP400_Prof_Proj/Content/Models/OpticRest_Normal.uasset" 871
"F:/CMP400 - Prof Proj/CMP400_Prof_Proj/Content/Models/OpticRest_Normal.uexp" 872
"F:/CMP400 - Prof Proj/CMP400_Prof_Proj/Content/Models/OpticRest_BaseColor.ubulk" 873
"F:/CMP400 - Prof Proj/CMP400_Prof_Proj/Content/Models/OpticRest_BaseColor.uasset" 874
"F:/CMP400 - Prof Proj/CMP400_Prof_Proj/Content/Models/OpticRest_BaseColor.uexp" 875
"F:/CMP400 - Prof Proj/CMP400_Prof_Proj/Content/Models/OpticRest.uasset" 876
"F:/CMP400 - Prof Proj/CMP400_Prof_Proj/Content/Models/OpticRest.uexp" 877
"F:/CMP400 - Prof Proj/CMP400_Prof_Proj/Content/Models/Optic.uasset" 878
"F:/CMP400 - Prof Proj/CMP400_Prof_Proj/Content/Models/Optic.uexp" 879
"F:/CMP400 - Prof Proj/CMP400_Prof_Proj/Content/Models/Magazine_Skeleton.uasset" 880
"F:/CMP400 - Prof Proj/CMP400_Prof_Proj/Content/Models/Magazine_Skeleton.uexp" 881
"F:/CMP400 - Prof Proj/CMP400_Prof_Proj/Content/Models/Magazine_Anim_Slide_SlideAction_004.uasset" 882
"F:/CMP400 - Prof Proj/CMP400_Prof_Proj/Content/Models/Magazine_Anim_Slide_SlideAction_004.uexp" 883
"F:/CMP400 - Prof Proj/CMP400_Prof_Proj/Content/Models/Magazine_Anim_Slide_Cube_002Action.uasset" 884
"F:/CMP400 - Prof Proj/CMP400_Prof_Proj/Content/Models/Magazine_Anim_Slide_Cube_002Action.uexp" 885
"F:/CMP400 - Prof Proj/CMP400_Prof_Proj/Content/Models/Magazine_Anim_Slide_allanims_mag.uasset" 886
"F:/CMP400 - Prof Proj/CMP400_Prof_Proj/Content/Models/Magazine_Anim_Slide_allanims_mag.uexp" 887
"F:/CMP400 - Prof Proj/CMP400_Prof_Proj/Content/Models/Magazine_Anim_Magazine_SlideAction_004.uasset" 888
"F:/CMP400 - Prof Proj/CMP400_Prof_Proj/Content/Models/Magazine_Anim_Magazine_SlideAction_004.uexp" 889
"F:/CMP400 - Prof Proj/CMP400_Prof_Proj/Content/Models/Magazine_Anim_Magazine_Cube_002Action.uasset" 890
"F:/CMP400 - Prof Proj/CMP400_Prof_Proj/Content/Models/Magazine_Anim_Magazine_Cube_002Action.uexp" 891
"F:/CMP400 - Prof Proj/CMP400_Prof_Proj/Content/Models/Magazine_Anim_Magazine_allanims_mag.uasset" 892
"F:/CMP400 - Prof Proj/CMP400_Prof_Proj/Content/Models/Magazine_Anim_Magazine_allanims_mag.uexp" 893
"F:/CMP400 - Prof Proj/CMP400_Prof_Proj/Content/Models/Magazine_PhysicsAsset.uasset" 894
"F:/CMP400 - Prof Proj/CMP400_Prof_Proj/Content/Models/Magazine_PhysicsAsset.uexp" 895
"F:/CMP400 - Prof Proj/CMP400_Prof_Proj/Content/Models/Magazine_Roughness.ubulk" 896
"F:/CMP400 - Prof Proj/CMP400_Prof_Proj/Content/Models/Magazine_Roughness.uasset" 897
"F:/CMP400 - Prof Proj/CMP400_Prof_Proj/Content/Models/Magazine_Roughness.uexp" 898
"F:/CMP400 - Prof Proj/CMP400_Prof_Proj/Content/Models/Magazine_BaseColor.ubulk" 899
"F:/CMP400 - Prof Proj/CMP400_Prof_Proj/Content/Models/Magazine_BaseColor.uasset" 900
"F:/CMP400 - Prof Proj/CMP400_Prof_Proj/Content/Models/Magazine_BaseColor.uexp" 901
"F:/CMP400 - Prof Proj/CMP400_Prof_Proj/Content/Models/Magazine_Normal.ubulk" 902
"F:/CMP400 - Prof Proj/CMP400_Prof_Proj/Content/Models/Magazine_Normal.uasset" 903
"F:/CMP400 - Prof Proj/CMP400_Prof_Proj/Content/Models/Magazine_Normal.uexp" 904
"F:/CMP400 - Prof Proj/CMP400_Prof_Proj/Content/Models/Magazine1.uasset" 905
"F:/CMP400 - Prof Proj/CMP400_Prof_Proj/Content/Models/Magazine1.uexp" 906
"F:/CMP400 - Prof Proj/CMP400_Prof_Proj/Content/Models/Magazine.uasset" 907
"F:/CMP400 - Prof Proj/CMP400_Prof_Proj/Content/Models/Magazine.uexp" 908
"F:/CMP400 - Prof Proj/CMP400_Prof_Proj/Content/Hangar/Hangar_BuiltData.ubulk" 909
"F:/CMP400 - Prof Proj/CMP400_Prof_Proj/Content/Hangar/Hangar_BuiltData.uasset" 910
"F:/CMP400 - Prof Proj/CMP400_Prof_Proj/Content/Hangar/Hangar_BuiltData.uexp" 911
"F:/CMP400 - Prof Proj/CMP400_Prof_Proj/Content/Characters/Mannequin_UE4/Meshes/SK_Mannequin_Skeleton.uasset" 912
"F:/CMP400 - Prof Proj/CMP400_Prof_Proj/Content/Characters/Mannequin_UE4/Meshes/SK_Mannequin_Skeleton.uexp" 913
"F:/CMP400 - Prof Proj/CMP400_Prof_Proj/Content/AnimStarterPack/Stand_To_Prone.uasset" 914
"F:/CMP400 - Prof Proj/CMP400_Prof_Proj/Content/AnimStarterPack/Stand_To_Prone.uexp" 915
"F:/CMP400 - Prof Proj/CMP400_Prof_Proj/Content/AnimStarterPack/Stand_to_Crouch_Rifle_Ironsights.uasset" 916
"F:/CMP400 - Prof Proj/CMP400_Prof_Proj/Content/AnimStarterPack/Stand_to_Crouch_Rifle_Ironsights.uexp" 917
"F:/CMP400 - Prof Proj/CMP400_Prof_Proj/Content/AnimStarterPack/Stand_to_Crouch_Rifle_Hip.uasset" 918
"F:/CMP400 - Prof Proj/CMP400_Prof_Proj/Content/AnimStarterPack/Stand_to_Crouch_Rifle_Hip.uexp" 919
"F:/CMP400 - Prof Proj/CMP400_Prof_Proj/Content/AnimStarterPack/Sprint_Fwd_Rifle.uasset" 920
"F:/CMP400 - Prof Proj/CMP400_Prof_Proj/Content/AnimStarterPack/Sprint_Fwd_Rifle.uexp" 921
"F:/CMP400 - Prof Proj/CMP400_Prof_Proj/Content/AnimStarterPack/Reload_Shotgun_Ironsights.uasset" 922
"F:/CMP400 - Prof Proj/CMP400_Prof_Proj/Content/AnimStarterPack/Reload_Shotgun_Ironsights.uexp" 923
"F:/CMP400 - Prof Proj/CMP400_Prof_Proj/Content/AnimStarterPack/Reload_Shotgun_Hip.uasset" 924
"F:/CMP400 - Prof Proj/CMP400_Prof_Proj/Content/AnimStarterPack/Reload_Shotgun_Hip.uexp" 925
"F:/CMP400 - Prof Proj/CMP400_Prof_Proj/Content/AnimStarterPack/Reload_Rifle_Ironsights.uasset" 926
"F:/CMP400 - Prof Proj/CMP400_Prof_Proj/Content/AnimStarterPack/Reload_Rifle_Ironsights.uexp" 927
"F:/CMP400 - Prof Proj/CMP400_Prof_Proj/Content/AnimStarterPack/Reload_Pistol.uasset" 928
"F:/CMP400 - Prof Proj/CMP400_Prof_Proj/Content/AnimStarterPack/Reload_Pistol.uexp" 929
"F:/CMP400 - Prof Proj/CMP400_Prof_Proj/Content/AnimStarterPack/Prone_To_Stand.uasset" 930
"F:/CMP400 - Prof Proj/CMP400_Prof_Proj/Content/AnimStarterPack/Prone_To_Stand.uexp" 931
"F:/CMP400 - Prof Proj/CMP400_Prof_Proj/Content/AnimStarterPack/Prone_Reload_Shotgun.uasset" 932
"F:/CMP400 - Prof Proj/CMP400_Prof_Proj/Content/AnimStarterPack/Prone_Reload_Shotgun.uexp" 933
"F:/CMP400 - Prof Proj/CMP400_Prof_Proj/Content/AnimStarterPack/Prone_Reload_Rifle.uasset" 934
"F:/CMP400 - Prof Proj/CMP400_Prof_Proj/Content/AnimStarterPack/Prone_Reload_Rifle.uexp" 935
"F:/CMP400 - Prof Proj/CMP400_Prof_Proj/Content/AnimStarterPack/Prone_Idle.uasset" 936
"F:/CMP400 - Prof Proj/CMP400_Prof_Proj/Content/AnimStarterPack/Prone_Idle.uexp" 937
"F:/CMP400 - Prof Proj/CMP400_Prof_Proj/Content/AnimStarterPack/Prone_Fire_2.uasset" 938
"F:/CMP400 - Prof Proj/CMP400_Prof_Proj/Content/AnimStarterPack/Prone_Fire_2.uexp" 939
"F:/CMP400 - Prof Proj/CMP400_Prof_Proj/Content/AnimStarterPack/Prone_Fire_1.uasset" 940
"F:/CMP400 - Prof Proj/CMP400_Prof_Proj/Content/AnimStarterPack/Prone_Fire_1.uexp" 941
"F:/CMP400 - Prof Proj/CMP400_Prof_Proj/Content/AnimStarterPack/Prone_Death_2.uasset" 942
"F:/CMP400 - Prof Proj/CMP400_Prof_Proj/Content/AnimStarterPack/Prone_Death_2.uexp" 943
"F:/CMP400 - Prof Proj/CMP400_Prof_Proj/Content/AnimStarterPack/Prone_Death_1.uasset" 944
"F:/CMP400 - Prof Proj/CMP400_Prof_Proj/Content/AnimStarterPack/Prone_Death_1.uexp" 945
"F:/CMP400 - Prof Proj/CMP400_Prof_Proj/Content/AnimStarterPack/Jump_From_Stand.uasset" 946
"F:/CMP400 - Prof Proj/CMP400_Prof_Proj/Content/AnimStarterPack/Jump_From_Stand.uexp" 947
"F:/CMP400 - Prof Proj/CMP400_Prof_Proj/Content/AnimStarterPack/Idle_Rifle_Hip.uasset" 948
"F:/CMP400 - Prof Proj/CMP400_Prof_Proj/Content/AnimStarterPack/Idle_Rifle_Hip.uexp" 949
"F:/CMP400 - Prof Proj/CMP400_Prof_Proj/Content/AnimStarterPack/Idle_Pistol.uasset" 950
"F:/CMP400 - Prof Proj/CMP400_Prof_Proj/Content/AnimStarterPack/Idle_Pistol.uexp" 951
"F:/CMP400 - Prof Proj/CMP400_Prof_Proj/Content/AnimStarterPack/Hit_React_4.uasset" 952
"F:/CMP400 - Prof Proj/CMP400_Prof_Proj/Content/AnimStarterPack/Hit_React_4.uexp" 953
"F:/CMP400 - Prof Proj/CMP400_Prof_Proj/Content/AnimStarterPack/Fire_Shotgun_Ironsights.uasset" 954
"F:/CMP400 - Prof Proj/CMP400_Prof_Proj/Content/AnimStarterPack/Fire_Shotgun_Ironsights.uexp" 955
"F:/CMP400 - Prof Proj/CMP400_Prof_Proj/Content/AnimStarterPack/Fire_Shotgun_Hip.uasset" 956
"F:/CMP400 - Prof Proj/CMP400_Prof_Proj/Content/AnimStarterPack/Fire_Shotgun_Hip.uexp" 957
"F:/CMP400 - Prof Proj/CMP400_Prof_Proj/Content/AnimStarterPack/Fire_Rifle_Hip.uasset" 958
"F:/CMP400 - Prof Proj/CMP400_Prof_Proj/Content/AnimStarterPack/Fire_Rifle_Hip.uexp" 959
"F:/CMP400 - Prof Proj/CMP400_Prof_Proj/Content/AnimStarterPack/Equip_Rifle_Standing.uasset" 960
"F:/CMP400 - Prof Proj/CMP400_Prof_Proj/Content/AnimStarterPack/Equip_Rifle_Standing.uexp" 961
"F:/CMP400 - Prof Proj/CMP400_Prof_Proj/Content/AnimStarterPack/Death_Ironsights_2.uasset" 962
"F:/CMP400 - Prof Proj/CMP400_Prof_Proj/Content/AnimStarterPack/Death_Ironsights_2.uexp" 963
"F:/CMP400 - Prof Proj/CMP400_Prof_Proj/Content/AnimStarterPack/Death_3.uasset" 964
"F:/CMP400 - Prof Proj/CMP400_Prof_Proj/Content/AnimStarterPack/Death_3.uexp" 965
"F:/CMP400 - Prof Proj/CMP400_Prof_Proj/Content/AnimStarterPack/Death_2.uasset" 966
"F:/CMP400 - Prof Proj/CMP400_Prof_Proj/Content/AnimStarterPack/Death_2.uexp" 967
"F:/CMP400 - Prof Proj/CMP400_Prof_Proj/Content/AnimStarterPack/Death_1.uasset" 968
"F:/CMP400 - Prof Proj/CMP400_Prof_Proj/Content/AnimStarterPack/Death_1.uexp" 969
"F:/CMP400 - Prof Proj/CMP400_Prof_Proj/Content/AnimStarterPack/Crouch_Walk_Rt_Rifle_Ironsights.uasset" 970
"F:/CMP400 - Prof Proj/CMP400_Prof_Proj/Content/AnimStarterPack/Crouch_Walk_Rt_Rifle_Ironsights.uexp" 971
"F:/CMP400 - Prof Proj/CMP400_Prof_Proj/Content/AnimStarterPack/Crouch_Walk_Lt_Rifle_Ironsights.uasset" 972
"F:/CMP400 - Prof Proj/CMP400_Prof_Proj/Content/AnimStarterPack/Crouch_Walk_Lt_Rifle_Ironsights.uexp" 973
"F:/CMP400 - Prof Proj/CMP400_Prof_Proj/Content/AnimStarterPack/Crouch_Walk_Bwd_Rifle_Ironsights.uasset" 974
"F:/CMP400 - Prof Proj/CMP400_Prof_Proj/Content/AnimStarterPack/Crouch_Walk_Bwd_Rifle_Ironsights.uexp" 975
"F:/CMP400 - Prof Proj/CMP400_Prof_Proj/Content/AnimStarterPack/Crouch_to_Stand_Rifle_Ironsights.uasset" 976
"F:/CMP400 - Prof Proj/CMP400_Prof_Proj/Content/AnimStarterPack/Crouch_to_Stand_Rifle_Ironsights.uexp" 977
"F:/CMP400 - Prof Proj/CMP400_Prof_Proj/Content/AnimStarterPack/Crouch_to_Stand_Rifle_Hip.uasset" 978
"F:/CMP400 - Prof Proj/CMP400_Prof_Proj/Content/AnimStarterPack/Crouch_to_Stand_Rifle_Hip.uexp" 979
"F:/CMP400 - Prof Proj/CMP400_Prof_Proj/Content/AnimStarterPack/Aim_Space_Ironsights.uasset" 980
"F:/CMP400 - Prof Proj/CMP400_Prof_Proj/Content/AnimStarterPack/Aim_Space_Ironsights.uexp" 981
"F:/CMP400 - Prof Proj/CMP400_Prof_Proj/Content/AnimStarterPack/Aim_Space_Hip.uasset" 982
"F:/CMP400 - Prof Proj/CMP400_Prof_Proj/Content/AnimStarterPack/Aim_Space_Hip.uexp" 983
"../../../Engine/Content/EditorMaterials/Dataflow/DataflowVertexMaterial.uasset" 984
"../../../Engine/Content/EditorMaterials/Dataflow/DataflowVertexMaterial.uexp" 985
"F:/CMP400 - Prof Proj/CMP400_Prof_Proj/Content/ThirdPerson/Maps/ThirdPersonMap_BuiltData.ubulk" 986
"F:/CMP400 - Prof Proj/CMP400_Prof_Proj/Content/ThirdPerson/Maps/ThirdPersonMap_BuiltData.uasset" 987
"F:/CMP400 - Prof Proj/CMP400_Prof_Proj/Content/ThirdPerson/Maps/ThirdPersonMap_BuiltData.uexp" 988
"F:/CMP400 - Prof Proj/CMP400_Prof_Proj/Content/Models/SciFiDMR_fbm/Slide_Metallic.ubulk" 989
"F:/CMP400 - Prof Proj/CMP400_Prof_Proj/Content/Models/SciFiDMR_fbm/Slide_Metallic.uasset" 990
"F:/CMP400 - Prof Proj/CMP400_Prof_Proj/Content/Models/SciFiDMR_fbm/Slide_Metallic.uexp" 991
"F:/CMP400 - Prof Proj/CMP400_Prof_Proj/Content/Models/SciFiDMR_fbm/SlideCover_Roughness.ubulk" 992
"F:/CMP400 - Prof Proj/CMP400_Prof_Proj/Content/Models/SciFiDMR_fbm/SlideCover_Roughness.uasset" 993
"F:/CMP400 - Prof Proj/CMP400_Prof_Proj/Content/Models/SciFiDMR_fbm/SlideCover_Roughness.uexp" 994
"F:/CMP400 - Prof Proj/CMP400_Prof_Proj/Content/Models/SciFiDMR_fbm/SlideCover_Normal.ubulk" 995
"F:/CMP400 - Prof Proj/CMP400_Prof_Proj/Content/Models/SciFiDMR_fbm/SlideCover_Normal.uasset" 996
"F:/CMP400 - Prof Proj/CMP400_Prof_Proj/Content/Models/SciFiDMR_fbm/SlideCover_Normal.uexp" 997
"F:/CMP400 - Prof Proj/CMP400_Prof_Proj/Content/Models/SciFiDMR_fbm/SlideCover_Metallic.ubulk" 998
"F:/CMP400 - Prof Proj/CMP400_Prof_Proj/Content/Models/SciFiDMR_fbm/SlideCover_Metallic.uasset" 999
"F:/CMP400 - Prof Proj/CMP400_Prof_Proj/Content/Models/SciFiDMR_fbm/SlideCover_Metallic.uexp" 1000
"F:/CMP400 - Prof Proj/CMP400_Prof_Proj/Content/Models/SciFiDMR_fbm/SlideCover_BaseColor.ubulk" 1001
"F:/CMP400 - Prof Proj/CMP400_Prof_Proj/Content/Models/SciFiDMR_fbm/SlideCover_BaseColor.uasset" 1002
"F:/CMP400 - Prof Proj/CMP400_Prof_Proj/Content/Models/SciFiDMR_fbm/SlideCover_BaseColor.uexp" 1003
"F:/CMP400 - Prof Proj/CMP400_Prof_Proj/Content/Models/SciFiDMR_fbm/Ring_Metallic.ubulk" 1004
"F:/CMP400 - Prof Proj/CMP400_Prof_Proj/Content/Models/SciFiDMR_fbm/Ring_Metallic.uasset" 1005
"F:/CMP400 - Prof Proj/CMP400_Prof_Proj/Content/Models/SciFiDMR_fbm/Ring_Metallic.uexp" 1006
"F:/CMP400 - Prof Proj/CMP400_Prof_Proj/Content/Models/SciFiDMR_fbm/RifleBodyTop_Metallic.ubulk" 1007
"F:/CMP400 - Prof Proj/CMP400_Prof_Proj/Content/Models/SciFiDMR_fbm/RifleBodyTop_Metallic.uasset" 1008
"F:/CMP400 - Prof Proj/CMP400_Prof_Proj/Content/Models/SciFiDMR_fbm/RifleBodyTop_Metallic.uexp" 1009
"F:/CMP400 - Prof Proj/CMP400_Prof_Proj/Content/Models/SciFiDMR_fbm/RifleBodyBottom_Metallic.ubulk" 1010
"F:/CMP400 - Prof Proj/CMP400_Prof_Proj/Content/Models/SciFiDMR_fbm/RifleBodyBottom_Metallic.uasset" 1011
"F:/CMP400 - Prof Proj/CMP400_Prof_Proj/Content/Models/SciFiDMR_fbm/RifleBodyBottom_Metallic.uexp" 1012
"F:/CMP400 - Prof Proj/CMP400_Prof_Proj/Content/Models/SciFiDMR_fbm/Optic_Metallic.ubulk" 1013
"F:/CMP400 - Prof Proj/CMP400_Prof_Proj/Content/Models/SciFiDMR_fbm/Optic_Metallic.uasset" 1014
"F:/CMP400 - Prof Proj/CMP400_Prof_Proj/Content/Models/SciFiDMR_fbm/Optic_Metallic.uexp" 1015
"F:/CMP400 - Prof Proj/CMP400_Prof_Proj/Content/Models/SciFiDMR_fbm/OpticRest_Metallic.ubulk" 1016
"F:/CMP400 - Prof Proj/CMP400_Prof_Proj/Content/Models/SciFiDMR_fbm/OpticRest_Metallic.uasset" 1017
"F:/CMP400 - Prof Proj/CMP400_Prof_Proj/Content/Models/SciFiDMR_fbm/OpticRest_Metallic.uexp" 1018
"F:/CMP400 - Prof Proj/CMP400_Prof_Proj/Content/Models/SciFiDMR_fbm/OpticLensAlpha.ubulk" 1019
"F:/CMP400 - Prof Proj/CMP400_Prof_Proj/Content/Models/SciFiDMR_fbm/OpticLensAlpha.uasset" 1020
"F:/CMP400 - Prof Proj/CMP400_Prof_Proj/Content/Models/SciFiDMR_fbm/OpticLensAlpha.uexp" 1021
"F:/CMP400 - Prof Proj/CMP400_Prof_Proj/Content/Models/SciFiDMR_fbm/Magazine_Metallic.ubulk" 1022
"F:/CMP400 - Prof Proj/CMP400_Prof_Proj/Content/Models/SciFiDMR_fbm/Magazine_Metallic.uasset" 1023
"F:/CMP400 - Prof Proj/CMP400_Prof_Proj/Content/Models/SciFiDMR_fbm/Magazine_Metallic.uexp" 1024
"F:/CMP400 - Prof Proj/CMP400_Prof_Proj/Content/Models/SciFiDMR_fbm/InnerRing_Metallic.ubulk" 1025
"F:/CMP400 - Prof Proj/CMP400_Prof_Proj/Content/Models/SciFiDMR_fbm/InnerRing_Metallic.uasset" 1026
"F:/CMP400 - Prof Proj/CMP400_Prof_Proj/Content/Models/SciFiDMR_fbm/InnerRing_Metallic.uexp" 1027
"F:/CMP400 - Prof Proj/CMP400_Prof_Proj/Content/Models/SciFiDMR_fbm/Hinge_Metallic.ubulk" 1028
"F:/CMP400 - Prof Proj/CMP400_Prof_Proj/Content/Models/SciFiDMR_fbm/Hinge_Metallic.uasset" 1029
"F:/CMP400 - Prof Proj/CMP400_Prof_Proj/Content/Models/SciFiDMR_fbm/Hinge_Metallic.uexp" 1030
"F:/CMP400 - Prof Proj/CMP400_Prof_Proj/Content/Models/SciFiDMR_fbm/Handle_Metallic.ubulk" 1031
"F:/CMP400 - Prof Proj/CMP400_Prof_Proj/Content/Models/SciFiDMR_fbm/Handle_Metallic.uasset" 1032
"F:/CMP400 - Prof Proj/CMP400_Prof_Proj/Content/Models/SciFiDMR_fbm/Handle_Metallic.uexp" 1033
"F:/CMP400 - Prof Proj/CMP400_Prof_Proj/Content/Models/SciFiDMR_fbm/Handle_001_Metallic.ubulk" 1034
"F:/CMP400 - Prof Proj/CMP400_Prof_Proj/Content/Models/SciFiDMR_fbm/Handle_001_Metallic.uasset" 1035
"F:/CMP400 - Prof Proj/CMP400_Prof_Proj/Content/Models/SciFiDMR_fbm/Handle_001_Metallic.uexp" 1036
"F:/CMP400 - Prof Proj/CMP400_Prof_Proj/Content/LevelPrototyping/Textures/T_GridChecker_A.ubulk" 1037
"F:/CMP400 - Prof Proj/CMP400_Prof_Proj/Content/LevelPrototyping/Textures/T_GridChecker_A.uasset" 1038
"F:/CMP400 - Prof Proj/CMP400_Prof_Proj/Content/LevelPrototyping/Textures/T_GridChecker_A.uexp" 1039
"../../../Engine/Content/Functions/Engine_MaterialFunctions01/Gradient/LinearGradient.uasset" 1040
"../../../Engine/Content/Functions/Engine_MaterialFunctions01/Gradient/LinearGradient.uexp" 1041
"../../../Engine/Content/Functions/Engine_MaterialFunctions01/ImageAdjustment/CheapContrast.uasset" 1042
"../../../Engine/Content/Functions/Engine_MaterialFunctions01/ImageAdjustment/CheapContrast.uexp" 1043
"F:/CMP400 - Prof Proj/CMP400_Prof_Proj/Content/LevelPrototyping/Materials/MF_ProcGrid.uasset" 1044
"F:/CMP400 - Prof Proj/CMP400_Prof_Proj/Content/LevelPrototyping/Materials/MF_ProcGrid.uexp" 1045
"F:/CMP400 - Prof Proj/CMP400_Prof_Proj/Content/LevelPrototyping/Materials/M_PrototypeGrid.uasset" 1046
"F:/CMP400 - Prof Proj/CMP400_Prof_Proj/Content/LevelPrototyping/Materials/M_PrototypeGrid.uexp" 1047
"F:/CMP400 - Prof Proj/CMP400_Prof_Proj/Content/LevelPrototyping/Materials/MI_PrototypeGrid_Gray.uasset" 1048
"F:/CMP400 - Prof Proj/CMP400_Prof_Proj/Content/LevelPrototyping/Materials/MI_PrototypeGrid_Gray.uexp" 1049
"F:/CMP400 - Prof Proj/CMP400_Prof_Proj/Content/LevelPrototyping/Meshes/SM_Cylinder.ubulk" 1050
"F:/CMP400 - Prof Proj/CMP400_Prof_Proj/Content/LevelPrototyping/Meshes/SM_Cylinder.uasset" 1051
"F:/CMP400 - Prof Proj/CMP400_Prof_Proj/Content/LevelPrototyping/Meshes/SM_Cylinder.uexp" 1052
"F:/CMP400 - Prof Proj/CMP400_Prof_Proj/Content/LevelPrototyping/Materials/MI_PrototypeGrid_Gray_02.uasset" 1053
"F:/CMP400 - Prof Proj/CMP400_Prof_Proj/Content/LevelPrototyping/Materials/MI_PrototypeGrid_Gray_02.uexp" 1054
"F:/CMP400 - Prof Proj/CMP400_Prof_Proj/Content/Hangar/Textures/T_tile_road_R.ubulk" 1055
"F:/CMP400 - Prof Proj/CMP400_Prof_Proj/Content/Hangar/Textures/T_tile_road_R.uasset" 1056
"F:/CMP400 - Prof Proj/CMP400_Prof_Proj/Content/Hangar/Textures/T_tile_road_R.uexp" 1057
"F:/CMP400 - Prof Proj/CMP400_Prof_Proj/Content/Hangar/Textures/T_tile_road_N.ubulk" 1058
"F:/CMP400 - Prof Proj/CMP400_Prof_Proj/Content/Hangar/Textures/T_tile_road_N.uasset" 1059
"F:/CMP400 - Prof Proj/CMP400_Prof_Proj/Content/Hangar/Textures/T_tile_road_N.uexp" 1060
"F:/CMP400 - Prof Proj/CMP400_Prof_Proj/Content/Hangar/Textures/T_tile_road_AO.ubulk" 1061
"F:/CMP400 - Prof Proj/CMP400_Prof_Proj/Content/Hangar/Textures/T_tile_road_AO.uasset" 1062
"F:/CMP400 - Prof Proj/CMP400_Prof_Proj/Content/Hangar/Textures/T_tile_road_AO.uexp" 1063
"F:/CMP400 - Prof Proj/CMP400_Prof_Proj/Content/Hangar/Textures/T_tile_floor_R_03.ubulk" 1064
"F:/CMP400 - Prof Proj/CMP400_Prof_Proj/Content/Hangar/Textures/T_tile_floor_R_03.uasset" 1065
"F:/CMP400 - Prof Proj/CMP400_Prof_Proj/Content/Hangar/Textures/T_tile_floor_R_03.uexp" 1066
"F:/CMP400 - Prof Proj/CMP400_Prof_Proj/Content/Hangar/Textures/T_tile_floor_R_02.ubulk" 1067
"F:/CMP400 - Prof Proj/CMP400_Prof_Proj/Content/Hangar/Textures/T_tile_floor_R_02.uasset" 1068
"F:/CMP400 - Prof Proj/CMP400_Prof_Proj/Content/Hangar/Textures/T_tile_floor_R_02.uexp" 1069
"F:/CMP400 - Prof Proj/CMP400_Prof_Proj/Content/Hangar/Textures/T_tile_floor_N_03.ubulk" 1070
"F:/CMP400 - Prof Proj/CMP400_Prof_Proj/Content/Hangar/Textures/T_tile_floor_N_03.uasset" 1071
"F:/CMP400 - Prof Proj/CMP400_Prof_Proj/Content/Hangar/Textures/T_tile_floor_N_03.uexp" 1072
"F:/CMP400 - Prof Proj/CMP400_Prof_Proj/Content/Hangar/Textures/T_tile_floor_N_02.ubulk" 1073
"F:/CMP400 - Prof Proj/CMP400_Prof_Proj/Content/Hangar/Textures/T_tile_floor_N_02.uasset" 1074
"F:/CMP400 - Prof Proj/CMP400_Prof_Proj/Content/Hangar/Textures/T_tile_floor_N_02.uexp" 1075
"F:/CMP400 - Prof Proj/CMP400_Prof_Proj/Content/Hangar/Textures/T_tile_floor_D_03.ubulk" 1076
"F:/CMP400 - Prof Proj/CMP400_Prof_Proj/Content/Hangar/Textures/T_tile_floor_D_03.uasset" 1077
"F:/CMP400 - Prof Proj/CMP400_Prof_Proj/Content/Hangar/Textures/T_tile_floor_D_03.uexp" 1078
"F:/CMP400 - Prof Proj/CMP400_Prof_Proj/Content/Hangar/Textures/T_tile_floor_D_02.ubulk" 1079
"F:/CMP400 - Prof Proj/CMP400_Prof_Proj/Content/Hangar/Textures/T_tile_floor_D_02.uasset" 1080
"F:/CMP400 - Prof Proj/CMP400_Prof_Proj/Content/Hangar/Textures/T_tile_floor_D_02.uexp" 1081
"F:/CMP400 - Prof Proj/CMP400_Prof_Proj/Content/Hangar/Textures/T_tile_floor_AO_04.ubulk" 1082
"F:/CMP400 - Prof Proj/CMP400_Prof_Proj/Content/Hangar/Textures/T_tile_floor_AO_04.uasset" 1083
"F:/CMP400 - Prof Proj/CMP400_Prof_Proj/Content/Hangar/Textures/T_tile_floor_AO_04.uexp" 1084
"F:/CMP400 - Prof Proj/CMP400_Prof_Proj/Content/Hangar/Textures/T_tile_floor_AO_03.ubulk" 1085
"F:/CMP400 - Prof Proj/CMP400_Prof_Proj/Content/Hangar/Textures/T_tile_floor_AO_03.uasset" 1086
"F:/CMP400 - Prof Proj/CMP400_Prof_Proj/Content/Hangar/Textures/T_tile_floor_AO_03.uexp" 1087
"F:/CMP400 - Prof Proj/CMP400_Prof_Proj/Content/Hangar/Textures/T_tile_floor_AO_02.ubulk" 1088
"F:/CMP400 - Prof Proj/CMP400_Prof_Proj/Content/Hangar/Textures/T_tile_floor_AO_02.uasset" 1089
"F:/CMP400 - Prof Proj/CMP400_Prof_Proj/Content/Hangar/Textures/T_tile_floor_AO_02.uexp" 1090
"F:/CMP400 - Prof Proj/CMP400_Prof_Proj/Content/Hangar/Textures/T_tile_concrete_R.ubulk" 1091
"F:/CMP400 - Prof Proj/CMP400_Prof_Proj/Content/Hangar/Textures/T_tile_concrete_R.uasset" 1092
"F:/CMP400 - Prof Proj/CMP400_Prof_Proj/Content/Hangar/Textures/T_tile_concrete_R.uexp" 1093
"F:/CMP400 - Prof Proj/CMP400_Prof_Proj/Content/Hangar/Textures/T_tile_concrete_plate_R_01.ubulk" 1094
"F:/CMP400 - Prof Proj/CMP400_Prof_Proj/Content/Hangar/Textures/T_tile_concrete_plate_R_01.uasset" 1095
"F:/CMP400 - Prof Proj/CMP400_Prof_Proj/Content/Hangar/Textures/T_tile_concrete_plate_R_01.uexp" 1096
"F:/CMP400 - Prof Proj/CMP400_Prof_Proj/Content/Hangar/Textures/T_tile_concrete_plate_N_01.ubulk" 1097
"F:/CMP400 - Prof Proj/CMP400_Prof_Proj/Content/Hangar/Textures/T_tile_concrete_plate_N_01.uasset" 1098
"F:/CMP400 - Prof Proj/CMP400_Prof_Proj/Content/Hangar/Textures/T_tile_concrete_plate_N_01.uexp" 1099
"F:/CMP400 - Prof Proj/CMP400_Prof_Proj/Content/Hangar/Textures/T_tile_concrete_plate_D_01.ubulk" 1100
"F:/CMP400 - Prof Proj/CMP400_Prof_Proj/Content/Hangar/Textures/T_tile_concrete_plate_D_01.uasset" 1101
"F:/CMP400 - Prof Proj/CMP400_Prof_Proj/Content/Hangar/Textures/T_tile_concrete_plate_D_01.uexp" 1102
"F:/CMP400 - Prof Proj/CMP400_Prof_Proj/Content/Hangar/Textures/T_tile_concrete_plate_AO_01.ubulk" 1103
"F:/CMP400 - Prof Proj/CMP400_Prof_Proj/Content/Hangar/Textures/T_tile_concrete_plate_AO_01.uasset" 1104
"F:/CMP400 - Prof Proj/CMP400_Prof_Proj/Content/Hangar/Textures/T_tile_concrete_plate_AO_01.uexp" 1105
"F:/CMP400 - Prof Proj/CMP400_Prof_Proj/Content/Hangar/Textures/T_Ter_sand_01_D.ubulk" 1106
"F:/CMP400 - Prof Proj/CMP400_Prof_Proj/Content/Hangar/Textures/T_Ter_sand_01_D.uasset" 1107
"F:/CMP400 - Prof Proj/CMP400_Prof_Proj/Content/Hangar/Textures/T_Ter_sand_01_D.uexp" 1108
"F:/CMP400 - Prof Proj/CMP400_Prof_Proj/Content/Hangar/Textures/T_tank_container_floor_O.uasset" 1109
"F:/CMP400 - Prof Proj/CMP400_Prof_Proj/Content/Hangar/Textures/T_tank_container_floor_O.uexp" 1110
"F:/CMP400 - Prof Proj/CMP400_Prof_Proj/Content/Hangar/Textures/T_metal_tile_white_R.ubulk" 1111
"F:/CMP400 - Prof Proj/CMP400_Prof_Proj/Content/Hangar/Textures/T_metal_tile_white_R.uasset" 1112
"F:/CMP400 - Prof Proj/CMP400_Prof_Proj/Content/Hangar/Textures/T_metal_tile_white_R.uexp" 1113
"F:/CMP400 - Prof Proj/CMP400_Prof_Proj/Content/Hangar/Textures/T_metal_tile_white_N.ubulk" 1114
"F:/CMP400 - Prof Proj/CMP400_Prof_Proj/Content/Hangar/Textures/T_metal_tile_white_N.uasset" 1115
"F:/CMP400 - Prof Proj/CMP400_Prof_Proj/Content/Hangar/Textures/T_metal_tile_white_N.uexp" 1116
"F:/CMP400 - Prof Proj/CMP400_Prof_Proj/Content/Hangar/Textures/T_metal_tile_white_D.ubulk" 1117
"F:/CMP400 - Prof Proj/CMP400_Prof_Proj/Content/Hangar/Textures/T_metal_tile_white_D.uasset" 1118
"F:/CMP400 - Prof Proj/CMP400_Prof_Proj/Content/Hangar/Textures/T_metal_tile_white_D.uexp" 1119
"F:/CMP400 - Prof Proj/CMP400_Prof_Proj/Content/Hangar/Textures/T_metal_tile_white_AO.ubulk" 1120
"F:/CMP400 - Prof Proj/CMP400_Prof_Proj/Content/Hangar/Textures/T_metal_tile_white_AO.uasset" 1121
"F:/CMP400 - Prof Proj/CMP400_Prof_Proj/Content/Hangar/Textures/T_metal_tile_white_AO.uexp" 1122
"F:/CMP400 - Prof Proj/CMP400_Prof_Proj/Content/Hangar/Textures/T_metal_R_02.uasset" 1123
"F:/CMP400 - Prof Proj/CMP400_Prof_Proj/Content/Hangar/Textures/T_metal_R_02.uexp" 1124
"F:/CMP400 - Prof Proj/CMP400_Prof_Proj/Content/Hangar/Textures/T_metal_N_02.uasset" 1125
"F:/CMP400 - Prof Proj/CMP400_Prof_Proj/Content/Hangar/Textures/T_metal_N_02.uexp" 1126
"F:/CMP400 - Prof Proj/CMP400_Prof_Proj/Content/Hangar/Textures/T_metal_AO_02.uasset" 1127
"F:/CMP400 - Prof Proj/CMP400_Prof_Proj/Content/Hangar/Textures/T_metal_AO_02.uexp" 1128
"F:/CMP400 - Prof Proj/CMP400_Prof_Proj/Content/Hangar/Textures/T_ContainetDecals_BC.ubulk" 1129
"F:/CMP400 - Prof Proj/CMP400_Prof_Proj/Content/Hangar/Textures/T_ContainetDecals_BC.uasset" 1130
"F:/CMP400 - Prof Proj/CMP400_Prof_Proj/Content/Hangar/Textures/T_ContainetDecals_BC.uexp" 1131
"F:/CMP400 - Prof Proj/CMP400_Prof_Proj/Content/Hangar/Textures/T_BDoors_AO.ubulk" 1132
"F:/CMP400 - Prof Proj/CMP400_Prof_Proj/Content/Hangar/Textures/T_BDoors_AO.uasset" 1133
"F:/CMP400 - Prof Proj/CMP400_Prof_Proj/Content/Hangar/Textures/T_BDoors_AO.uexp" 1134
"F:/CMP400 - Prof Proj/CMP400_Prof_Proj/Content/Hangar/Textures/T_tile_floor_N_04.ubulk" 1135
"F:/CMP400 - Prof Proj/CMP400_Prof_Proj/Content/Hangar/Textures/T_tile_floor_N_04.uasset" 1136
"F:/CMP400 - Prof Proj/CMP400_Prof_Proj/Content/Hangar/Textures/T_tile_floor_N_04.uexp" 1137
"F:/CMP400 - Prof Proj/CMP400_Prof_Proj/Content/Hangar/Textures/T_BrickRed_AO.ubulk" 1138
"F:/CMP400 - Prof Proj/CMP400_Prof_Proj/Content/Hangar/Textures/T_BrickRed_AO.uasset" 1139
"F:/CMP400 - Prof Proj/CMP400_Prof_Proj/Content/Hangar/Textures/T_BrickRed_AO.uexp" 1140
"../../../Engine/Content/Functions/Engine_MaterialFunctions01/Texturing/DetailTexturing.uasset" 1141
"../../../Engine/Content/Functions/Engine_MaterialFunctions01/Texturing/DetailTexturing.uexp" 1142
"F:/CMP400 - Prof Proj/CMP400_Prof_Proj/Content/Hangar/Textures/T_BrickRed_R.ubulk" 1143
"F:/CMP400 - Prof Proj/CMP400_Prof_Proj/Content/Hangar/Textures/T_BrickRed_R.uasset" 1144
"F:/CMP400 - Prof Proj/CMP400_Prof_Proj/Content/Hangar/Textures/T_BrickRed_R.uexp" 1145
"F:/CMP400 - Prof Proj/CMP400_Prof_Proj/Content/Hangar/Textures/T_tile_floor_D_04.ubulk" 1146
"F:/CMP400 - Prof Proj/CMP400_Prof_Proj/Content/Hangar/Textures/T_tile_floor_D_04.uasset" 1147
"F:/CMP400 - Prof Proj/CMP400_Prof_Proj/Content/Hangar/Textures/T_tile_floor_D_04.uexp" 1148
"F:/CMP400 - Prof Proj/CMP400_Prof_Proj/Content/Hangar/Textures/T_BrickRed_BC.ubulk" 1149
"F:/CMP400 - Prof Proj/CMP400_Prof_Proj/Content/Hangar/Textures/T_BrickRed_BC.uasset" 1150
"F:/CMP400 - Prof Proj/CMP400_Prof_Proj/Content/Hangar/Textures/T_BrickRed_BC.uexp" 1151
"F:/CMP400 - Prof Proj/CMP400_Prof_Proj/Content/Hangar/Textures/T_BrickPaintedRed_N.ubulk" 1152
"F:/CMP400 - Prof Proj/CMP400_Prof_Proj/Content/Hangar/Textures/T_BrickPaintedRed_N.uasset" 1153
"F:/CMP400 - Prof Proj/CMP400_Prof_Proj/Content/Hangar/Textures/T_BrickPaintedRed_N.uexp" 1154
"F:/CMP400 - Prof Proj/CMP400_Prof_Proj/Content/Hangar/Materials/M_Brick_tile_painted_red.uasset" 1155
"F:/CMP400 - Prof Proj/CMP400_Prof_Proj/Content/Hangar/Materials/M_Brick_tile_painted_red.uexp" 1156
"F:/CMP400 - Prof Proj/CMP400_Prof_Proj/Content/Hangar/HDRI/HDRI_Epic_Courtyard_Daylight.uasset" 1157
"F:/CMP400 - Prof Proj/CMP400_Prof_Proj/Content/Hangar/HDRI/HDRI_Epic_Courtyard_Daylight.uexp" 1158
"F:/CMP400 - Prof Proj/CMP400_Prof_Proj/Content/FPWeapon/Mesh/SK_FPGun_PhysicsAsset.uasset" 1159
"F:/CMP400 - Prof Proj/CMP400_Prof_Proj/Content/FPWeapon/Mesh/SK_FPGun_PhysicsAsset.uexp" 1160
"../../../Engine/Plugins/Interchange/Runtime/Content/gltf/MaterialFunctions/MF_RotateV2.uasset" 1161
"../../../Engine/Plugins/Interchange/Runtime/Content/gltf/MaterialFunctions/MF_RotateV2.uexp" 1162
"../../../Engine/Plugins/Interchange/Runtime/Content/gltf/MaterialFunctions/MF_TransformUVs.uasset" 1163
"../../../Engine/Plugins/Interchange/Runtime/Content/gltf/MaterialFunctions/MF_TransformUVs.uexp" 1164
"../../../Engine/Plugins/Interchange/Runtime/Content/gltf/Textures/T_White_srgb.uasset" 1165
"../../../Engine/Plugins/Interchange/Runtime/Content/gltf/Textures/T_White_srgb.uexp" 1166
"../../../Engine/Plugins/Interchange/Runtime/Content/gltf/MaterialFunctions/MF_BaseColor.uasset" 1167
"../../../Engine/Plugins/Interchange/Runtime/Content/gltf/MaterialFunctions/MF_BaseColor.uexp" 1168
"../../../Engine/Plugins/Interchange/Runtime/Content/gltf/MaterialBodies/MF_Unlit_Body.uasset" 1169
"../../../Engine/Plugins/Interchange/Runtime/Content/gltf/MaterialBodies/MF_Unlit_Body.uexp" 1170
"../../../Engine/Plugins/Interchange/Runtime/Content/gltf/M_Unlit.uasset" 1171
"../../../Engine/Plugins/Interchange/Runtime/Content/gltf/M_Unlit.uexp" 1172
"../../../Engine/Plugins/Interchange/Runtime/Content/gltf/MaterialInstances/MI_Unlit_Opaque_DS.uasset" 1173
"../../../Engine/Plugins/Interchange/Runtime/Content/gltf/MaterialInstances/MI_Unlit_Opaque_DS.uexp" 1174
"../../../Engine/Plugins/Interchange/Runtime/Content/gltf/MaterialInstances/MI_Unlit_Opaque.uasset" 1175
"../../../Engine/Plugins/Interchange/Runtime/Content/gltf/MaterialInstances/MI_Unlit_Opaque.uexp" 1176
"../../../Engine/Plugins/Interchange/Runtime/Content/gltf/MaterialInstances/MI_Unlit_Mask_DS.uasset" 1177
"../../../Engine/Plugins/Interchange/Runtime/Content/gltf/MaterialInstances/MI_Unlit_Mask_DS.uexp" 1178
"../../../Engine/Plugins/Interchange/Runtime/Content/gltf/MaterialInstances/MI_Unlit_Mask.uasset" 1179
"../../../Engine/Plugins/Interchange/Runtime/Content/gltf/MaterialInstances/MI_Unlit_Mask.uexp" 1180
"../../../Engine/Plugins/Interchange/Runtime/Content/gltf/MaterialInstances/MI_Unlit_Blend_DS.uasset" 1181
"../../../Engine/Plugins/Interchange/Runtime/Content/gltf/MaterialInstances/MI_Unlit_Blend_DS.uexp" 1182
"../../../Engine/Plugins/Interchange/Runtime/Content/gltf/MaterialInstances/MI_Unlit_Blend.uasset" 1183
"../../../Engine/Plugins/Interchange/Runtime/Content/gltf/MaterialInstances/MI_Unlit_Blend.uexp" 1184
"../../../Engine/Plugins/Interchange/Runtime/Content/gltf/MaterialFunctions/MF_Iridescence.uasset" 1185
"../../../Engine/Plugins/Interchange/Runtime/Content/gltf/MaterialFunctions/MF_Iridescence.uexp" 1186
"../../../Engine/Plugins/Interchange/Runtime/Content/gltf/Textures/T_White_Linear.uasset" 1187
"../../../Engine/Plugins/Interchange/Runtime/Content/gltf/Textures/T_White_Linear.uexp" 1188
"../../../Engine/Plugins/Interchange/Runtime/Content/gltf/MaterialFunctions/MF_MetallicRoughness.uasset" 1189
"../../../Engine/Plugins/Interchange/Runtime/Content/gltf/MaterialFunctions/MF_MetallicRoughness.uexp" 1190
"../../../Engine/Plugins/Interchange/Runtime/Content/gltf/MaterialFunctions/MF_Transmission.uasset" 1191
"../../../Engine/Plugins/Interchange/Runtime/Content/gltf/MaterialFunctions/MF_Transmission.uexp" 1192
"../../../Engine/Plugins/Interchange/Runtime/Content/gltf/MaterialFunctions/MF_Occlusion.uasset" 1193
"../../../Engine/Plugins/Interchange/Runtime/Content/gltf/MaterialFunctions/MF_Occlusion.uexp" 1194
"../../../Engine/Plugins/Interchange/Runtime/Content/gltf/MaterialFunctions/MF_Specular.uasset" 1195
"../../../Engine/Plugins/Interchange/Runtime/Content/gltf/MaterialFunctions/MF_Specular.uexp" 1196
"../../../Engine/Plugins/Interchange/Runtime/Content/gltf/MaterialFunctions/MF_IOR.uasset" 1197
"../../../Engine/Plugins/Interchange/Runtime/Content/gltf/MaterialFunctions/MF_IOR.uexp" 1198
"../../../Engine/Plugins/Interchange/Runtime/Content/gltf/MaterialFunctions/MF_RotateNormals_TS.uasset" 1199
"../../../Engine/Plugins/Interchange/Runtime/Content/gltf/MaterialFunctions/MF_RotateNormals_TS.uexp" 1200
"../../../Engine/Plugins/Interchange/Runtime/Content/gltf/Textures/T_Generic_N.uasset" 1201
"../../../Engine/Plugins/Interchange/Runtime/Content/gltf/Textures/T_Generic_N.uexp" 1202
"../../../Engine/Plugins/Interchange/Runtime/Content/gltf/MaterialFunctions/MF_Normals.uasset" 1203
"../../../Engine/Plugins/Interchange/Runtime/Content/gltf/MaterialFunctions/MF_Normals.uexp" 1204
"../../../Engine/Plugins/Interchange/Runtime/Content/gltf/MaterialBodies/MF_Transmission_Body.uasset" 1205
"../../../Engine/Plugins/Interchange/Runtime/Content/gltf/MaterialBodies/MF_Transmission_Body.uexp" 1206
"../../../Engine/Plugins/Interchange/Runtime/Content/gltf/M_Transmission.uasset" 1207
"../../../Engine/Plugins/Interchange/Runtime/Content/gltf/M_Transmission.uexp" 1208
"../../../Engine/Plugins/Interchange/Runtime/Content/gltf/MaterialInstances/MI_Transmission_DS.uasset" 1209
"../../../Engine/Plugins/Interchange/Runtime/Content/gltf/MaterialInstances/MI_Transmission_DS.uexp" 1210
"../../../Engine/Plugins/Interchange/Runtime/Content/gltf/MaterialInstances/MI_Transmission.uasset" 1211
"../../../Engine/Plugins/Interchange/Runtime/Content/gltf/MaterialInstances/MI_Transmission.uexp" 1212
"../../../Engine/Plugins/Interchange/Runtime/Content/gltf/MaterialFunctions/MF_DiffuseSpecGloss.uasset" 1213
"../../../Engine/Plugins/Interchange/Runtime/Content/gltf/MaterialFunctions/MF_DiffuseSpecGloss.uexp" 1214
"../../../Engine/Content/Functions/Engine_MaterialFunctions02/Math/AddComponents.uasset" 1215
"../../../Engine/Content/Functions/Engine_MaterialFunctions02/Math/AddComponents.uexp" 1216
"../../../Engine/Plugins/Interchange/Runtime/Content/gltf/MaterialFunctions/MF_PerceivedBrightness.uasset" 1217
"../../../Engine/Plugins/Interchange/Runtime/Content/gltf/MaterialFunctions/MF_PerceivedBrightness.uexp" 1218
"../../../Engine/Plugins/Interchange/Runtime/Content/gltf/MaterialFunctions/MF_Emissive.uasset" 1219
"../../../Engine/Plugins/Interchange/Runtime/Content/gltf/MaterialFunctions/MF_Emissive.uexp" 1220
"../../../Engine/Plugins/Interchange/Runtime/Content/gltf/MaterialFunctions/MF_SpecGlossToMetalRoughness.uasset" 1221
"../../../Engine/Plugins/Interchange/Runtime/Content/gltf/MaterialFunctions/MF_SpecGlossToMetalRoughness.uexp" 1222
"../../../Engine/Plugins/Interchange/Runtime/Content/gltf/MaterialBodies/MF_SpecularGlossiness_Body.uasset" 1223
"../../../Engine/Plugins/Interchange/Runtime/Content/gltf/MaterialBodies/MF_SpecularGlossiness_Body.uexp" 1224
"../../../Engine/Plugins/Interchange/Runtime/Content/gltf/M_SpecularGlossiness.uasset" 1225
"../../../Engine/Plugins/Interchange/Runtime/Content/gltf/M_SpecularGlossiness.uexp" 1226
"../../../Engine/Plugins/Interchange/Runtime/Content/gltf/MaterialInstances/MI_SpecularGlossiness_Opaque_DS.uasset" 1227
"../../../Engine/Plugins/Interchange/Runtime/Content/gltf/MaterialInstances/MI_SpecularGlossiness_Opaque_DS.uexp" 1228
"../../../Engine/Plugins/Interchange/Runtime/Content/gltf/MaterialInstances/MI_SpecularGlossiness_Opaque.uasset" 1229
"../../../Engine/Plugins/Interchange/Runtime/Content/gltf/MaterialInstances/MI_SpecularGlossiness_Opaque.uexp" 1230
"../../../Engine/Plugins/Interchange/Runtime/Content/gltf/MaterialInstances/MI_SpecularGlossiness_Mask_DS.uasset" 1231
"../../../Engine/Plugins/Interchange/Runtime/Content/gltf/MaterialInstances/MI_SpecularGlossiness_Mask_DS.uexp" 1232
"../../../Engine/Plugins/Interchange/Runtime/Content/gltf/MaterialInstances/MI_SpecularGlossiness_Mask.uasset" 1233
"../../../Engine/Plugins/Interchange/Runtime/Content/gltf/MaterialInstances/MI_SpecularGlossiness_Mask.uexp" 1234
"../../../Engine/Plugins/Interchange/Runtime/Content/gltf/MaterialInstances/MI_SpecularGlossiness_Blend_DS.uasset" 1235
"../../../Engine/Plugins/Interchange/Runtime/Content/gltf/MaterialInstances/MI_SpecularGlossiness_Blend_DS.uexp" 1236
"../../../Engine/Plugins/Interchange/Runtime/Content/gltf/MaterialInstances/MI_SpecularGlossiness_Blend.uasset" 1237
"../../../Engine/Plugins/Interchange/Runtime/Content/gltf/MaterialInstances/MI_SpecularGlossiness_Blend.uexp" 1238
"../../../Engine/Plugins/Interchange/Runtime/Content/gltf/MaterialFunctions/MF_Sheen.uasset" 1239
"../../../Engine/Plugins/Interchange/Runtime/Content/gltf/MaterialFunctions/MF_Sheen.uexp" 1240
"../../../Engine/Plugins/Interchange/Runtime/Content/gltf/MaterialBodies/MF_Sheen_Body.uasset" 1241
"../../../Engine/Plugins/Interchange/Runtime/Content/gltf/MaterialBodies/MF_Sheen_Body.uexp" 1242
"../../../Engine/Plugins/Interchange/Runtime/Content/gltf/M_Sheen.uasset" 1243
"../../../Engine/Plugins/Interchange/Runtime/Content/gltf/M_Sheen.uexp" 1244
"../../../Engine/Plugins/Interchange/Runtime/Content/gltf/MaterialInstances/MI_Sheen_Opaque_DS.uasset" 1245
"../../../Engine/Plugins/Interchange/Runtime/Content/gltf/MaterialInstances/MI_Sheen_Opaque_DS.uexp" 1246
"../../../Engine/Plugins/Interchange/Runtime/Content/gltf/MaterialInstances/MI_Sheen_Opaque.uasset" 1247
"../../../Engine/Plugins/Interchange/Runtime/Content/gltf/MaterialInstances/MI_Sheen_Opaque.uexp" 1248
"../../../Engine/Plugins/Interchange/Runtime/Content/gltf/MaterialInstances/MI_Sheen_Mask_DS.uasset" 1249
"../../../Engine/Plugins/Interchange/Runtime/Content/gltf/MaterialInstances/MI_Sheen_Mask_DS.uexp" 1250
"../../../Engine/Plugins/Interchange/Runtime/Content/gltf/MaterialInstances/MI_Sheen_Mask.uasset" 1251
"../../../Engine/Plugins/Interchange/Runtime/Content/gltf/MaterialInstances/MI_Sheen_Mask.uexp" 1252
"../../../Engine/Plugins/Interchange/Runtime/Content/gltf/MaterialInstances/MI_Sheen_Blend_DS.uasset" 1253
"../../../Engine/Plugins/Interchange/Runtime/Content/gltf/MaterialInstances/MI_Sheen_Blend_DS.uexp" 1254
"../../../Engine/Plugins/Interchange/Runtime/Content/gltf/MaterialInstances/MI_Sheen_Blend.uasset" 1255
"../../../Engine/Plugins/Interchange/Runtime/Content/gltf/MaterialInstances/MI_Sheen_Blend.uexp" 1256
"../../../Engine/Plugins/Interchange/Runtime/Content/gltf/MaterialBodies/MF_Default_Body.uasset" 1257
"../../../Engine/Plugins/Interchange/Runtime/Content/gltf/MaterialBodies/MF_Default_Body.uexp" 1258
"../../../Engine/Plugins/Interchange/Runtime/Content/gltf/M_Default.uasset" 1259
"../../../Engine/Plugins/Interchange/Runtime/Content/gltf/M_Default.uexp" 1260
"../../../Engine/Plugins/Interchange/Runtime/Content/gltf/MaterialInstances/MI_Default_Opaque_DS.uasset" 1261
"../../../Engine/Plugins/Interchange/Runtime/Content/gltf/MaterialInstances/MI_Default_Opaque_DS.uexp" 1262
"../../../Engine/Plugins/Interchange/Runtime/Content/gltf/MaterialInstances/MI_Default_Opaque.uasset" 1263
"../../../Engine/Plugins/Interchange/Runtime/Content/gltf/MaterialInstances/MI_Default_Opaque.uexp" 1264
"../../../Engine/Plugins/Interchange/Runtime/Content/gltf/MaterialInstances/MI_Default_Mask_DS.uasset" 1265
"../../../Engine/Plugins/Interchange/Runtime/Content/gltf/MaterialInstances/MI_Default_Mask_DS.uexp" 1266
"../../../Engine/Plugins/Interchange/Runtime/Content/gltf/MaterialInstances/MI_Default_Mask.uasset" 1267
"../../../Engine/Plugins/Interchange/Runtime/Content/gltf/MaterialInstances/MI_Default_Mask.uexp" 1268
"../../../Engine/Plugins/Interchange/Runtime/Content/gltf/MaterialInstances/MI_Default_Blend_DS.uasset" 1269
"../../../Engine/Plugins/Interchange/Runtime/Content/gltf/MaterialInstances/MI_Default_Blend_DS.uexp" 1270
"../../../Engine/Plugins/Interchange/Runtime/Content/gltf/MaterialInstances/MI_Default_Blend.uasset" 1271
"../../../Engine/Plugins/Interchange/Runtime/Content/gltf/MaterialInstances/MI_Default_Blend.uexp" 1272
"../../../Engine/Content/Functions/Engine_MaterialFunctions01/Texturing/FlattenNormal.uasset" 1273
"../../../Engine/Content/Functions/Engine_MaterialFunctions01/Texturing/FlattenNormal.uexp" 1274
"../../../Engine/Plugins/Interchange/Runtime/Content/gltf/MaterialFunctions/MF_Clearcoat.uasset" 1275
"../../../Engine/Plugins/Interchange/Runtime/Content/gltf/MaterialFunctions/MF_Clearcoat.uexp" 1276
"../../../Engine/Plugins/Interchange/Runtime/Content/gltf/MaterialBodies/MF_ClearCoat_Body.uasset" 1277
"../../../Engine/Plugins/Interchange/Runtime/Content/gltf/MaterialBodies/MF_ClearCoat_Body.uexp" 1278
"../../../Engine/Plugins/Interchange/Runtime/Content/gltf/M_ClearCoat.uasset" 1279
"../../../Engine/Plugins/Interchange/Runtime/Content/gltf/M_ClearCoat.uexp" 1280
"../../../Engine/Plugins/Interchange/Runtime/Content/gltf/MaterialInstances/MI_ClearCoat_Opaque_DS.uasset" 1281
"../../../Engine/Plugins/Interchange/Runtime/Content/gltf/MaterialInstances/MI_ClearCoat_Opaque_DS.uexp" 1282
"../../../Engine/Plugins/Interchange/Runtime/Content/gltf/MaterialInstances/MI_ClearCoat_Opaque.uasset" 1283
"../../../Engine/Plugins/Interchange/Runtime/Content/gltf/MaterialInstances/MI_ClearCoat_Opaque.uexp" 1284
"../../../Engine/Plugins/Interchange/Runtime/Content/gltf/MaterialInstances/MI_ClearCoat_Mask_DS.uasset" 1285
"../../../Engine/Plugins/Interchange/Runtime/Content/gltf/MaterialInstances/MI_ClearCoat_Mask_DS.uexp" 1286
"../../../Engine/Plugins/Interchange/Runtime/Content/gltf/MaterialInstances/MI_ClearCoat_Mask.uasset" 1287
"../../../Engine/Plugins/Interchange/Runtime/Content/gltf/MaterialInstances/MI_ClearCoat_Mask.uexp" 1288
"../../../Engine/Plugins/Interchange/Runtime/Content/gltf/MaterialInstances/MI_ClearCoat_Blend_DS.uasset" 1289
"../../../Engine/Plugins/Interchange/Runtime/Content/gltf/MaterialInstances/MI_ClearCoat_Blend_DS.uexp" 1290
"../../../Engine/Plugins/Interchange/Runtime/Content/gltf/MaterialInstances/MI_ClearCoat_Blend.uasset" 1291
"../../../Engine/Plugins/Interchange/Runtime/Content/gltf/MaterialInstances/MI_ClearCoat_Blend.uexp" 1292
"../../../Engine/Content/EngineSky/VolumetricClouds/CloudWeatherTexture.uasset" 1293
"../../../Engine/Content/EngineSky/VolumetricClouds/CloudWeatherTexture.uexp" 1294
"../../../Engine/Content/Functions/Engine_MaterialFunctions02/Utility/MakeFloat2.uasset" 1295
"../../../Engine/Content/Functions/Engine_MaterialFunctions02/Utility/MakeFloat2.uexp" 1296
"../../../Engine/Content/EngineSky/VolumetricClouds/CloudGradientTexture.uasset" 1297
"../../../Engine/Content/EngineSky/VolumetricClouds/CloudGradientTexture.uexp" 1298
"../../../Engine/Content/EngineSky/VolumetricClouds/T_NoiseShape64.ubulk" 1299
"../../../Engine/Content/EngineSky/VolumetricClouds/T_NoiseShape64.uasset" 1300
"../../../Engine/Content/EngineSky/VolumetricClouds/T_NoiseShape64.uexp" 1301
"../../../Engine/Content/EngineSky/VolumetricClouds/T_VolumeNoiseShape64.uasset" 1302
"../../../Engine/Content/EngineSky/VolumetricClouds/T_VolumeNoiseShape64.uexp" 1303
"../../../Engine/Content/EngineSky/VolumetricClouds/T_NoiseErosion.ubulk" 1304
"../../../Engine/Content/EngineSky/VolumetricClouds/T_NoiseErosion.uasset" 1305
"../../../Engine/Content/EngineSky/VolumetricClouds/T_NoiseErosion.uexp" 1306
"../../../Engine/Content/EngineSky/VolumetricClouds/T_VolumeNoiseErosion32.uasset" 1307
"../../../Engine/Content/EngineSky/VolumetricClouds/T_VolumeNoiseErosion32.uexp" 1308
"../../../Engine/Content/EngineSky/VolumetricClouds/m_SimpleVolumetricCloud.uasset" 1309
"../../../Engine/Content/EngineSky/VolumetricClouds/m_SimpleVolumetricCloud.uexp" 1310
"../../../Engine/Content/EngineSky/VolumetricClouds/m_SimpleVolumetricCloud_Inst.uasset" 1311
"../../../Engine/Content/EngineSky/VolumetricClouds/m_SimpleVolumetricCloud_Inst.uexp" 1312
"../../../Engine/Content/EngineResources/FilmGrains/Marcie_Grain_v3_128_M2_000.uasset" 1313
"../../../Engine/Content/EngineResources/FilmGrains/Marcie_Grain_v3_128_M2_000.uexp" 1314
"../../../Engine/Content/EditorResources/SequenceRecorder/RecordingIndicator.uasset" 1315
"../../../Engine/Content/EditorResources/SequenceRecorder/RecordingIndicator.uexp" 1316
"../../../Engine/Content/EditorResources/SequenceRecorder/Countdown.uasset" 1317
"../../../Engine/Content/EditorResources/SequenceRecorder/Countdown.uexp" 1318
"F:/CMP400 - Prof Proj/CMP400_Prof_Proj/Content/FirstPerson/Maps/FirstPersonMap_BuiltData.ubulk" 1319
"F:/CMP400 - Prof Proj/CMP400_Prof_Proj/Content/FirstPerson/Maps/FirstPersonMap_BuiltData.uasset" 1320
"F:/CMP400 - Prof Proj/CMP400_Prof_Proj/Content/FirstPerson/Maps/FirstPersonMap_BuiltData.uexp" 1321
"../../../Engine/Content/MobileResources/HUD/VirtualJoystick_Background.uasset" 1322
"../../../Engine/Content/MobileResources/HUD/VirtualJoystick_Background.uexp" 1323
"../../../Engine/Content/MobileResources/HUD/VirtualJoystick_Thumb.uasset" 1324
"../../../Engine/Content/MobileResources/HUD/VirtualJoystick_Thumb.uexp" 1325
"F:/CMP400 - Prof Proj/CMP400_Prof_Proj/Content/FirstPerson/Input/MobileControls.uasset" 1326
"F:/CMP400 - Prof Proj/CMP400_Prof_Proj/Content/FirstPerson/Input/MobileControls.uexp" 1327
"F:/CMP400 - Prof Proj/CMP400_Prof_Proj/Content/FirstPerson/Input/Actions/IA_Shoot.uasset" 1328
"F:/CMP400 - Prof Proj/CMP400_Prof_Proj/Content/FirstPerson/Input/Actions/IA_Shoot.uexp" 1329
"F:/CMP400 - Prof Proj/CMP400_Prof_Proj/Content/FirstPerson/Input/IMC_Weapons.uasset" 1330
"F:/CMP400 - Prof Proj/CMP400_Prof_Proj/Content/FirstPerson/Input/IMC_Weapons.uexp" 1331
"F:/CMP400 - Prof Proj/CMP400_Prof_Proj/Content/FPWeapon/Mesh/SK_FPGun_Skeleton.uasset" 1332
"F:/CMP400 - Prof Proj/CMP400_Prof_Proj/Content/FPWeapon/Mesh/SK_FPGun_Skeleton.uexp" 1333
"F:/CMP400 - Prof Proj/CMP400_Prof_Proj/Content/FPWeapon/Materials/MaterialLayers/T_ML_Rubber_Blue_01_D.ubulk" 1334
"F:/CMP400 - Prof Proj/CMP400_Prof_Proj/Content/FPWeapon/Materials/MaterialLayers/T_ML_Rubber_Blue_01_D.uasset" 1335
"F:/CMP400 - Prof Proj/CMP400_Prof_Proj/Content/FPWeapon/Materials/MaterialLayers/T_ML_Rubber_Blue_01_D.uexp" 1336
"F:/CMP400 - Prof Proj/CMP400_Prof_Proj/Content/FPWeapon/Textures/T_FPGun_N.ubulk" 1337
"F:/CMP400 - Prof Proj/CMP400_Prof_Proj/Content/FPWeapon/Textures/T_FPGun_N.uasset" 1338
"F:/CMP400 - Prof Proj/CMP400_Prof_Proj/Content/FPWeapon/Textures/T_FPGun_N.uexp" 1339
"../../../Engine/Content/Functions/Engine_MaterialFunctions02/Utility/BlendAngleCorrectedNormals.uasset" 1340
"../../../Engine/Content/Functions/Engine_MaterialFunctions02/Utility/BlendAngleCorrectedNormals.uexp" 1341
"../../../Engine/Content/Functions/MaterialLayerFunctions/MatLayerBlend_NormalBlend.uasset" 1342
"../../../Engine/Content/Functions/MaterialLayerFunctions/MatLayerBlend_NormalBlend.uexp" 1343
"F:/CMP400 - Prof Proj/CMP400_Prof_Proj/Content/FPWeapon/Materials/MaterialLayers/T_ML_Rubber_Blue_01_N.ubulk" 1344
"F:/CMP400 - Prof Proj/CMP400_Prof_Proj/Content/FPWeapon/Materials/MaterialLayers/T_ML_Rubber_Blue_01_N.uasset" 1345
"F:/CMP400 - Prof Proj/CMP400_Prof_Proj/Content/FPWeapon/Materials/MaterialLayers/T_ML_Rubber_Blue_01_N.uexp" 1346
"F:/CMP400 - Prof Proj/CMP400_Prof_Proj/Content/FPWeapon/Materials/MaterialLayers/ML_Screen.uasset" 1347
"F:/CMP400 - Prof Proj/CMP400_Prof_Proj/Content/FPWeapon/Materials/MaterialLayers/ML_Screen.uexp" 1348
"F:/CMP400 - Prof Proj/CMP400_Prof_Proj/Content/FPWeapon/Materials/MaterialLayers/T_ML_Aluminum01_N.ubulk" 1349
"F:/CMP400 - Prof Proj/CMP400_Prof_Proj/Content/FPWeapon/Materials/MaterialLayers/T_ML_Aluminum01_N.uasset" 1350
"F:/CMP400 - Prof Proj/CMP400_Prof_Proj/Content/FPWeapon/Materials/MaterialLayers/T_ML_Aluminum01_N.uexp" 1351
"F:/CMP400 - Prof Proj/CMP400_Prof_Proj/Content/FPWeapon/Materials/MaterialLayers/T_ML_Aluminum01.ubulk" 1352
"F:/CMP400 - Prof Proj/CMP400_Prof_Proj/Content/FPWeapon/Materials/MaterialLayers/T_ML_Aluminum01.uasset" 1353
"F:/CMP400 - Prof Proj/CMP400_Prof_Proj/Content/FPWeapon/Materials/MaterialLayers/T_ML_Aluminum01.uexp" 1354
"F:/CMP400 - Prof Proj/CMP400_Prof_Proj/Content/FPWeapon/Materials/MaterialLayers/ML_SoftMetal_UE4.uasset" 1355
"F:/CMP400 - Prof Proj/CMP400_Prof_Proj/Content/FPWeapon/Materials/MaterialLayers/ML_SoftMetal_UE4.uexp" 1356
"../../../Engine/Content/Functions/MaterialLayerFunctions/MatLayerBlend_Simple.uasset" 1357
"../../../Engine/Content/Functions/MaterialLayerFunctions/MatLayerBlend_Simple.uexp" 1358
"F:/CMP400 - Prof Proj/CMP400_Prof_Proj/Content/FPWeapon/Textures/T_FPGun_M.ubulk" 1359
"F:/CMP400 - Prof Proj/CMP400_Prof_Proj/Content/FPWeapon/Textures/T_FPGun_M.uasset" 1360
"F:/CMP400 - Prof Proj/CMP400_Prof_Proj/Content/FPWeapon/Textures/T_FPGun_M.uexp" 1361
"F:/CMP400 - Prof Proj/CMP400_Prof_Proj/Content/FPWeapon/Materials/MaterialLayers/ML_Plastic_Shiny_Beige.uasset" 1362
"F:/CMP400 - Prof Proj/CMP400_Prof_Proj/Content/FPWeapon/Materials/MaterialLayers/ML_Plastic_Shiny_Beige.uexp" 1363
"F:/CMP400 - Prof Proj/CMP400_Prof_Proj/Content/FPWeapon/Materials/MaterialLayers/ML_GlossyBlack_Latex_UE4.uasset" 1364
"F:/CMP400 - Prof Proj/CMP400_Prof_Proj/Content/FPWeapon/Materials/MaterialLayers/ML_GlossyBlack_Latex_UE4.uexp" 1365
"F:/CMP400 - Prof Proj/CMP400_Prof_Proj/Content/FPWeapon/Materials/M_FPGun.uasset" 1366
"F:/CMP400 - Prof Proj/CMP400_Prof_Proj/Content/FPWeapon/Materials/M_FPGun.uexp" 1367
"F:/CMP400 - Prof Proj/CMP400_Prof_Proj/Content/FPWeapon/Mesh/SK_FPGun_Physics.uasset" 1368
"F:/CMP400 - Prof Proj/CMP400_Prof_Proj/Content/FPWeapon/Mesh/SK_FPGun_Physics.uexp" 1369
"F:/CMP400 - Prof Proj/CMP400_Prof_Proj/Content/FPWeapon/Mesh/SK_FPGun.uasset" 1370
"F:/CMP400 - Prof Proj/CMP400_Prof_Proj/Content/FPWeapon/Mesh/SK_FPGun.uexp" 1371
"F:/CMP400 - Prof Proj/CMP400_Prof_Proj/Content/FPWeapon/Audio/FirstPersonTemplateWeaponFire02.ubulk" 1372
"F:/CMP400 - Prof Proj/CMP400_Prof_Proj/Content/FPWeapon/Audio/FirstPersonTemplateWeaponFire02.uasset" 1373
"F:/CMP400 - Prof Proj/CMP400_Prof_Proj/Content/FPWeapon/Audio/FirstPersonTemplateWeaponFire02.uexp" 1374
"F:/CMP400 - Prof Proj/CMP400_Prof_Proj/Content/FPWeapon/Materials/BaseMaterial.uasset" 1375
"F:/CMP400 - Prof Proj/CMP400_Prof_Proj/Content/FPWeapon/Materials/BaseMaterial.uexp" 1376
"F:/CMP400 - Prof Proj/CMP400_Prof_Proj/Content/FPWeapon/Materials/FirstPersonProjectileMaterial.uasset" 1377
"F:/CMP400 - Prof Proj/CMP400_Prof_Proj/Content/FPWeapon/Materials/FirstPersonProjectileMaterial.uexp" 1378
"F:/CMP400 - Prof Proj/CMP400_Prof_Proj/Content/FPWeapon/Mesh/FirstPersonProjectileMesh.ubulk" 1379
"F:/CMP400 - Prof Proj/CMP400_Prof_Proj/Content/FPWeapon/Mesh/FirstPersonProjectileMesh.uasset" 1380
"F:/CMP400 - Prof Proj/CMP400_Prof_Proj/Content/FPWeapon/Mesh/FirstPersonProjectileMesh.uexp" 1381
"../../../Engine/Content/EditorBlueprintResources/ActorComponentMacros.uasset" 1382
"../../../Engine/Content/EditorBlueprintResources/ActorComponentMacros.uexp" 1383
"F:/CMP400 - Prof Proj/CMP400_Prof_Proj/Content/WBP_RoundEnd.uasset" 1384
"F:/CMP400 - Prof Proj/CMP400_Prof_Proj/Content/WBP_RoundEnd.uexp" 1385
"F:/CMP400 - Prof Proj/CMP400_Prof_Proj/Content/WBP_PlayerHUD.uasset" 1386
"F:/CMP400 - Prof Proj/CMP400_Prof_Proj/Content/WBP_PlayerHUD.uexp" 1387
"../../../Engine/Content/EditorBlueprintResources/StandardMacros.uasset" 1388
"../../../Engine/Content/EditorBlueprintResources/StandardMacros.uexp" 1389
"F:/CMP400 - Prof Proj/CMP400_Prof_Proj/Content/WBP_GamemodeHUD.uasset" 1390
"F:/CMP400 - Prof Proj/CMP400_Prof_Proj/Content/WBP_GamemodeHUD.uexp" 1391
"F:/CMP400 - Prof Proj/CMP400_Prof_Proj/Content/NewHUD.uasset" 1392
"F:/CMP400 - Prof Proj/CMP400_Prof_Proj/Content/NewHUD.uexp" 1393
"F:/CMP400 - Prof Proj/CMP400_Prof_Proj/Content/FirstPerson/Input/Actions/IA_Look.uasset" 1394
"F:/CMP400 - Prof Proj/CMP400_Prof_Proj/Content/FirstPerson/Input/Actions/IA_Look.uexp" 1395
"F:/CMP400 - Prof Proj/CMP400_Prof_Proj/Content/FirstPersonArms/Character/Textures/Manny/T_Manny_02_N.ubulk" 1396
"F:/CMP400 - Prof Proj/CMP400_Prof_Proj/Content/FirstPersonArms/Character/Textures/Manny/T_Manny_02_N.uasset" 1397
"F:/CMP400 - Prof Proj/CMP400_Prof_Proj/Content/FirstPersonArms/Character/Textures/Manny/T_Manny_02_N.uexp" 1398
"F:/CMP400 - Prof Proj/CMP400_Prof_Proj/Content/FirstPersonArms/Character/Textures/Manny/T_Manny_02_BN.ubulk" 1399
"F:/CMP400 - Prof Proj/CMP400_Prof_Proj/Content/FirstPersonArms/Character/Textures/Manny/T_Manny_02_BN.uasset" 1400
"F:/CMP400 - Prof Proj/CMP400_Prof_Proj/Content/FirstPersonArms/Character/Textures/Manny/T_Manny_02_BN.uexp" 1401
"F:/CMP400 - Prof Proj/CMP400_Prof_Proj/Content/FirstPersonArms/Character/Textures/Manny/T_Manny_02_ASAOPMASK_MSK.ubulk" 1402
"F:/CMP400 - Prof Proj/CMP400_Prof_Proj/Content/FirstPersonArms/Character/Textures/Manny/T_Manny_02_ASAOPMASK_MSK.uasset" 1403
"F:/CMP400 - Prof Proj/CMP400_Prof_Proj/Content/FirstPersonArms/Character/Textures/Manny/T_Manny_02_ASAOPMASK_MSK.uexp" 1404
"F:/CMP400 - Prof Proj/CMP400_Prof_Proj/Content/FirstPersonArms/Character/Textures/Manny/T_Manny_01_ASAOPMASK_MSK.ubulk" 1405
"F:/CMP400 - Prof Proj/CMP400_Prof_Proj/Content/FirstPersonArms/Character/Textures/Manny/T_Manny_01_ASAOPMASK_MSK.uasset" 1406
"F:/CMP400 - Prof Proj/CMP400_Prof_Proj/Content/FirstPersonArms/Character/Textures/Manny/T_Manny_01_ASAOPMASK_MSK.uexp" 1407
"F:/CMP400 - Prof Proj/CMP400_Prof_Proj/Content/FirstPersonArms/Character/Textures/Manny/T_Manny_01_CCRCCPlastic_MSK.ubulk" 1408
"F:/CMP400 - Prof Proj/CMP400_Prof_Proj/Content/FirstPersonArms/Character/Textures/Manny/T_Manny_01_CCRCCPlastic_MSK.uasset" 1409
"F:/CMP400 - Prof Proj/CMP400_Prof_Proj/Content/FirstPersonArms/Character/Textures/Manny/T_Manny_01_CCRCCPlastic_MSK.uexp" 1410
"F:/CMP400 - Prof Proj/CMP400_Prof_Proj/Content/FirstPersonArms/Character/Textures/Manny/T_Manny_01_Tan.ubulk" 1411
"F:/CMP400 - Prof Proj/CMP400_Prof_Proj/Content/FirstPersonArms/Character/Textures/Manny/T_Manny_01_Tan.uasset" 1412
"F:/CMP400 - Prof Proj/CMP400_Prof_Proj/Content/FirstPersonArms/Character/Textures/Manny/T_Manny_01_Tan.uexp" 1413
"F:/CMP400 - Prof Proj/CMP400_Prof_Proj/Content/FirstPersonArms/Character/Textures/Manny/T_Manny_01_BN.ubulk" 1414
"F:/CMP400 - Prof Proj/CMP400_Prof_Proj/Content/FirstPersonArms/Character/Textures/Manny/T_Manny_01_BN.uasset" 1415
"F:/CMP400 - Prof Proj/CMP400_Prof_Proj/Content/FirstPersonArms/Character/Textures/Manny/T_Manny_01_BN.uexp" 1416
"F:/CMP400 - Prof Proj/CMP400_Prof_Proj/Content/FirstPersonArms/Character/Textures/Manny/T_Manny_01_MSR_MSK.ubulk" 1417
"F:/CMP400 - Prof Proj/CMP400_Prof_Proj/Content/FirstPersonArms/Character/Textures/Manny/T_Manny_01_MSR_MSK.uasset" 1418
"F:/CMP400 - Prof Proj/CMP400_Prof_Proj/Content/FirstPersonArms/Character/Textures/Manny/T_Manny_01_MSR_MSK.uexp" 1419
"F:/CMP400 - Prof Proj/CMP400_Prof_Proj/Content/FirstPersonArms/Character/Textures/Manny/T_Manny_01_N.ubulk" 1420
"F:/CMP400 - Prof Proj/CMP400_Prof_Proj/Content/FirstPersonArms/Character/Textures/Manny/T_Manny_01_N.uasset" 1421
"F:/CMP400 - Prof Proj/CMP400_Prof_Proj/Content/FirstPersonArms/Character/Textures/Manny/T_Manny_01_N.uexp" 1422
"F:/CMP400 - Prof Proj/CMP400_Prof_Proj/Content/FirstPersonArms/Character/Textures/Manny/T_Manny_01_D.ubulk" 1423
"F:/CMP400 - Prof Proj/CMP400_Prof_Proj/Content/FirstPersonArms/Character/Textures/Manny/T_Manny_01_D.uasset" 1424
"F:/CMP400 - Prof Proj/CMP400_Prof_Proj/Content/FirstPersonArms/Character/Textures/Manny/T_Manny_01_D.uexp" 1425
"F:/CMP400 - Prof Proj/CMP400_Prof_Proj/Content/FirstPersonArms/Character/Materials/Functions/ChromaticCurve.uasset" 1426
"F:/CMP400 - Prof Proj/CMP400_Prof_Proj/Content/FirstPersonArms/Character/Materials/Functions/ChromaticCurve.uexp" 1427
"F:/CMP400 - Prof Proj/CMP400_Prof_Proj/Content/FirstPersonArms/Character/Materials/Functions/CA_Mannequin.uasset" 1428
"F:/CMP400 - Prof Proj/CMP400_Prof_Proj/Content/FirstPersonArms/Character/Materials/Functions/CA_Mannequin.uexp" 1429
"F:/CMP400 - Prof Proj/CMP400_Prof_Proj/Content/FirstPersonArms/Character/Materials/Functions/MF_Diffraction.uasset" 1430
"F:/CMP400 - Prof Proj/CMP400_Prof_Proj/Content/FirstPersonArms/Character/Materials/Functions/MF_Diffraction.uexp" 1431
"../../../Engine/Content/Functions/Engine_MaterialFunctions01/Texturing/ScaleUVsByCenter.uasset" 1432
"../../../Engine/Content/Functions/Engine_MaterialFunctions01/Texturing/ScaleUVsByCenter.uexp" 1433
"F:/CMP400 - Prof Proj/CMP400_Prof_Proj/Content/FirstPersonArms/Character/Textures/Shared/T_UE_Logo_M.uasset" 1434
"F:/CMP400 - Prof Proj/CMP400_Prof_Proj/Content/FirstPersonArms/Character/Textures/Shared/T_UE_Logo_M.uexp" 1435
"F:/CMP400 - Prof Proj/CMP400_Prof_Proj/Content/FirstPersonArms/Character/Materials/Functions/MF_logo3layers.uasset" 1436
"F:/CMP400 - Prof Proj/CMP400_Prof_Proj/Content/FirstPersonArms/Character/Materials/Functions/MF_logo3layers.uexp" 1437
"F:/CMP400 - Prof Proj/CMP400_Prof_Proj/Content/FirstPersonArms/Character/Materials/Functions/ML_BaseColorFallOff.uasset" 1438
"F:/CMP400 - Prof Proj/CMP400_Prof_Proj/Content/FirstPersonArms/Character/Materials/Functions/ML_BaseColorFallOff.uexp" 1439
"F:/CMP400 - Prof Proj/CMP400_Prof_Proj/Content/FirstPersonArms/Character/Materials/M_Mannequin.uasset" 1440
"F:/CMP400 - Prof Proj/CMP400_Prof_Proj/Content/FirstPersonArms/Character/Materials/M_Mannequin.uexp" 1441
"F:/CMP400 - Prof Proj/CMP400_Prof_Proj/Content/FirstPersonArms/Character/Materials/Instances/Manny/MI_Manny_01.uasset" 1442
"F:/CMP400 - Prof Proj/CMP400_Prof_Proj/Content/FirstPersonArms/Character/Materials/Instances/Manny/MI_Manny_01.uexp" 1443
"F:/CMP400 - Prof Proj/CMP400_Prof_Proj/Content/FirstPersonArms/Character/Textures/Manny/T_Manny_02_CCRCCPlastic_MSK.ubulk" 1444
"F:/CMP400 - Prof Proj/CMP400_Prof_Proj/Content/FirstPersonArms/Character/Textures/Manny/T_Manny_02_CCRCCPlastic_MSK.uasset" 1445
"F:/CMP400 - Prof Proj/CMP400_Prof_Proj/Content/FirstPersonArms/Character/Textures/Manny/T_Manny_02_CCRCCPlastic_MSK.uexp" 1446
"F:/CMP400 - Prof Proj/CMP400_Prof_Proj/Content/FirstPersonArms/Character/Textures/Manny/T_Manny_02_MSR_MSK.ubulk" 1447
"F:/CMP400 - Prof Proj/CMP400_Prof_Proj/Content/FirstPersonArms/Character/Textures/Manny/T_Manny_02_MSR_MSK.uasset" 1448
"F:/CMP400 - Prof Proj/CMP400_Prof_Proj/Content/FirstPersonArms/Character/Textures/Manny/T_Manny_02_MSR_MSK.uexp" 1449
"F:/CMP400 - Prof Proj/CMP400_Prof_Proj/Content/FirstPersonArms/Character/Textures/Manny/T_Manny_02_D.ubulk" 1450
"F:/CMP400 - Prof Proj/CMP400_Prof_Proj/Content/FirstPersonArms/Character/Textures/Manny/T_Manny_02_D.uasset" 1451
"F:/CMP400 - Prof Proj/CMP400_Prof_Proj/Content/FirstPersonArms/Character/Textures/Manny/T_Manny_02_D.uexp" 1452
"F:/CMP400 - Prof Proj/CMP400_Prof_Proj/Content/FirstPersonArms/Character/Textures/Manny/T_Manny_02_Tan.ubulk" 1453
"F:/CMP400 - Prof Proj/CMP400_Prof_Proj/Content/FirstPersonArms/Character/Textures/Manny/T_Manny_02_Tan.uasset" 1454
"F:/CMP400 - Prof Proj/CMP400_Prof_Proj/Content/FirstPersonArms/Character/Textures/Manny/T_Manny_02_Tan.uexp" 1455
"F:/CMP400 - Prof Proj/CMP400_Prof_Proj/Content/FirstPersonArms/Character/Materials/Instances/Manny/MI_Manny_02.uasset" 1456
"F:/CMP400 - Prof Proj/CMP400_Prof_Proj/Content/FirstPersonArms/Character/Materials/Instances/Manny/MI_Manny_02.uexp" 1457
"F:/CMP400 - Prof Proj/CMP400_Prof_Proj/Content/FirstPersonArms/Character/Mesh/SK_Mannequin_Arms_PhysicsAsset.uasset" 1458
"F:/CMP400 - Prof Proj/CMP400_Prof_Proj/Content/FirstPersonArms/Character/Mesh/SK_Mannequin_Arms_PhysicsAsset.uexp" 1459
"F:/CMP400 - Prof Proj/CMP400_Prof_Proj/Content/FirstPersonArms/Character/Mesh/SK_Mannequin_Arms_Skeleton.uasset" 1460
"F:/CMP400 - Prof Proj/CMP400_Prof_Proj/Content/FirstPersonArms/Character/Mesh/SK_Mannequin_Arms_Skeleton.uexp" 1461
"F:/CMP400 - Prof Proj/CMP400_Prof_Proj/Content/FirstPersonArms/Character/Mesh/SK_Mannequin_Arms.uasset" 1462
"F:/CMP400 - Prof Proj/CMP400_Prof_Proj/Content/FirstPersonArms/Character/Mesh/SK_Mannequin_Arms.uexp" 1463
"../../../Engine/Plugins/FX/Niagara/Content/Enums/ENiagaraSphereDistributionMode.uasset" 1464
"../../../Engine/Plugins/FX/Niagara/Content/Enums/ENiagaraSphereDistributionMode.uexp" 1465
"../../../Engine/Plugins/FX/Niagara/Content/Enums/ENiagaraTorusDistributionMode.uasset" 1466
"../../../Engine/Plugins/FX/Niagara/Content/Enums/ENiagaraTorusDistributionMode.uexp" 1467
"../../../Engine/Plugins/FX/Niagara/Content/Enums/ENiagaraRandomnessMode.uasset" 1468
"../../../Engine/Plugins/FX/Niagara/Content/Enums/ENiagaraRandomnessMode.uexp" 1469
"../../../Engine/Plugins/FX/Niagara/Content/Enums/ENiagaraRandomnessEvaluation.uasset" 1470
"../../../Engine/Plugins/FX/Niagara/Content/Enums/ENiagaraRandomnessEvaluation.uexp" 1471
"../../../Engine/Plugins/FX/Niagara/Content/Enums/Location/ENiagara_LocationShapes.uasset" 1472
"../../../Engine/Plugins/FX/Niagara/Content/Enums/Location/ENiagara_LocationShapes.uexp" 1473
"../../../Engine/Plugins/FX/Niagara/Content/Enums/ENiagara_MassInitializationMode.uasset" 1474
"../../../Engine/Plugins/FX/Niagara/Content/Enums/ENiagara_MassInitializationMode.uexp" 1475
"../../../Engine/Plugins/FX/Niagara/Content/Enums/Location/ENiagara_CylinderMode.uasset" 1476
"../../../Engine/Plugins/FX/Niagara/Content/Enums/Location/ENiagara_CylinderMode.uexp" 1477
"../../../Engine/Plugins/FX/Niagara/Content/DefaultAssets/DefaultSpriteMaterial.uasset" 1478
"../../../Engine/Plugins/FX/Niagara/Content/DefaultAssets/DefaultSpriteMaterial.uexp" 1479
"../../../Engine/Plugins/FX/Niagara/Content/Enums/ENiagara_PositionInitializationMode.uasset" 1480
"../../../Engine/Plugins/FX/Niagara/Content/Enums/ENiagara_PositionInitializationMode.uexp" 1481
"../../../Engine/Plugins/FX/Niagara/Content/Icons/Modules/T_Icon_Solver_LimitSpeed.uasset" 1482
"../../../Engine/Plugins/FX/Niagara/Content/Icons/Modules/T_Icon_Solver_LimitSpeed.uexp" 1483
"../../../Engine/Plugins/FX/Niagara/Content/Icons/Modules/T_Icon_Solver_RotationalSolve.uasset" 1484
"../../../Engine/Plugins/FX/Niagara/Content/Icons/Modules/T_Icon_Solver_RotationalSolve.uexp" 1485
"../../../Engine/Plugins/FX/Niagara/Content/Icons/Modules/T_Icon_Solver_LimitAccel.uasset" 1486
"../../../Engine/Plugins/FX/Niagara/Content/Icons/Modules/T_Icon_Solver_LimitAccel.uexp" 1487
"../../../Engine/Plugins/FX/Niagara/Content/Enums/ENiagaraScaleColorMode.uasset" 1488
"../../../Engine/Plugins/FX/Niagara/Content/Enums/ENiagaraScaleColorMode.uexp" 1489
"../../../Engine/Plugins/FX/Niagara/Content/Enums/ENiagara_SizeScaleMode.uasset" 1490
"../../../Engine/Plugins/FX/Niagara/Content/Enums/ENiagara_SizeScaleMode.uexp" 1491
"../../../Engine/Plugins/FX/Niagara/Content/Enums/ENiagara_UVFlippingMode.uasset" 1492
"../../../Engine/Plugins/FX/Niagara/Content/Enums/ENiagara_UVFlippingMode.uexp" 1493
"../../../Engine/Plugins/FX/Niagara/Content/Enums/Ribbons/ENiagara_UnsetDirectSetRandom.uasset" 1494
"../../../Engine/Plugins/FX/Niagara/Content/Enums/Ribbons/ENiagara_UnsetDirectSetRandom.uexp" 1495
"../../../Engine/Plugins/FX/Niagara/Content/Enums/ENiagara_LifetimeMode.uasset" 1496
"../../../Engine/Plugins/FX/Niagara/Content/Enums/ENiagara_LifetimeMode.uexp" 1497
"../../../Engine/Plugins/FX/Niagara/Content/Enums/Ribbons/ENiagara_UnsetDirectSet.uasset" 1498
"../../../Engine/Plugins/FX/Niagara/Content/Enums/Ribbons/ENiagara_UnsetDirectSet.uexp" 1499
"../../../Engine/Plugins/FX/Niagara/Content/Enums/ENiagara_SpriteRotationMode.uasset" 1500
"../../../Engine/Plugins/FX/Niagara/Content/Enums/ENiagara_SpriteRotationMode.uexp" 1501
"../../../Engine/Plugins/FX/Niagara/Content/Enums/ENiagara_ColorInitializationMode.uasset" 1502
"../../../Engine/Plugins/FX/Niagara/Content/Enums/ENiagara_ColorInitializationMode.uexp" 1503
"../../../Engine/Plugins/FX/Niagara/Content/Enums/ENiagaraChannelCorrelation.uasset" 1504
"../../../Engine/Plugins/FX/Niagara/Content/Enums/ENiagaraChannelCorrelation.uexp" 1505
"../../../Engine/Plugins/FX/Niagara/Content/Enums/Transforms/ENiagara_ScaleMode.uasset" 1506
"../../../Engine/Plugins/FX/Niagara/Content/Enums/Transforms/ENiagara_ScaleMode.uexp" 1507
"../../../Engine/Plugins/FX/Niagara/Content/Enums/Angles/ENiagara_AngleInput.uasset" 1508
"../../../Engine/Plugins/FX/Niagara/Content/Enums/Angles/ENiagara_AngleInput.uexp" 1509
"../../../Engine/Plugins/FX/Niagara/Content/Enums/Utility/ENiagara_VelocityMode.uasset" 1510
"../../../Engine/Plugins/FX/Niagara/Content/Enums/Utility/ENiagara_VelocityMode.uexp" 1511
"../../../Engine/Plugins/FX/Niagara/Content/Enums/Transforms/ENiagara_RotationMode.uasset" 1512
"../../../Engine/Plugins/FX/Niagara/Content/Enums/Transforms/ENiagara_RotationMode.uexp" 1513
"../../../Engine/Plugins/FX/Niagara/Content/Enums/ENiagaraEmitterLifeCycleMode.uasset" 1514
"../../../Engine/Plugins/FX/Niagara/Content/Enums/ENiagaraEmitterLifeCycleMode.uexp" 1515
"../../../Engine/Plugins/FX/Niagara/Content/Enums/ENiagara_InfiniteLoopDuration.uasset" 1516
"../../../Engine/Plugins/FX/Niagara/Content/Enums/ENiagara_InfiniteLoopDuration.uexp" 1517
"../../../Engine/Plugins/FX/Niagara/Content/Enums/ENiagara_EmitterStateOptions.uasset" 1518
"../../../Engine/Plugins/FX/Niagara/Content/Enums/ENiagara_EmitterStateOptions.uexp" 1519
"../../../Engine/Plugins/FX/Niagara/Content/Enums/ENiagaraInactiveMode.uasset" 1520
"../../../Engine/Plugins/FX/Niagara/Content/Enums/ENiagaraInactiveMode.uexp" 1521
"../../../Engine/Plugins/FX/Niagara/Content/Enums/ENiagaraExecutionStateManagement.uasset" 1522
"../../../Engine/Plugins/FX/Niagara/Content/Enums/ENiagaraExecutionStateManagement.uexp" 1523
"../../../Engine/Plugins/FX/Niagara/Content/Enums/ENiagaraEmitterScalabilityMode_Limited.uasset" 1524
"../../../Engine/Plugins/FX/Niagara/Content/Enums/ENiagaraEmitterScalabilityMode_Limited.uexp" 1525
"../../../Engine/Plugins/FX/Niagara/Content/Enums/Location/ENiagara_ConeMode.uasset" 1526
"../../../Engine/Plugins/FX/Niagara/Content/Enums/Location/ENiagara_ConeMode.uexp" 1527
"../../../Engine/Plugins/FX/Niagara/Content/Enums/ENiagaraSystemInactiveMode.uasset" 1528
"../../../Engine/Plugins/FX/Niagara/Content/Enums/ENiagaraSystemInactiveMode.uexp" 1529
"../../../Engine/Plugins/FX/Niagara/Content/Enums/ENiagara_AttributeSamplingApplyOutput.uasset" 1530
"../../../Engine/Plugins/FX/Niagara/Content/Enums/ENiagara_AttributeSamplingApplyOutput.uexp" 1531
"../../../Engine/Plugins/FX/Niagara/Content/Enums/Transforms/ENiagara_OffsetMode.uasset" 1532
"../../../Engine/Plugins/FX/Niagara/Content/Enums/Transforms/ENiagara_OffsetMode.uexp" 1533
"../../../Engine/Plugins/FX/Niagara/Content/Enums/Location/ENiagara_BoxPlaneMode.uasset" 1534
"../../../Engine/Plugins/FX/Niagara/Content/Enums/Location/ENiagara_BoxPlaneMode.uexp" 1535
"../../../Engine/Plugins/FX/Niagara/Content/Enums/Transforms/ENiagara_TransformOrder.uasset" 1536
"../../../Engine/Plugins/FX/Niagara/Content/Enums/Transforms/ENiagara_TransformOrder.uexp" 1537
"../../../Engine/Plugins/FX/Niagara/Content/Enums/Location/ENiagaraRingDiscMode.uasset" 1538
"../../../Engine/Plugins/FX/Niagara/Content/Enums/Location/ENiagaraRingDiscMode.uexp" 1539
"../../../Engine/Plugins/FX/Niagara/Content/Enums/ENiagaraShapeTorusMode.uasset" 1540
"../../../Engine/Plugins/FX/Niagara/Content/Enums/ENiagaraShapeTorusMode.uexp" 1541
"../../../Engine/Plugins/FX/Niagara/Content/Enums/ENiagaraExpansionMode.uasset" 1542
"../../../Engine/Plugins/FX/Niagara/Content/Enums/ENiagaraExpansionMode.uexp" 1543
"../../../Engine/Plugins/FX/Niagara/Content/Enums/Transforms/ENiagara_TransformType.uasset" 1544
"../../../Engine/Plugins/FX/Niagara/Content/Enums/Transforms/ENiagara_TransformType.uexp" 1545
"../../../Engine/Plugins/FX/Niagara/Content/Icons/Modules/T_Icon_Particle_InfiniteLife.uasset" 1546
"../../../Engine/Plugins/FX/Niagara/Content/Icons/Modules/T_Icon_Particle_InfiniteLife.uexp" 1547
"../../../Engine/Plugins/FX/Niagara/Content/Enums/SpriteRenderer/ENiagara_ScaleSpriteSize.uasset" 1548
"../../../Engine/Plugins/FX/Niagara/Content/Enums/SpriteRenderer/ENiagara_ScaleSpriteSize.uexp" 1549
"F:/CMP400 - Prof Proj/CMP400_Prof_Proj/Content/Niagara/NS_HitEffect.uasset" 1550
"F:/CMP400 - Prof Proj/CMP400_Prof_Proj/Content/Niagara/NS_HitEffect.uexp" 1551
"../../../Engine/Content/Animation/DefaultAnimCurveCompressionSettings.uasset" 1552
"../../../Engine/Content/Animation/DefaultAnimCurveCompressionSettings.uexp" 1553
"../../../Engine/Content/Animation/DefaultAnimBoneCompressionSettings.uasset" 1554
"../../../Engine/Content/Animation/DefaultAnimBoneCompressionSettings.uexp" 1555
"F:/CMP400 - Prof Proj/CMP400_Prof_Proj/Content/FirstPersonArms/Animations/FP_Rifle_Fire.uasset" 1556
"F:/CMP400 - Prof Proj/CMP400_Prof_Proj/Content/FirstPersonArms/Animations/FP_Rifle_Fire.uexp" 1557
"F:/CMP400 - Prof Proj/CMP400_Prof_Proj/Content/FirstPersonArms/Animations/FP_Rifle_Shoot_Montage.uasset" 1558
"F:/CMP400 - Prof Proj/CMP400_Prof_Proj/Content/FirstPersonArms/Animations/FP_Rifle_Shoot_Montage.uexp" 1559
"F:/CMP400 - Prof Proj/CMP400_Prof_Proj/Content/BP_WeaponComponent.uasset" 1560
"F:/CMP400 - Prof Proj/CMP400_Prof_Proj/Content/BP_WeaponComponent.uexp" 1561
"F:/CMP400 - Prof Proj/CMP400_Prof_Proj/Content/FirstPerson/Input/Actions/IA_Move.uasset" 1562
"F:/CMP400 - Prof Proj/CMP400_Prof_Proj/Content/FirstPerson/Input/Actions/IA_Move.uexp" 1563
"F:/CMP400 - Prof Proj/CMP400_Prof_Proj/Content/AnimStarterPack/Crouch_Idle_Rifle_Hip.uasset" 1564
"F:/CMP400 - Prof Proj/CMP400_Prof_Proj/Content/AnimStarterPack/Crouch_Idle_Rifle_Hip.uexp" 1565
"F:/CMP400 - Prof Proj/CMP400_Prof_Proj/Content/AnimStarterPack/Jump_From_Jog.uasset" 1566
"F:/CMP400 - Prof Proj/CMP400_Prof_Proj/Content/AnimStarterPack/Jump_From_Jog.uexp" 1567
"F:/CMP400 - Prof Proj/CMP400_Prof_Proj/Content/AnimStarterPack/Walk_Fwd_Rifle_Ironsights.uasset" 1568
"F:/CMP400 - Prof Proj/CMP400_Prof_Proj/Content/AnimStarterPack/Walk_Fwd_Rifle_Ironsights.uexp" 1569
"F:/CMP400 - Prof Proj/CMP400_Prof_Proj/Content/AnimStarterPack/Walk_Lt_Rifle_Ironsights.uasset" 1570
"F:/CMP400 - Prof Proj/CMP400_Prof_Proj/Content/AnimStarterPack/Walk_Lt_Rifle_Ironsights.uexp" 1571
"F:/CMP400 - Prof Proj/CMP400_Prof_Proj/Content/AnimStarterPack/Walk_Rt_Rifle_Ironsights.uasset" 1572
"F:/CMP400 - Prof Proj/CMP400_Prof_Proj/Content/AnimStarterPack/Walk_Rt_Rifle_Ironsights.uexp" 1573
"F:/CMP400 - Prof Proj/CMP400_Prof_Proj/Content/AnimStarterPack/Walk_Bwd_Rifle_Ironsights.uasset" 1574
"F:/CMP400 - Prof Proj/CMP400_Prof_Proj/Content/AnimStarterPack/Walk_Bwd_Rifle_Ironsights.uexp" 1575
"F:/CMP400 - Prof Proj/CMP400_Prof_Proj/Content/AnimStarterPack/BS_Walk.uasset" 1576
"F:/CMP400 - Prof Proj/CMP400_Prof_Proj/Content/AnimStarterPack/BS_Walk.uexp" 1577
"F:/CMP400 - Prof Proj/CMP400_Prof_Proj/Content/AnimStarterPack/Jog_Bwd_Rifle.uasset" 1578
"F:/CMP400 - Prof Proj/CMP400_Prof_Proj/Content/AnimStarterPack/Jog_Bwd_Rifle.uexp" 1579
"F:/CMP400 - Prof Proj/CMP400_Prof_Proj/Content/AnimStarterPack/Jog_Lt_Rifle.uasset" 1580
"F:/CMP400 - Prof Proj/CMP400_Prof_Proj/Content/AnimStarterPack/Jog_Lt_Rifle.uexp" 1581
"F:/CMP400 - Prof Proj/CMP400_Prof_Proj/Content/AnimStarterPack/Jog_Rt_Rifle.uasset" 1582
"F:/CMP400 - Prof Proj/CMP400_Prof_Proj/Content/AnimStarterPack/Jog_Rt_Rifle.uexp" 1583
"F:/CMP400 - Prof Proj/CMP400_Prof_Proj/Content/AnimStarterPack/Jog_Fwd_Rifle.uasset" 1584
"F:/CMP400 - Prof Proj/CMP400_Prof_Proj/Content/AnimStarterPack/Jog_Fwd_Rifle.uexp" 1585
"F:/CMP400 - Prof Proj/CMP400_Prof_Proj/Content/AnimStarterPack/BS_Jog.uasset" 1586
"F:/CMP400 - Prof Proj/CMP400_Prof_Proj/Content/AnimStarterPack/BS_Jog.uexp" 1587
"F:/CMP400 - Prof Proj/CMP400_Prof_Proj/Content/AnimStarterPack/Jump_From_Stand_Ironsights.uasset" 1588
"F:/CMP400 - Prof Proj/CMP400_Prof_Proj/Content/AnimStarterPack/Jump_From_Stand_Ironsights.uexp" 1589
"F:/CMP400 - Prof Proj/CMP400_Prof_Proj/Content/AnimStarterPack/Crouch_Walk_Rt_Rifle_Hip.uasset" 1590
"F:/CMP400 - Prof Proj/CMP400_Prof_Proj/Content/AnimStarterPack/Crouch_Walk_Rt_Rifle_Hip.uexp" 1591
"F:/CMP400 - Prof Proj/CMP400_Prof_Proj/Content/AnimStarterPack/Crouch_Walk_Bwd_Rifle_Hip.uasset" 1592
"F:/CMP400 - Prof Proj/CMP400_Prof_Proj/Content/AnimStarterPack/Crouch_Walk_Bwd_Rifle_Hip.uexp" 1593
"F:/CMP400 - Prof Proj/CMP400_Prof_Proj/Content/AnimStarterPack/Crouch_Walk_Fwd_Rifle_Hip.uasset" 1594
"F:/CMP400 - Prof Proj/CMP400_Prof_Proj/Content/AnimStarterPack/Crouch_Walk_Fwd_Rifle_Hip.uexp" 1595
"F:/CMP400 - Prof Proj/CMP400_Prof_Proj/Content/AnimStarterPack/Crouch_Walk_Lt_Rifle_Hip.uasset" 1596
"F:/CMP400 - Prof Proj/CMP400_Prof_Proj/Content/AnimStarterPack/Crouch_Walk_Lt_Rifle_Hip.uexp" 1597
"F:/CMP400 - Prof Proj/CMP400_Prof_Proj/Content/AnimStarterPack/BS_CrouchWalk.uasset" 1598
"F:/CMP400 - Prof Proj/CMP400_Prof_Proj/Content/AnimStarterPack/BS_CrouchWalk.uexp" 1599
"F:/CMP400 - Prof Proj/CMP400_Prof_Proj/Content/AnimStarterPack/UE4_Mannequin/Textures/UE4_Mannequin__normals.ubulk" 1600
"F:/CMP400 - Prof Proj/CMP400_Prof_Proj/Content/AnimStarterPack/UE4_Mannequin/Textures/UE4_Mannequin__normals.uasset" 1601
"F:/CMP400 - Prof Proj/CMP400_Prof_Proj/Content/AnimStarterPack/UE4_Mannequin/Textures/UE4_Mannequin__normals.uexp" 1602
"F:/CMP400 - Prof Proj/CMP400_Prof_Proj/Content/AnimStarterPack/UE4_Mannequin/Textures/UE4_LOGO_CARD.ubulk" 1603
"F:/CMP400 - Prof Proj/CMP400_Prof_Proj/Content/AnimStarterPack/UE4_Mannequin/Textures/UE4_LOGO_CARD.uasset" 1604
"F:/CMP400 - Prof Proj/CMP400_Prof_Proj/Content/AnimStarterPack/UE4_Mannequin/Textures/UE4_LOGO_CARD.uexp" 1605
"F:/CMP400 - Prof Proj/CMP400_Prof_Proj/Content/AnimStarterPack/UE4_Mannequin/Materials/MaterialLayers/ML_Plastic_Shiny_Beige_LOGO.uasset" 1606
"F:/CMP400 - Prof Proj/CMP400_Prof_Proj/Content/AnimStarterPack/UE4_Mannequin/Materials/MaterialLayers/ML_Plastic_Shiny_Beige_LOGO.uexp" 1607
"F:/CMP400 - Prof Proj/CMP400_Prof_Proj/Content/AnimStarterPack/UE4_Mannequin/Materials/MaterialLayers/T_ML_Aluminum01.ubulk" 1608
"F:/CMP400 - Prof Proj/CMP400_Prof_Proj/Content/AnimStarterPack/UE4_Mannequin/Materials/MaterialLayers/T_ML_Aluminum01.uasset" 1609
"F:/CMP400 - Prof Proj/CMP400_Prof_Proj/Content/AnimStarterPack/UE4_Mannequin/Materials/MaterialLayers/T_ML_Aluminum01.uexp" 1610
"F:/CMP400 - Prof Proj/CMP400_Prof_Proj/Content/AnimStarterPack/UE4_Mannequin/Materials/MaterialLayers/T_ML_Aluminum01_N.ubulk" 1611
"F:/CMP400 - Prof Proj/CMP400_Prof_Proj/Content/AnimStarterPack/UE4_Mannequin/Materials/MaterialLayers/T_ML_Aluminum01_N.uasset" 1612
"F:/CMP400 - Prof Proj/CMP400_Prof_Proj/Content/AnimStarterPack/UE4_Mannequin/Materials/MaterialLayers/T_ML_Aluminum01_N.uexp" 1613
"F:/CMP400 - Prof Proj/CMP400_Prof_Proj/Content/AnimStarterPack/UE4_Mannequin/Materials/MaterialLayers/ML_SoftMetal_UE4.uasset" 1614
"F:/CMP400 - Prof Proj/CMP400_Prof_Proj/Content/AnimStarterPack/UE4_Mannequin/Materials/MaterialLayers/ML_SoftMetal_UE4.uexp" 1615
"F:/CMP400 - Prof Proj/CMP400_Prof_Proj/Content/AnimStarterPack/UE4_Mannequin/Textures/UE4_Mannequin_occlusion_Mobile.ubulk" 1616
"F:/CMP400 - Prof Proj/CMP400_Prof_Proj/Content/AnimStarterPack/UE4_Mannequin/Textures/UE4_Mannequin_occlusion_Mobile.uasset" 1617
"F:/CMP400 - Prof Proj/CMP400_Prof_Proj/Content/AnimStarterPack/UE4_Mannequin/Textures/UE4_Mannequin_occlusion_Mobile.uexp" 1618
"F:/CMP400 - Prof Proj/CMP400_Prof_Proj/Content/AnimStarterPack/UE4_Mannequin/Textures/UE4_Mannequin_MAT_MASKA.ubulk" 1619
"F:/CMP400 - Prof Proj/CMP400_Prof_Proj/Content/AnimStarterPack/UE4_Mannequin/Textures/UE4_Mannequin_MAT_MASKA.uasset" 1620
"F:/CMP400 - Prof Proj/CMP400_Prof_Proj/Content/AnimStarterPack/UE4_Mannequin/Textures/UE4_Mannequin_MAT_MASKA.uexp" 1621
"F:/CMP400 - Prof Proj/CMP400_Prof_Proj/Content/AnimStarterPack/UE4_Mannequin/Materials/MaterialLayers/T_ML_Rubber_Blue_01_N.ubulk" 1622
"F:/CMP400 - Prof Proj/CMP400_Prof_Proj/Content/AnimStarterPack/UE4_Mannequin/Materials/MaterialLayers/T_ML_Rubber_Blue_01_N.uasset" 1623
"F:/CMP400 - Prof Proj/CMP400_Prof_Proj/Content/AnimStarterPack/UE4_Mannequin/Materials/MaterialLayers/T_ML_Rubber_Blue_01_N.uexp" 1624
"F:/CMP400 - Prof Proj/CMP400_Prof_Proj/Content/AnimStarterPack/UE4_Mannequin/Materials/MaterialLayers/T_ML_Rubber_Blue_01_D.ubulk" 1625
"F:/CMP400 - Prof Proj/CMP400_Prof_Proj/Content/AnimStarterPack/UE4_Mannequin/Materials/MaterialLayers/T_ML_Rubber_Blue_01_D.uasset" 1626
"F:/CMP400 - Prof Proj/CMP400_Prof_Proj/Content/AnimStarterPack/UE4_Mannequin/Materials/MaterialLayers/T_ML_Rubber_Blue_01_D.uexp" 1627
"F:/CMP400 - Prof Proj/CMP400_Prof_Proj/Content/AnimStarterPack/UE4_Mannequin/Materials/MaterialLayers/ML_GlossyBlack_Latex_UE4.uasset" 1628
"F:/CMP400 - Prof Proj/CMP400_Prof_Proj/Content/AnimStarterPack/UE4_Mannequin/Materials/MaterialLayers/ML_GlossyBlack_Latex_UE4.uexp" 1629
"F:/CMP400 - Prof Proj/CMP400_Prof_Proj/Content/AnimStarterPack/UE4_Mannequin/Materials/MaterialLayers/ML_Plastic_Shiny_Beige.uasset" 1630
"F:/CMP400 - Prof Proj/CMP400_Prof_Proj/Content/AnimStarterPack/UE4_Mannequin/Materials/MaterialLayers/ML_Plastic_Shiny_Beige.uexp" 1631
"../../../Engine/Content/Functions/MaterialLayerFunctions/MatLayerBlend_AO.uasset" 1632
"../../../Engine/Content/Functions/MaterialLayerFunctions/MatLayerBlend_AO.uexp" 1633
"F:/CMP400 - Prof Proj/CMP400_Prof_Proj/Content/AnimStarterPack/UE4_Mannequin/Materials/M_UE4Man_Body.uasset" 1634
"F:/CMP400 - Prof Proj/CMP400_Prof_Proj/Content/AnimStarterPack/UE4_Mannequin/Materials/M_UE4Man_Body.uexp" 1635
"F:/CMP400 - Prof Proj/CMP400_Prof_Proj/Content/AnimStarterPack/UE4_Mannequin/Textures/UE4Man_Logo_N.ubulk" 1636
"F:/CMP400 - Prof Proj/CMP400_Prof_Proj/Content/AnimStarterPack/UE4_Mannequin/Textures/UE4Man_Logo_N.uasset" 1637
"F:/CMP400 - Prof Proj/CMP400_Prof_Proj/Content/AnimStarterPack/UE4_Mannequin/Textures/UE4Man_Logo_N.uexp" 1638
"F:/CMP400 - Prof Proj/CMP400_Prof_Proj/Content/AnimStarterPack/UE4_Mannequin/Materials/M_UE4Man_ChestLogo.uasset" 1639
"F:/CMP400 - Prof Proj/CMP400_Prof_Proj/Content/AnimStarterPack/UE4_Mannequin/Materials/M_UE4Man_ChestLogo.uexp" 1640
"F:/CMP400 - Prof Proj/CMP400_Prof_Proj/Content/AnimStarterPack/UE4_Mannequin/Mesh/SK_Mannequin_PhysicsAsset.uasset" 1641
"F:/CMP400 - Prof Proj/CMP400_Prof_Proj/Content/AnimStarterPack/UE4_Mannequin/Mesh/SK_Mannequin_PhysicsAsset.uexp" 1642
"F:/CMP400 - Prof Proj/CMP400_Prof_Proj/Content/AnimStarterPack/UE4_Mannequin/Mesh/SK_Mannequin.uasset" 1643
"F:/CMP400 - Prof Proj/CMP400_Prof_Proj/Content/AnimStarterPack/UE4_Mannequin/Mesh/SK_Mannequin.uexp" 1644
"F:/CMP400 - Prof Proj/CMP400_Prof_Proj/Content/AnimStarterPack/Ue4ASP_Character.uasset" 1645
"F:/CMP400 - Prof Proj/CMP400_Prof_Proj/Content/AnimStarterPack/Ue4ASP_Character.uexp" 1646
"F:/CMP400 - Prof Proj/CMP400_Prof_Proj/Content/AnimStarterPack/Idle_Rifle_Ironsights.uasset" 1647
"F:/CMP400 - Prof Proj/CMP400_Prof_Proj/Content/AnimStarterPack/Idle_Rifle_Ironsights.uexp" 1648
"F:/CMP400 - Prof Proj/CMP400_Prof_Proj/Content/AnimStarterPack/Death_Ironsights_1.uasset" 1649
"F:/CMP400 - Prof Proj/CMP400_Prof_Proj/Content/AnimStarterPack/Death_Ironsights_1.uexp" 1650
"F:/CMP400 - Prof Proj/CMP400_Prof_Proj/Content/AnimStarterPack/UE4ASP_HeroTPP_AnimBlueprint.uasset" 1651
"F:/CMP400 - Prof Proj/CMP400_Prof_Proj/Content/AnimStarterPack/UE4ASP_HeroTPP_AnimBlueprint.uexp" 1652
"F:/CMP400 - Prof Proj/CMP400_Prof_Proj/Content/FirstPerson/Input/Actions/IA_Jump.uasset" 1653
"F:/CMP400 - Prof Proj/CMP400_Prof_Proj/Content/FirstPerson/Input/Actions/IA_Jump.uexp" 1654
"F:/CMP400 - Prof Proj/CMP400_Prof_Proj/Content/FirstPerson/Input/IMC_Default.uasset" 1655
"F:/CMP400 - Prof Proj/CMP400_Prof_Proj/Content/FirstPerson/Input/IMC_Default.uexp" 1656
"F:/CMP400 - Prof Proj/CMP400_Prof_Proj/Content/Characters/Mannequins/Meshes/SK_Mannequin.uasset" 1657
"F:/CMP400 - Prof Proj/CMP400_Prof_Proj/Content/Characters/Mannequins/Meshes/SK_Mannequin.uexp" 1658
"F:/CMP400 - Prof Proj/CMP400_Prof_Proj/Content/Characters/Mannequins/Rigs/Poses/Quinn/Quinn_foot_l_anim.uasset" 1659
"F:/CMP400 - Prof Proj/CMP400_Prof_Proj/Content/Characters/Mannequins/Rigs/Poses/Quinn/Quinn_foot_l_anim.uexp" 1660
"F:/CMP400 - Prof Proj/CMP400_Prof_Proj/Content/Characters/Mannequins/Rigs/Poses/Quinn/Quinn_foot_l_pose.uasset" 1661
"F:/CMP400 - Prof Proj/CMP400_Prof_Proj/Content/Characters/Mannequins/Rigs/Poses/Quinn/Quinn_foot_l_pose.uexp" 1662
"F:/CMP400 - Prof Proj/CMP400_Prof_Proj/Content/Characters/Mannequins/Rigs/Poses/Quinn/Quinn_clavicle_l_anim.uasset" 1663
"F:/CMP400 - Prof Proj/CMP400_Prof_Proj/Content/Characters/Mannequins/Rigs/Poses/Quinn/Quinn_clavicle_l_anim.uexp" 1664
"F:/CMP400 - Prof Proj/CMP400_Prof_Proj/Content/Characters/Mannequins/Rigs/Poses/Quinn/Quinn_clavicle_l_pose.uasset" 1665
"F:/CMP400 - Prof Proj/CMP400_Prof_Proj/Content/Characters/Mannequins/Rigs/Poses/Quinn/Quinn_clavicle_l_pose.uexp" 1666
"F:/CMP400 - Prof Proj/CMP400_Prof_Proj/Content/Characters/Mannequins/Rigs/Poses/Quinn/Quinn_clavicle_r_anim.uasset" 1667
"F:/CMP400 - Prof Proj/CMP400_Prof_Proj/Content/Characters/Mannequins/Rigs/Poses/Quinn/Quinn_clavicle_r_anim.uexp" 1668
"F:/CMP400 - Prof Proj/CMP400_Prof_Proj/Content/Characters/Mannequins/Rigs/Poses/Quinn/Quinn_clavicle_r_pose.uasset" 1669
"F:/CMP400 - Prof Proj/CMP400_Prof_Proj/Content/Characters/Mannequins/Rigs/Poses/Quinn/Quinn_clavicle_r_pose.uexp" 1670
"F:/CMP400 - Prof Proj/CMP400_Prof_Proj/Content/Characters/Mannequins/Rigs/Poses/Quinn/Quinn_upperarm_l_anim.uasset" 1671
"F:/CMP400 - Prof Proj/CMP400_Prof_Proj/Content/Characters/Mannequins/Rigs/Poses/Quinn/Quinn_upperarm_l_anim.uexp" 1672
"F:/CMP400 - Prof Proj/CMP400_Prof_Proj/Content/Characters/Mannequins/Rigs/Poses/Quinn/Quinn_upperarm_l_pose.uasset" 1673
"F:/CMP400 - Prof Proj/CMP400_Prof_Proj/Content/Characters/Mannequins/Rigs/Poses/Quinn/Quinn_upperarm_l_pose.uexp" 1674
"F:/CMP400 - Prof Proj/CMP400_Prof_Proj/Content/Characters/Mannequins/Rigs/Poses/Quinn/Quinn_lowerarm_l_anim.uasset" 1675
"F:/CMP400 - Prof Proj/CMP400_Prof_Proj/Content/Characters/Mannequins/Rigs/Poses/Quinn/Quinn_lowerarm_l_anim.uexp" 1676
"F:/CMP400 - Prof Proj/CMP400_Prof_Proj/Content/Characters/Mannequins/Rigs/Poses/Quinn/Quinn_lowerarm_l_pose.uasset" 1677
"F:/CMP400 - Prof Proj/CMP400_Prof_Proj/Content/Characters/Mannequins/Rigs/Poses/Quinn/Quinn_lowerarm_l_pose.uexp" 1678
"F:/CMP400 - Prof Proj/CMP400_Prof_Proj/Content/Characters/Mannequins/Rigs/Poses/Quinn/Quinn_calf_l_anim.uasset" 1679
"F:/CMP400 - Prof Proj/CMP400_Prof_Proj/Content/Characters/Mannequins/Rigs/Poses/Quinn/Quinn_calf_l_anim.uexp" 1680
"F:/CMP400 - Prof Proj/CMP400_Prof_Proj/Content/Characters/Mannequins/Rigs/Poses/Quinn/Quinn_calf_l_pose.uasset" 1681
"F:/CMP400 - Prof Proj/CMP400_Prof_Proj/Content/Characters/Mannequins/Rigs/Poses/Quinn/Quinn_calf_l_pose.uexp" 1682
"../../../Engine/Plugins/Animation/ControlRig/Content/Controls/DefaultGizmoLibrary.uasset" 1683
"../../../Engine/Plugins/Animation/ControlRig/Content/Controls/DefaultGizmoLibrary.uexp" 1684
"F:/CMP400 - Prof Proj/CMP400_Prof_Proj/Content/Characters/Mannequins/Rigs/CR_Mannequin_Procedural.uasset" 1685
"F:/CMP400 - Prof Proj/CMP400_Prof_Proj/Content/Characters/Mannequins/Rigs/CR_Mannequin_Procedural.uexp" 1686
"F:/CMP400 - Prof Proj/CMP400_Prof_Proj/Content/Characters/Mannequins/Rigs/Poses/Quinn/Quinn_upperarm_r_anim.uasset" 1687
"F:/CMP400 - Prof Proj/CMP400_Prof_Proj/Content/Characters/Mannequins/Rigs/Poses/Quinn/Quinn_upperarm_r_anim.uexp" 1688
"F:/CMP400 - Prof Proj/CMP400_Prof_Proj/Content/Characters/Mannequins/Rigs/Poses/Quinn/Quinn_upperarm_r_pose.uasset" 1689
"F:/CMP400 - Prof Proj/CMP400_Prof_Proj/Content/Characters/Mannequins/Rigs/Poses/Quinn/Quinn_upperarm_r_pose.uexp" 1690
"F:/CMP400 - Prof Proj/CMP400_Prof_Proj/Content/Characters/Mannequins/Rigs/Poses/Quinn/Quinn_calf_r_anim.uasset" 1691
"F:/CMP400 - Prof Proj/CMP400_Prof_Proj/Content/Characters/Mannequins/Rigs/Poses/Quinn/Quinn_calf_r_anim.uexp" 1692
"F:/CMP400 - Prof Proj/CMP400_Prof_Proj/Content/Characters/Mannequins/Rigs/Poses/Quinn/Quinn_calf_r_pose.uasset" 1693
"F:/CMP400 - Prof Proj/CMP400_Prof_Proj/Content/Characters/Mannequins/Rigs/Poses/Quinn/Quinn_calf_r_pose.uexp" 1694
"F:/CMP400 - Prof Proj/CMP400_Prof_Proj/Content/Characters/Mannequins/Rigs/Poses/Quinn/Quinn_foot_r_anim.uasset" 1695
"F:/CMP400 - Prof Proj/CMP400_Prof_Proj/Content/Characters/Mannequins/Rigs/Poses/Quinn/Quinn_foot_r_anim.uexp" 1696
"F:/CMP400 - Prof Proj/CMP400_Prof_Proj/Content/Characters/Mannequins/Rigs/Poses/Quinn/Quinn_foot_r_pose.uasset" 1697
"F:/CMP400 - Prof Proj/CMP400_Prof_Proj/Content/Characters/Mannequins/Rigs/Poses/Quinn/Quinn_foot_r_pose.uexp" 1698
"F:/CMP400 - Prof Proj/CMP400_Prof_Proj/Content/Characters/Mannequins/Rigs/Poses/Quinn/Quinn_lowerarm_r_anim.uasset" 1699
"F:/CMP400 - Prof Proj/CMP400_Prof_Proj/Content/Characters/Mannequins/Rigs/Poses/Quinn/Quinn_lowerarm_r_anim.uexp" 1700
"F:/CMP400 - Prof Proj/CMP400_Prof_Proj/Content/Characters/Mannequins/Rigs/Poses/Quinn/Quinn_lowerarm_r_pose.uasset" 1701
"F:/CMP400 - Prof Proj/CMP400_Prof_Proj/Content/Characters/Mannequins/Rigs/Poses/Quinn/Quinn_lowerarm_r_pose.uexp" 1702
"F:/CMP400 - Prof Proj/CMP400_Prof_Proj/Content/Characters/Mannequins/Rigs/Poses/Quinn/Quinn_thigh_l_anim.uasset" 1703
"F:/CMP400 - Prof Proj/CMP400_Prof_Proj/Content/Characters/Mannequins/Rigs/Poses/Quinn/Quinn_thigh_l_anim.uexp" 1704
"F:/CMP400 - Prof Proj/CMP400_Prof_Proj/Content/Characters/Mannequins/Rigs/Poses/Quinn/Quinn_thigh_l_pose.uasset" 1705
"F:/CMP400 - Prof Proj/CMP400_Prof_Proj/Content/Characters/Mannequins/Rigs/Poses/Quinn/Quinn_thigh_l_pose.uexp" 1706
"F:/CMP400 - Prof Proj/CMP400_Prof_Proj/Content/Characters/Mannequins/Rigs/Poses/Quinn/Quinn_thigh_r_anim.uasset" 1707
"F:/CMP400 - Prof Proj/CMP400_Prof_Proj/Content/Characters/Mannequins/Rigs/Poses/Quinn/Quinn_thigh_r_anim.uexp" 1708
"F:/CMP400 - Prof Proj/CMP400_Prof_Proj/Content/Characters/Mannequins/Rigs/Poses/Quinn/Quinn_thigh_r_pose.uasset" 1709
"F:/CMP400 - Prof Proj/CMP400_Prof_Proj/Content/Characters/Mannequins/Rigs/Poses/Quinn/Quinn_thigh_r_pose.uexp" 1710
"F:/CMP400 - Prof Proj/CMP400_Prof_Proj/Content/Characters/Mannequins/Rigs/Poses/Quinn/Quinn_hand_l_anim.uasset" 1711
"F:/CMP400 - Prof Proj/CMP400_Prof_Proj/Content/Characters/Mannequins/Rigs/Poses/Quinn/Quinn_hand_l_anim.uexp" 1712
"F:/CMP400 - Prof Proj/CMP400_Prof_Proj/Content/Characters/Mannequins/Rigs/Poses/Quinn/Quinn_hand_l_pose.uasset" 1713
"F:/CMP400 - Prof Proj/CMP400_Prof_Proj/Content/Characters/Mannequins/Rigs/Poses/Quinn/Quinn_hand_l_pose.uexp" 1714
"F:/CMP400 - Prof Proj/CMP400_Prof_Proj/Content/Characters/Mannequins/Rigs/Poses/Quinn/Quinn_hand_r_anim.uasset" 1715
"F:/CMP400 - Prof Proj/CMP400_Prof_Proj/Content/Characters/Mannequins/Rigs/Poses/Quinn/Quinn_hand_r_anim.uexp" 1716
"F:/CMP400 - Prof Proj/CMP400_Prof_Proj/Content/Characters/Mannequins/Rigs/Poses/Quinn/Quinn_hand_r_pose.uasset" 1717
"F:/CMP400 - Prof Proj/CMP400_Prof_Proj/Content/Characters/Mannequins/Rigs/Poses/Quinn/Quinn_hand_r_pose.uexp" 1718
"F:/CMP400 - Prof Proj/CMP400_Prof_Proj/Content/Characters/Mannequins/Rigs/ABP_Quinn_PostProcess.uasset" 1719
"F:/CMP400 - Prof Proj/CMP400_Prof_Proj/Content/Characters/Mannequins/Rigs/ABP_Quinn_PostProcess.uexp" 1720
"F:/CMP400 - Prof Proj/CMP400_Prof_Proj/Content/Characters/Mannequins/Textures/Quinn/T_Quinn_02ID_MSR_MSK.ubulk" 1721
"F:/CMP400 - Prof Proj/CMP400_Prof_Proj/Content/Characters/Mannequins/Textures/Quinn/T_Quinn_02ID_MSR_MSK.uasset" 1722
"F:/CMP400 - Prof Proj/CMP400_Prof_Proj/Content/Characters/Mannequins/Textures/Quinn/T_Quinn_02ID_MSR_MSK.uexp" 1723
"F:/CMP400 - Prof Proj/CMP400_Prof_Proj/Content/Characters/Mannequins/Textures/Quinn/T_Quinn_02ID_BN.ubulk" 1724
"F:/CMP400 - Prof Proj/CMP400_Prof_Proj/Content/Characters/Mannequins/Textures/Quinn/T_Quinn_02ID_BN.uasset" 1725
"F:/CMP400 - Prof Proj/CMP400_Prof_Proj/Content/Characters/Mannequins/Textures/Quinn/T_Quinn_02ID_BN.uexp" 1726
"F:/CMP400 - Prof Proj/CMP400_Prof_Proj/Content/Characters/Mannequins/Textures/Quinn/T_Quinn_02_ASAOMASK_MSK.ubulk" 1727
"F:/CMP400 - Prof Proj/CMP400_Prof_Proj/Content/Characters/Mannequins/Textures/Quinn/T_Quinn_02_ASAOMASK_MSK.uasset" 1728
"F:/CMP400 - Prof Proj/CMP400_Prof_Proj/Content/Characters/Mannequins/Textures/Quinn/T_Quinn_02_ASAOMASK_MSK.uexp" 1729
"F:/CMP400 - Prof Proj/CMP400_Prof_Proj/Content/Characters/Mannequins/Textures/Quinn/T_Quinn_02_CCRCCPlastic_MSK.ubulk" 1730
"F:/CMP400 - Prof Proj/CMP400_Prof_Proj/Content/Characters/Mannequins/Textures/Quinn/T_Quinn_02_CCRCCPlastic_MSK.uasset" 1731
"F:/CMP400 - Prof Proj/CMP400_Prof_Proj/Content/Characters/Mannequins/Textures/Quinn/T_Quinn_02_CCRCCPlastic_MSK.uexp" 1732
"F:/CMP400 - Prof Proj/CMP400_Prof_Proj/Content/Characters/Mannequins/Textures/Quinn/T_Quinn_02ID_Tan.ubulk" 1733
"F:/CMP400 - Prof Proj/CMP400_Prof_Proj/Content/Characters/Mannequins/Textures/Quinn/T_Quinn_02ID_Tan.uasset" 1734
"F:/CMP400 - Prof Proj/CMP400_Prof_Proj/Content/Characters/Mannequins/Textures/Quinn/T_Quinn_02ID_Tan.uexp" 1735
"F:/CMP400 - Prof Proj/CMP400_Prof_Proj/Content/Characters/Mannequins/Textures/Quinn/T_Quinn_02ID_D.ubulk" 1736
"F:/CMP400 - Prof Proj/CMP400_Prof_Proj/Content/Characters/Mannequins/Textures/Quinn/T_Quinn_02ID_D.uasset" 1737
"F:/CMP400 - Prof Proj/CMP400_Prof_Proj/Content/Characters/Mannequins/Textures/Quinn/T_Quinn_02ID_D.uexp" 1738
"F:/CMP400 - Prof Proj/CMP400_Prof_Proj/Content/Characters/Mannequins/Textures/Quinn/T_Quinn_01ID_MSR_MSK.ubulk" 1739
"F:/CMP400 - Prof Proj/CMP400_Prof_Proj/Content/Characters/Mannequins/Textures/Quinn/T_Quinn_01ID_MSR_MSK.uasset" 1740
"F:/CMP400 - Prof Proj/CMP400_Prof_Proj/Content/Characters/Mannequins/Textures/Quinn/T_Quinn_01ID_MSR_MSK.uexp" 1741
"F:/CMP400 - Prof Proj/CMP400_Prof_Proj/Content/Characters/Mannequins/Materials/Functions/ChromaticCurve.uasset" 1742
"F:/CMP400 - Prof Proj/CMP400_Prof_Proj/Content/Characters/Mannequins/Materials/Functions/ChromaticCurve.uexp" 1743
"F:/CMP400 - Prof Proj/CMP400_Prof_Proj/Content/Characters/Mannequins/Materials/Functions/CA_Mannequin.uasset" 1744
"F:/CMP400 - Prof Proj/CMP400_Prof_Proj/Content/Characters/Mannequins/Materials/Functions/CA_Mannequin.uexp" 1745
"F:/CMP400 - Prof Proj/CMP400_Prof_Proj/Content/Characters/Mannequins/Materials/Functions/MF_Diffraction.uasset" 1746
"F:/CMP400 - Prof Proj/CMP400_Prof_Proj/Content/Characters/Mannequins/Materials/Functions/MF_Diffraction.uexp" 1747
"F:/CMP400 - Prof Proj/CMP400_Prof_Proj/Content/Characters/Mannequins/Textures/Manny/T_Manny_01_N.ubulk" 1748
"F:/CMP400 - Prof Proj/CMP400_Prof_Proj/Content/Characters/Mannequins/Textures/Manny/T_Manny_01_N.uasset" 1749
"F:/CMP400 - Prof Proj/CMP400_Prof_Proj/Content/Characters/Mannequins/Textures/Manny/T_Manny_01_N.uexp" 1750
"F:/CMP400 - Prof Proj/CMP400_Prof_Proj/Content/Characters/Mannequins/Materials/Functions/ML_BaseColorFallOff.uasset" 1751
"F:/CMP400 - Prof Proj/CMP400_Prof_Proj/Content/Characters/Mannequins/Materials/Functions/ML_BaseColorFallOff.uexp" 1752
"F:/CMP400 - Prof Proj/CMP400_Prof_Proj/Content/Characters/Mannequins/Textures/Shared/T_UE_Logo_M.uasset" 1753
"F:/CMP400 - Prof Proj/CMP400_Prof_Proj/Content/Characters/Mannequins/Textures/Shared/T_UE_Logo_M.uexp" 1754
"F:/CMP400 - Prof Proj/CMP400_Prof_Proj/Content/Characters/Mannequins/Materials/Functions/MF_logo3layers.uasset" 1755
"F:/CMP400 - Prof Proj/CMP400_Prof_Proj/Content/Characters/Mannequins/Materials/Functions/MF_logo3layers.uexp" 1756
"F:/CMP400 - Prof Proj/CMP400_Prof_Proj/Content/Characters/Mannequins/Textures/Manny/T_Manny_01_CCRCCPlastic_MSK.ubulk" 1757
"F:/CMP400 - Prof Proj/CMP400_Prof_Proj/Content/Characters/Mannequins/Textures/Manny/T_Manny_01_CCRCCPlastic_MSK.uasset" 1758
"F:/CMP400 - Prof Proj/CMP400_Prof_Proj/Content/Characters/Mannequins/Textures/Manny/T_Manny_01_CCRCCPlastic_MSK.uexp" 1759
"F:/CMP400 - Prof Proj/CMP400_Prof_Proj/Content/Characters/Mannequins/Textures/Manny/T_Manny_01_ASAOPMASK_MSK.ubulk" 1760
"F:/CMP400 - Prof Proj/CMP400_Prof_Proj/Content/Characters/Mannequins/Textures/Manny/T_Manny_01_ASAOPMASK_MSK.uasset" 1761
"F:/CMP400 - Prof Proj/CMP400_Prof_Proj/Content/Characters/Mannequins/Textures/Manny/T_Manny_01_ASAOPMASK_MSK.uexp" 1762
"F:/CMP400 - Prof Proj/CMP400_Prof_Proj/Content/Characters/Mannequins/Textures/Manny/T_Manny_01_MSR_MSK.ubulk" 1763
"F:/CMP400 - Prof Proj/CMP400_Prof_Proj/Content/Characters/Mannequins/Textures/Manny/T_Manny_01_MSR_MSK.uasset" 1764
"F:/CMP400 - Prof Proj/CMP400_Prof_Proj/Content/Characters/Mannequins/Textures/Manny/T_Manny_01_MSR_MSK.uexp" 1765
"F:/CMP400 - Prof Proj/CMP400_Prof_Proj/Content/Characters/Mannequins/Textures/Manny/T_Manny_01_BN.ubulk" 1766
"F:/CMP400 - Prof Proj/CMP400_Prof_Proj/Content/Characters/Mannequins/Textures/Manny/T_Manny_01_BN.uasset" 1767
"F:/CMP400 - Prof Proj/CMP400_Prof_Proj/Content/Characters/Mannequins/Textures/Manny/T_Manny_01_BN.uexp" 1768
"F:/CMP400 - Prof Proj/CMP400_Prof_Proj/Content/Characters/Mannequins/Textures/Manny/T_Manny_01_D.ubulk" 1769
"F:/CMP400 - Prof Proj/CMP400_Prof_Proj/Content/Characters/Mannequins/Textures/Manny/T_Manny_01_D.uasset" 1770
"F:/CMP400 - Prof Proj/CMP400_Prof_Proj/Content/Characters/Mannequins/Textures/Manny/T_Manny_01_D.uexp" 1771
"F:/CMP400 - Prof Proj/CMP400_Prof_Proj/Content/Characters/Mannequins/Textures/Manny/T_Manny_01_Tan.ubulk" 1772
"F:/CMP400 - Prof Proj/CMP400_Prof_Proj/Content/Characters/Mannequins/Textures/Manny/T_Manny_01_Tan.uasset" 1773
"F:/CMP400 - Prof Proj/CMP400_Prof_Proj/Content/Characters/Mannequins/Textures/Manny/T_Manny_01_Tan.uexp" 1774
"F:/CMP400 - Prof Proj/CMP400_Prof_Proj/Content/Characters/Mannequins/Materials/M_Mannequin.uasset" 1775
"F:/CMP400 - Prof Proj/CMP400_Prof_Proj/Content/Characters/Mannequins/Materials/M_Mannequin.uexp" 1776
"F:/CMP400 - Prof Proj/CMP400_Prof_Proj/Content/Characters/Mannequins/Textures/Quinn/T_Quinn_01_ASAOMASK_MSK.ubulk" 1777
"F:/CMP400 - Prof Proj/CMP400_Prof_Proj/Content/Characters/Mannequins/Textures/Quinn/T_Quinn_01_ASAOMASK_MSK.uasset" 1778
"F:/CMP400 - Prof Proj/CMP400_Prof_Proj/Content/Characters/Mannequins/Textures/Quinn/T_Quinn_01_ASAOMASK_MSK.uexp" 1779
"F:/CMP400 - Prof Proj/CMP400_Prof_Proj/Content/Characters/Mannequins/Textures/Quinn/T_Quinn_01ID_N.ubulk" 1780
"F:/CMP400 - Prof Proj/CMP400_Prof_Proj/Content/Characters/Mannequins/Textures/Quinn/T_Quinn_01ID_N.uasset" 1781
"F:/CMP400 - Prof Proj/CMP400_Prof_Proj/Content/Characters/Mannequins/Textures/Quinn/T_Quinn_01ID_N.uexp" 1782
"F:/CMP400 - Prof Proj/CMP400_Prof_Proj/Content/Characters/Mannequins/Textures/Quinn/T_Quinn_01ID_BN.ubulk" 1783
"F:/CMP400 - Prof Proj/CMP400_Prof_Proj/Content/Characters/Mannequins/Textures/Quinn/T_Quinn_01ID_BN.uasset" 1784
"F:/CMP400 - Prof Proj/CMP400_Prof_Proj/Content/Characters/Mannequins/Textures/Quinn/T_Quinn_01ID_BN.uexp" 1785
"F:/CMP400 - Prof Proj/CMP400_Prof_Proj/Content/Characters/Mannequins/Textures/Quinn/T_Quinn_01ID_D.ubulk" 1786
"F:/CMP400 - Prof Proj/CMP400_Prof_Proj/Content/Characters/Mannequins/Textures/Quinn/T_Quinn_01ID_D.uasset" 1787
"F:/CMP400 - Prof Proj/CMP400_Prof_Proj/Content/Characters/Mannequins/Textures/Quinn/T_Quinn_01ID_D.uexp" 1788
"F:/CMP400 - Prof Proj/CMP400_Prof_Proj/Content/Characters/Mannequins/Textures/Quinn/T_Quinn_01ID_Tan.ubulk" 1789
"F:/CMP400 - Prof Proj/CMP400_Prof_Proj/Content/Characters/Mannequins/Textures/Quinn/T_Quinn_01ID_Tan.uasset" 1790
"F:/CMP400 - Prof Proj/CMP400_Prof_Proj/Content/Characters/Mannequins/Textures/Quinn/T_Quinn_01ID_Tan.uexp" 1791
"F:/CMP400 - Prof Proj/CMP400_Prof_Proj/Content/Characters/Mannequins/Textures/Quinn/T_Quinn_01_CCRCCPlastic_MSK.ubulk" 1792
"F:/CMP400 - Prof Proj/CMP400_Prof_Proj/Content/Characters/Mannequins/Textures/Quinn/T_Quinn_01_CCRCCPlastic_MSK.uasset" 1793
"F:/CMP400 - Prof Proj/CMP400_Prof_Proj/Content/Characters/Mannequins/Textures/Quinn/T_Quinn_01_CCRCCPlastic_MSK.uexp" 1794
"F:/CMP400 - Prof Proj/CMP400_Prof_Proj/Content/Characters/Mannequins/Materials/Instances/Quinn/MI_Quinn_01.uasset" 1795
"F:/CMP400 - Prof Proj/CMP400_Prof_Proj/Content/Characters/Mannequins/Materials/Instances/Quinn/MI_Quinn_01.uexp" 1796
"F:/CMP400 - Prof Proj/CMP400_Prof_Proj/Content/Characters/Mannequins/Textures/Quinn/T_Quinn_02ID_N.ubulk" 1797
"F:/CMP400 - Prof Proj/CMP400_Prof_Proj/Content/Characters/Mannequins/Textures/Quinn/T_Quinn_02ID_N.uasset" 1798
"F:/CMP400 - Prof Proj/CMP400_Prof_Proj/Content/Characters/Mannequins/Textures/Quinn/T_Quinn_02ID_N.uexp" 1799
"F:/CMP400 - Prof Proj/CMP400_Prof_Proj/Content/Characters/Mannequins/Materials/Instances/Quinn/MI_Quinn_02.uasset" 1800
"F:/CMP400 - Prof Proj/CMP400_Prof_Proj/Content/Characters/Mannequins/Materials/Instances/Quinn/MI_Quinn_02.uexp" 1801
"F:/CMP400 - Prof Proj/CMP400_Prof_Proj/Content/Characters/Mannequins/Rigs/PA_Mannequin.uasset" 1802
"F:/CMP400 - Prof Proj/CMP400_Prof_Proj/Content/Characters/Mannequins/Rigs/PA_Mannequin.uexp" 1803
"F:/CMP400 - Prof Proj/CMP400_Prof_Proj/Content/Characters/Mannequins/Meshes/SKM_Quinn.uasset" 1804
"F:/CMP400 - Prof Proj/CMP400_Prof_Proj/Content/Characters/Mannequins/Meshes/SKM_Quinn.uexp" 1805
"../../../Engine/Content/EditorBlueprintResources/ActorMacros.uasset" 1806
"../../../Engine/Content/EditorBlueprintResources/ActorMacros.uexp" 1807
"F:/CMP400 - Prof Proj/CMP400_Prof_Proj/Content/Models/Handle_001_Roughness.ubulk" 1808
"F:/CMP400 - Prof Proj/CMP400_Prof_Proj/Content/Models/Handle_001_Roughness.uasset" 1809
"F:/CMP400 - Prof Proj/CMP400_Prof_Proj/Content/Models/Handle_001_Roughness.uexp" 1810
"F:/CMP400 - Prof Proj/CMP400_Prof_Proj/Content/Models/Handle_001_Normal.ubulk" 1811
"F:/CMP400 - Prof Proj/CMP400_Prof_Proj/Content/Models/Handle_001_Normal.uasset" 1812
"F:/CMP400 - Prof Proj/CMP400_Prof_Proj/Content/Models/Handle_001_Normal.uexp" 1813
"F:/CMP400 - Prof Proj/CMP400_Prof_Proj/Content/Models/Handle_001_BaseColor.ubulk" 1814
"F:/CMP400 - Prof Proj/CMP400_Prof_Proj/Content/Models/Handle_001_BaseColor.uasset" 1815
"F:/CMP400 - Prof Proj/CMP400_Prof_Proj/Content/Models/Handle_001_BaseColor.uexp" 1816
"F:/CMP400 - Prof Proj/CMP400_Prof_Proj/Content/Models/Handle_001.uasset" 1817
"F:/CMP400 - Prof Proj/CMP400_Prof_Proj/Content/Models/Handle_001.uexp" 1818
"F:/CMP400 - Prof Proj/CMP400_Prof_Proj/Content/Models/StockPad.uasset" 1819
"F:/CMP400 - Prof Proj/CMP400_Prof_Proj/Content/Models/StockPad.uexp" 1820
"F:/CMP400 - Prof Proj/CMP400_Prof_Proj/Content/Models/Barrel_ncl1_1.ubulk" 1821
"F:/CMP400 - Prof Proj/CMP400_Prof_Proj/Content/Models/Barrel_ncl1_1.uasset" 1822
"F:/CMP400 - Prof Proj/CMP400_Prof_Proj/Content/Models/Barrel_ncl1_1.uexp" 1823
"F:/CMP400 - Prof Proj/CMP400_Prof_Proj/Content/Models/Barrel.uasset" 1824
"F:/CMP400 - Prof Proj/CMP400_Prof_Proj/Content/Models/Barrel.uexp" 1825
"F:/CMP400 - Prof Proj/CMP400_Prof_Proj/Content/Models/RifleBodyBottom_Normal.ubulk" 1826
"F:/CMP400 - Prof Proj/CMP400_Prof_Proj/Content/Models/RifleBodyBottom_Normal.uasset" 1827
"F:/CMP400 - Prof Proj/CMP400_Prof_Proj/Content/Models/RifleBodyBottom_Normal.uexp" 1828
"F:/CMP400 - Prof Proj/CMP400_Prof_Proj/Content/Models/RifleBodyBottom_BaseColor.ubulk" 1829
"F:/CMP400 - Prof Proj/CMP400_Prof_Proj/Content/Models/RifleBodyBottom_BaseColor.uasset" 1830
"F:/CMP400 - Prof Proj/CMP400_Prof_Proj/Content/Models/RifleBodyBottom_BaseColor.uexp" 1831
"F:/CMP400 - Prof Proj/CMP400_Prof_Proj/Content/Models/RifleBodyBottom_Roughness.ubulk" 1832
"F:/CMP400 - Prof Proj/CMP400_Prof_Proj/Content/Models/RifleBodyBottom_Roughness.uasset" 1833
"F:/CMP400 - Prof Proj/CMP400_Prof_Proj/Content/Models/RifleBodyBottom_Roughness.uexp" 1834
"F:/CMP400 - Prof Proj/CMP400_Prof_Proj/Content/Models/RifleBodyBottom.uasset" 1835
"F:/CMP400 - Prof Proj/CMP400_Prof_Proj/Content/Models/RifleBodyBottom.uexp" 1836
"F:/CMP400 - Prof Proj/CMP400_Prof_Proj/Content/Models/FlashlightGlass.uasset" 1837
"F:/CMP400 - Prof Proj/CMP400_Prof_Proj/Content/Models/FlashlightGlass.uexp" 1838
"F:/CMP400 - Prof Proj/CMP400_Prof_Proj/Content/Models/Hinge_Roughness.ubulk" 1839
"F:/CMP400 - Prof Proj/CMP400_Prof_Proj/Content/Models/Hinge_Roughness.uasset" 1840
"F:/CMP400 - Prof Proj/CMP400_Prof_Proj/Content/Models/Hinge_Roughness.uexp" 1841
"F:/CMP400 - Prof Proj/CMP400_Prof_Proj/Content/Models/Hinge_BaseColor.ubulk" 1842
"F:/CMP400 - Prof Proj/CMP400_Prof_Proj/Content/Models/Hinge_BaseColor.uasset" 1843
"F:/CMP400 - Prof Proj/CMP400_Prof_Proj/Content/Models/Hinge_BaseColor.uexp" 1844
"F:/CMP400 - Prof Proj/CMP400_Prof_Proj/Content/Models/Hinge_Normal.ubulk" 1845
"F:/CMP400 - Prof Proj/CMP400_Prof_Proj/Content/Models/Hinge_Normal.uasset" 1846
"F:/CMP400 - Prof Proj/CMP400_Prof_Proj/Content/Models/Hinge_Normal.uexp" 1847
"F:/CMP400 - Prof Proj/CMP400_Prof_Proj/Content/Models/Hinge.uasset" 1848
"F:/CMP400 - Prof Proj/CMP400_Prof_Proj/Content/Models/Hinge.uexp" 1849
"F:/CMP400 - Prof Proj/CMP400_Prof_Proj/Content/Models/Slide_BaseColor.ubulk" 1850
"F:/CMP400 - Prof Proj/CMP400_Prof_Proj/Content/Models/Slide_BaseColor.uasset" 1851
"F:/CMP400 - Prof Proj/CMP400_Prof_Proj/Content/Models/Slide_BaseColor.uexp" 1852
"F:/CMP400 - Prof Proj/CMP400_Prof_Proj/Content/Models/Slide_Normal.ubulk" 1853
"F:/CMP400 - Prof Proj/CMP400_Prof_Proj/Content/Models/Slide_Normal.uasset" 1854
"F:/CMP400 - Prof Proj/CMP400_Prof_Proj/Content/Models/Slide_Normal.uexp" 1855
"F:/CMP400 - Prof Proj/CMP400_Prof_Proj/Content/Models/Slide_Roughness.ubulk" 1856
"F:/CMP400 - Prof Proj/CMP400_Prof_Proj/Content/Models/Slide_Roughness.uasset" 1857
"F:/CMP400 - Prof Proj/CMP400_Prof_Proj/Content/Models/Slide_Roughness.uexp" 1858
"F:/CMP400 - Prof Proj/CMP400_Prof_Proj/Content/Models/Slide.uasset" 1859
"F:/CMP400 - Prof Proj/CMP400_Prof_Proj/Content/Models/Slide.uexp" 1860
"F:/CMP400 - Prof Proj/CMP400_Prof_Proj/Content/Models/RifleBodyTop_Normal.ubulk" 1861
"F:/CMP400 - Prof Proj/CMP400_Prof_Proj/Content/Models/RifleBodyTop_Normal.uasset" 1862
"F:/CMP400 - Prof Proj/CMP400_Prof_Proj/Content/Models/RifleBodyTop_Normal.uexp" 1863
"F:/CMP400 - Prof Proj/CMP400_Prof_Proj/Content/Models/RifleBodyTop_BaseColor.ubulk" 1864
"F:/CMP400 - Prof Proj/CMP400_Prof_Proj/Content/Models/RifleBodyTop_BaseColor.uasset" 1865
"F:/CMP400 - Prof Proj/CMP400_Prof_Proj/Content/Models/RifleBodyTop_BaseColor.uexp" 1866
"F:/CMP400 - Prof Proj/CMP400_Prof_Proj/Content/Models/RifleBodyTop_Roughness.ubulk" 1867
"F:/CMP400 - Prof Proj/CMP400_Prof_Proj/Content/Models/RifleBodyTop_Roughness.uasset" 1868
"F:/CMP400 - Prof Proj/CMP400_Prof_Proj/Content/Models/RifleBodyTop_Roughness.uexp" 1869
"F:/CMP400 - Prof Proj/CMP400_Prof_Proj/Content/Models/RifleBodyTop.uasset" 1870
"F:/CMP400 - Prof Proj/CMP400_Prof_Proj/Content/Models/RifleBodyTop.uexp" 1871
"F:/CMP400 - Prof Proj/CMP400_Prof_Proj/Content/Models/Rifle_PhysicsAsset.uasset" 1872
"F:/CMP400 - Prof Proj/CMP400_Prof_Proj/Content/Models/Rifle_PhysicsAsset.uexp" 1873
"F:/CMP400 - Prof Proj/CMP400_Prof_Proj/Content/Models/Ring_BaseColor.ubulk" 1874
"F:/CMP400 - Prof Proj/CMP400_Prof_Proj/Content/Models/Ring_BaseColor.uasset" 1875
"F:/CMP400 - Prof Proj/CMP400_Prof_Proj/Content/Models/Ring_BaseColor.uexp" 1876
"F:/CMP400 - Prof Proj/CMP400_Prof_Proj/Content/Models/Ring_Normal.ubulk" 1877
"F:/CMP400 - Prof Proj/CMP400_Prof_Proj/Content/Models/Ring_Normal.uasset" 1878
"F:/CMP400 - Prof Proj/CMP400_Prof_Proj/Content/Models/Ring_Normal.uexp" 1879
"F:/CMP400 - Prof Proj/CMP400_Prof_Proj/Content/Models/Ring_Roughness.ubulk" 1880
"F:/CMP400 - Prof Proj/CMP400_Prof_Proj/Content/Models/Ring_Roughness.uasset" 1881
"F:/CMP400 - Prof Proj/CMP400_Prof_Proj/Content/Models/Ring_Roughness.uexp" 1882
"F:/CMP400 - Prof Proj/CMP400_Prof_Proj/Content/Models/Ring.uasset" 1883
"F:/CMP400 - Prof Proj/CMP400_Prof_Proj/Content/Models/Ring.uexp" 1884
"F:/CMP400 - Prof Proj/CMP400_Prof_Proj/Content/Models/Handle_BaseColor.ubulk" 1885
"F:/CMP400 - Prof Proj/CMP400_Prof_Proj/Content/Models/Handle_BaseColor.uasset" 1886
"F:/CMP400 - Prof Proj/CMP400_Prof_Proj/Content/Models/Handle_BaseColor.uexp" 1887
"F:/CMP400 - Prof Proj/CMP400_Prof_Proj/Content/Models/Handle_Normal.ubulk" 1888
"F:/CMP400 - Prof Proj/CMP400_Prof_Proj/Content/Models/Handle_Normal.uasset" 1889
"F:/CMP400 - Prof Proj/CMP400_Prof_Proj/Content/Models/Handle_Normal.uexp" 1890
"F:/CMP400 - Prof Proj/CMP400_Prof_Proj/Content/Models/Handle_Roughness.ubulk" 1891
"F:/CMP400 - Prof Proj/CMP400_Prof_Proj/Content/Models/Handle_Roughness.uasset" 1892
"F:/CMP400 - Prof Proj/CMP400_Prof_Proj/Content/Models/Handle_Roughness.uexp" 1893
"F:/CMP400 - Prof Proj/CMP400_Prof_Proj/Content/Models/Handle.uasset" 1894
"F:/CMP400 - Prof Proj/CMP400_Prof_Proj/Content/Models/Handle.uexp" 1895
"F:/CMP400 - Prof Proj/CMP400_Prof_Proj/Content/Models/InnerRing_Roughness.ubulk" 1896
"F:/CMP400 - Prof Proj/CMP400_Prof_Proj/Content/Models/InnerRing_Roughness.uasset" 1897
"F:/CMP400 - Prof Proj/CMP400_Prof_Proj/Content/Models/InnerRing_Roughness.uexp" 1898
"F:/CMP400 - Prof Proj/CMP400_Prof_Proj/Content/Models/InnerRing_Normal.ubulk" 1899
"F:/CMP400 - Prof Proj/CMP400_Prof_Proj/Content/Models/InnerRing_Normal.uasset" 1900
"F:/CMP400 - Prof Proj/CMP400_Prof_Proj/Content/Models/InnerRing_Normal.uexp" 1901
"F:/CMP400 - Prof Proj/CMP400_Prof_Proj/Content/Models/InnerRing_BaseColor.ubulk" 1902
"F:/CMP400 - Prof Proj/CMP400_Prof_Proj/Content/Models/InnerRing_BaseColor.uasset" 1903
"F:/CMP400 - Prof Proj/CMP400_Prof_Proj/Content/Models/InnerRing_BaseColor.uexp" 1904
"F:/CMP400 - Prof Proj/CMP400_Prof_Proj/Content/Models/InnerRing.uasset" 1905
"F:/CMP400 - Prof Proj/CMP400_Prof_Proj/Content/Models/InnerRing.uexp" 1906
"F:/CMP400 - Prof Proj/CMP400_Prof_Proj/Content/Models/FlashlightBulb.uasset" 1907
"F:/CMP400 - Prof Proj/CMP400_Prof_Proj/Content/Models/FlashlightBulb.uexp" 1908
"F:/CMP400 - Prof Proj/CMP400_Prof_Proj/Content/Models/Rifle.uasset" 1909
"F:/CMP400 - Prof Proj/CMP400_Prof_Proj/Content/Models/Rifle.uexp" 1910
"F:/CMP400 - Prof Proj/CMP400_Prof_Proj/Content/FirstPersonArms/Animations/FP_Rifle_Idle.uasset" 1911
"F:/CMP400 - Prof Proj/CMP400_Prof_Proj/Content/FirstPersonArms/Animations/FP_Rifle_Idle.uexp" 1912
"F:/CMP400 - Prof Proj/CMP400_Prof_Proj/Content/FirstPersonArms/Animations/FP_Rifle_Land.uasset" 1913
"F:/CMP400 - Prof Proj/CMP400_Prof_Proj/Content/FirstPersonArms/Animations/FP_Rifle_Land.uexp" 1914
"F:/CMP400 - Prof Proj/CMP400_Prof_Proj/Content/FirstPersonArms/Animations/FP_Rifle_Run.uasset" 1915
"F:/CMP400 - Prof Proj/CMP400_Prof_Proj/Content/FirstPersonArms/Animations/FP_Rifle_Run.uexp" 1916
"F:/CMP400 - Prof Proj/CMP400_Prof_Proj/Content/FirstPersonArms/Animations/FP_Rifle_Falling.uasset" 1917
"F:/CMP400 - Prof Proj/CMP400_Prof_Proj/Content/FirstPersonArms/Animations/FP_Rifle_Falling.uexp" 1918
"../../../Engine/Content/Animation/DefaultRecorderBoneCompression.uasset" 1919
"../../../Engine/Content/Animation/DefaultRecorderBoneCompression.uexp" 1920
"F:/CMP400 - Prof Proj/CMP400_Prof_Proj/Content/FirstPersonArms/Animations/FP_Idle.uasset" 1921
"F:/CMP400 - Prof Proj/CMP400_Prof_Proj/Content/FirstPersonArms/Animations/FP_Idle.uexp" 1922
"F:/CMP400 - Prof Proj/CMP400_Prof_Proj/Content/FirstPersonArms/Animations/FP_Jump.uasset" 1923
"F:/CMP400 - Prof Proj/CMP400_Prof_Proj/Content/FirstPersonArms/Animations/FP_Jump.uexp" 1924
"F:/CMP400 - Prof Proj/CMP400_Prof_Proj/Content/FirstPersonArms/Animations/FP_Run_Fwd.uasset" 1925
"F:/CMP400 - Prof Proj/CMP400_Prof_Proj/Content/FirstPersonArms/Animations/FP_Run_Fwd.uexp" 1926
"F:/CMP400 - Prof Proj/CMP400_Prof_Proj/Content/FirstPersonArms/Animations/FP_Land.uasset" 1927
"F:/CMP400 - Prof Proj/CMP400_Prof_Proj/Content/FirstPersonArms/Animations/FP_Land.uexp" 1928
"F:/CMP400 - Prof Proj/CMP400_Prof_Proj/Content/FirstPersonArms/Animations/FP_Falling.uasset" 1929
"F:/CMP400 - Prof Proj/CMP400_Prof_Proj/Content/FirstPersonArms/Animations/FP_Falling.uexp" 1930
"F:/CMP400 - Prof Proj/CMP400_Prof_Proj/Content/FirstPersonArms/Animations/FP_Rifle_Jump.uasset" 1931
"F:/CMP400 - Prof Proj/CMP400_Prof_Proj/Content/FirstPersonArms/Animations/FP_Rifle_Jump.uexp" 1932
"F:/CMP400 - Prof Proj/CMP400_Prof_Proj/Content/FirstPersonArms/Animations/FirstPerson_AnimBP.uasset" 1933
"F:/CMP400 - Prof Proj/CMP400_Prof_Proj/Content/FirstPersonArms/Animations/FirstPerson_AnimBP.uexp" 1934
"F:/CMP400 - Prof Proj/CMP400_Prof_Proj/Content/FirstPerson/Blueprints/BP_FirstPersonCharacter.uasset" 1935
"F:/CMP400 - Prof Proj/CMP400_Prof_Proj/Content/FirstPerson/Blueprints/BP_FirstPersonCharacter.uexp" 1936
"F:/CMP400 - Prof Proj/CMP400_Prof_Proj/Content/FirstPerson/Blueprints/AC_Health.uasset" 1937
"F:/CMP400 - Prof Proj/CMP400_Prof_Proj/Content/FirstPerson/Blueprints/AC_Health.uexp" 1938
"F:/CMP400 - Prof Proj/CMP400_Prof_Proj/Content/FirstPerson/Blueprints/BP_FirstPersonProjectile.uasset" 1939
"F:/CMP400 - Prof Proj/CMP400_Prof_Proj/Content/FirstPerson/Blueprints/BP_FirstPersonProjectile.uexp" 1940
"F:/CMP400 - Prof Proj/CMP400_Prof_Proj/Content/FirstPerson/Blueprints/BP_PickUp_Rifle.uasset" 1941
"F:/CMP400 - Prof Proj/CMP400_Prof_Proj/Content/FirstPerson/Blueprints/BP_PickUp_Rifle.uexp" 1942
"F:/CMP400 - Prof Proj/CMP400_Prof_Proj/Content/AnimStarterPack/UE5_Upgraded/Walk_Rt_Rifle_Ironsights.uasset" 1943
"F:/CMP400 - Prof Proj/CMP400_Prof_Proj/Content/AnimStarterPack/UE5_Upgraded/Walk_Rt_Rifle_Ironsights.uexp" 1944
"F:/CMP400 - Prof Proj/CMP400_Prof_Proj/Content/AnimStarterPack/UE5_Upgraded/Walk_Lt_Rifle_Ironsights.uasset" 1945
"F:/CMP400 - Prof Proj/CMP400_Prof_Proj/Content/AnimStarterPack/UE5_Upgraded/Walk_Lt_Rifle_Ironsights.uexp" 1946
"F:/CMP400 - Prof Proj/CMP400_Prof_Proj/Content/AnimStarterPack/UE5_Upgraded/Walk_Fwd_Rifle_Ironsights.uasset" 1947
"F:/CMP400 - Prof Proj/CMP400_Prof_Proj/Content/AnimStarterPack/UE5_Upgraded/Walk_Fwd_Rifle_Ironsights.uexp" 1948
"F:/CMP400 - Prof Proj/CMP400_Prof_Proj/Content/AnimStarterPack/UE5_Upgraded/Walk_Bwd_Rifle_Ironsights.uasset" 1949
"F:/CMP400 - Prof Proj/CMP400_Prof_Proj/Content/AnimStarterPack/UE5_Upgraded/Walk_Bwd_Rifle_Ironsights.uexp" 1950
"F:/CMP400 - Prof Proj/CMP400_Prof_Proj/Content/AnimStarterPack/UE5_Upgraded/Stand_To_Prone.uasset" 1951
"F:/CMP400 - Prof Proj/CMP400_Prof_Proj/Content/AnimStarterPack/UE5_Upgraded/Stand_To_Prone.uexp" 1952
"F:/CMP400 - Prof Proj/CMP400_Prof_Proj/Content/AnimStarterPack/UE5_Upgraded/Stand_to_Crouch_Rifle_Ironsights.uasset" 1953
"F:/CMP400 - Prof Proj/CMP400_Prof_Proj/Content/AnimStarterPack/UE5_Upgraded/Stand_to_Crouch_Rifle_Ironsights.uexp" 1954
"F:/CMP400 - Prof Proj/CMP400_Prof_Proj/Content/AnimStarterPack/UE5_Upgraded/Stand_to_Crouch_Rifle_Hip.uasset" 1955
"F:/CMP400 - Prof Proj/CMP400_Prof_Proj/Content/AnimStarterPack/UE5_Upgraded/Stand_to_Crouch_Rifle_Hip.uexp" 1956
"F:/CMP400 - Prof Proj/CMP400_Prof_Proj/Content/AnimStarterPack/UE5_Upgraded/Sprint_Fwd_Rifle.uasset" 1957
"F:/CMP400 - Prof Proj/CMP400_Prof_Proj/Content/AnimStarterPack/UE5_Upgraded/Sprint_Fwd_Rifle.uexp" 1958
"F:/CMP400 - Prof Proj/CMP400_Prof_Proj/Content/AnimStarterPack/UE5_Upgraded/Reload_Shotgun_Ironsights.uasset" 1959
"F:/CMP400 - Prof Proj/CMP400_Prof_Proj/Content/AnimStarterPack/UE5_Upgraded/Reload_Shotgun_Ironsights.uexp" 1960
"F:/CMP400 - Prof Proj/CMP400_Prof_Proj/Content/AnimStarterPack/UE5_Upgraded/Reload_Shotgun_Hip.uasset" 1961
"F:/CMP400 - Prof Proj/CMP400_Prof_Proj/Content/AnimStarterPack/UE5_Upgraded/Reload_Shotgun_Hip.uexp" 1962
"F:/CMP400 - Prof Proj/CMP400_Prof_Proj/Content/AnimStarterPack/UE5_Upgraded/Reload_Rifle_Ironsights.uasset" 1963
"F:/CMP400 - Prof Proj/CMP400_Prof_Proj/Content/AnimStarterPack/UE5_Upgraded/Reload_Rifle_Ironsights.uexp" 1964
"F:/CMP400 - Prof Proj/CMP400_Prof_Proj/Content/AnimStarterPack/UE5_Upgraded/Reload_Rifle_Hip.uasset" 1965
"F:/CMP400 - Prof Proj/CMP400_Prof_Proj/Content/AnimStarterPack/UE5_Upgraded/Reload_Rifle_Hip.uexp" 1966
"F:/CMP400 - Prof Proj/CMP400_Prof_Proj/Content/AnimStarterPack/UE5_Upgraded/Reload_Pistol.uasset" 1967
"F:/CMP400 - Prof Proj/CMP400_Prof_Proj/Content/AnimStarterPack/UE5_Upgraded/Reload_Pistol.uexp" 1968
"F:/CMP400 - Prof Proj/CMP400_Prof_Proj/Content/AnimStarterPack/UE5_Upgraded/Prone_To_Stand.uasset" 1969
"F:/CMP400 - Prof Proj/CMP400_Prof_Proj/Content/AnimStarterPack/UE5_Upgraded/Prone_To_Stand.uexp" 1970
"F:/CMP400 - Prof Proj/CMP400_Prof_Proj/Content/AnimStarterPack/UE5_Upgraded/Prone_Reload_Shotgun.uasset" 1971
"F:/CMP400 - Prof Proj/CMP400_Prof_Proj/Content/AnimStarterPack/UE5_Upgraded/Prone_Reload_Shotgun.uexp" 1972
"F:/CMP400 - Prof Proj/CMP400_Prof_Proj/Content/AnimStarterPack/UE5_Upgraded/Prone_Reload_Rifle.uasset" 1973
"F:/CMP400 - Prof Proj/CMP400_Prof_Proj/Content/AnimStarterPack/UE5_Upgraded/Prone_Reload_Rifle.uexp" 1974
"F:/CMP400 - Prof Proj/CMP400_Prof_Proj/Content/AnimStarterPack/UE5_Upgraded/Prone_Idle.uasset" 1975
"F:/CMP400 - Prof Proj/CMP400_Prof_Proj/Content/AnimStarterPack/UE5_Upgraded/Prone_Idle.uexp" 1976
"F:/CMP400 - Prof Proj/CMP400_Prof_Proj/Content/AnimStarterPack/UE5_Upgraded/Prone_Fire_2.uasset" 1977
"F:/CMP400 - Prof Proj/CMP400_Prof_Proj/Content/AnimStarterPack/UE5_Upgraded/Prone_Fire_2.uexp" 1978
"F:/CMP400 - Prof Proj/CMP400_Prof_Proj/Content/AnimStarterPack/UE5_Upgraded/Prone_Fire_1.uasset" 1979
"F:/CMP400 - Prof Proj/CMP400_Prof_Proj/Content/AnimStarterPack/UE5_Upgraded/Prone_Fire_1.uexp" 1980
"F:/CMP400 - Prof Proj/CMP400_Prof_Proj/Content/AnimStarterPack/UE5_Upgraded/Prone_Death_2.uasset" 1981
"F:/CMP400 - Prof Proj/CMP400_Prof_Proj/Content/AnimStarterPack/UE5_Upgraded/Prone_Death_2.uexp" 1982
"F:/CMP400 - Prof Proj/CMP400_Prof_Proj/Content/AnimStarterPack/UE5_Upgraded/Prone_Death_1.uasset" 1983
"F:/CMP400 - Prof Proj/CMP400_Prof_Proj/Content/AnimStarterPack/UE5_Upgraded/Prone_Death_1.uexp" 1984
"F:/CMP400 - Prof Proj/CMP400_Prof_Proj/Content/AnimStarterPack/UE5_Upgraded/Jump_From_Stand_Ironsights.uasset" 1985
"F:/CMP400 - Prof Proj/CMP400_Prof_Proj/Content/AnimStarterPack/UE5_Upgraded/Jump_From_Stand_Ironsights.uexp" 1986
"F:/CMP400 - Prof Proj/CMP400_Prof_Proj/Content/AnimStarterPack/UE5_Upgraded/Jump_From_Stand.uasset" 1987
"F:/CMP400 - Prof Proj/CMP400_Prof_Proj/Content/AnimStarterPack/UE5_Upgraded/Jump_From_Stand.uexp" 1988
"F:/CMP400 - Prof Proj/CMP400_Prof_Proj/Content/AnimStarterPack/UE5_Upgraded/Jump_From_Jog.uasset" 1989
"F:/CMP400 - Prof Proj/CMP400_Prof_Proj/Content/AnimStarterPack/UE5_Upgraded/Jump_From_Jog.uexp" 1990
"F:/CMP400 - Prof Proj/CMP400_Prof_Proj/Content/AnimStarterPack/UE5_Upgraded/Jog_Rt_Rifle.uasset" 1991
"F:/CMP400 - Prof Proj/CMP400_Prof_Proj/Content/AnimStarterPack/UE5_Upgraded/Jog_Rt_Rifle.uexp" 1992
"F:/CMP400 - Prof Proj/CMP400_Prof_Proj/Content/AnimStarterPack/UE5_Upgraded/Jog_Lt_Rifle.uasset" 1993
"F:/CMP400 - Prof Proj/CMP400_Prof_Proj/Content/AnimStarterPack/UE5_Upgraded/Jog_Lt_Rifle.uexp" 1994
"F:/CMP400 - Prof Proj/CMP400_Prof_Proj/Content/AnimStarterPack/UE5_Upgraded/Jog_Fwd_Rifle.uasset" 1995
"F:/CMP400 - Prof Proj/CMP400_Prof_Proj/Content/AnimStarterPack/UE5_Upgraded/Jog_Fwd_Rifle.uexp" 1996
"F:/CMP400 - Prof Proj/CMP400_Prof_Proj/Content/AnimStarterPack/UE5_Upgraded/Jog_Fwd.uasset" 1997
"F:/CMP400 - Prof Proj/CMP400_Prof_Proj/Content/AnimStarterPack/UE5_Upgraded/Jog_Fwd.uexp" 1998
"F:/CMP400 - Prof Proj/CMP400_Prof_Proj/Content/AnimStarterPack/UE5_Upgraded/Jog_Bwd_Rifle.uasset" 1999
"F:/CMP400 - Prof Proj/CMP400_Prof_Proj/Content/AnimStarterPack/UE5_Upgraded/Jog_Bwd_Rifle.uexp" 2000
"F:/CMP400 - Prof Proj/CMP400_Prof_Proj/Content/AnimStarterPack/UE5_Upgraded/Idle_Rifle_Ironsights.uasset" 2001
"F:/CMP400 - Prof Proj/CMP400_Prof_Proj/Content/AnimStarterPack/UE5_Upgraded/Idle_Rifle_Ironsights.uexp" 2002
"F:/CMP400 - Prof Proj/CMP400_Prof_Proj/Content/AnimStarterPack/UE5_Upgraded/Idle_Rifle_Hip_Break2.uasset" 2003
"F:/CMP400 - Prof Proj/CMP400_Prof_Proj/Content/AnimStarterPack/UE5_Upgraded/Idle_Rifle_Hip_Break2.uexp" 2004
"F:/CMP400 - Prof Proj/CMP400_Prof_Proj/Content/AnimStarterPack/UE5_Upgraded/Idle_Rifle_Hip_Break1.uasset" 2005
"F:/CMP400 - Prof Proj/CMP400_Prof_Proj/Content/AnimStarterPack/UE5_Upgraded/Idle_Rifle_Hip_Break1.uexp" 2006
"F:/CMP400 - Prof Proj/CMP400_Prof_Proj/Content/AnimStarterPack/UE5_Upgraded/Idle_Rifle_Hip.uasset" 2007
"F:/CMP400 - Prof Proj/CMP400_Prof_Proj/Content/AnimStarterPack/UE5_Upgraded/Idle_Rifle_Hip.uexp" 2008
"F:/CMP400 - Prof Proj/CMP400_Prof_Proj/Content/AnimStarterPack/UE5_Upgraded/Idle_Pistol.uasset" 2009
"F:/CMP400 - Prof Proj/CMP400_Prof_Proj/Content/AnimStarterPack/UE5_Upgraded/Idle_Pistol.uexp" 2010
"F:/CMP400 - Prof Proj/CMP400_Prof_Proj/Content/AnimStarterPack/UE5_Upgraded/Hit_React_4.uasset" 2011
"F:/CMP400 - Prof Proj/CMP400_Prof_Proj/Content/AnimStarterPack/UE5_Upgraded/Hit_React_4.uexp" 2012
"F:/CMP400 - Prof Proj/CMP400_Prof_Proj/Content/AnimStarterPack/UE5_Upgraded/Hit_React_3.uasset" 2013
"F:/CMP400 - Prof Proj/CMP400_Prof_Proj/Content/AnimStarterPack/UE5_Upgraded/Hit_React_3.uexp" 2014
"F:/CMP400 - Prof Proj/CMP400_Prof_Proj/Content/AnimStarterPack/UE5_Upgraded/Hit_React_2.uasset" 2015
"F:/CMP400 - Prof Proj/CMP400_Prof_Proj/Content/AnimStarterPack/UE5_Upgraded/Hit_React_2.uexp" 2016
"F:/CMP400 - Prof Proj/CMP400_Prof_Proj/Content/AnimStarterPack/UE5_Upgraded/Hit_React_1.uasset" 2017
"F:/CMP400 - Prof Proj/CMP400_Prof_Proj/Content/AnimStarterPack/UE5_Upgraded/Hit_React_1.uexp" 2018
"F:/CMP400 - Prof Proj/CMP400_Prof_Proj/Content/AnimStarterPack/UE5_Upgraded/Fire_Shotgun_Ironsights.uasset" 2019
"F:/CMP400 - Prof Proj/CMP400_Prof_Proj/Content/AnimStarterPack/UE5_Upgraded/Fire_Shotgun_Ironsights.uexp" 2020
"F:/CMP400 - Prof Proj/CMP400_Prof_Proj/Content/AnimStarterPack/UE5_Upgraded/Fire_Shotgun_Hip.uasset" 2021
"F:/CMP400 - Prof Proj/CMP400_Prof_Proj/Content/AnimStarterPack/UE5_Upgraded/Fire_Shotgun_Hip.uexp" 2022
"F:/CMP400 - Prof Proj/CMP400_Prof_Proj/Content/AnimStarterPack/UE5_Upgraded/Fire_Rifle_Ironsights.uasset" 2023
"F:/CMP400 - Prof Proj/CMP400_Prof_Proj/Content/AnimStarterPack/UE5_Upgraded/Fire_Rifle_Ironsights.uexp" 2024
"F:/CMP400 - Prof Proj/CMP400_Prof_Proj/Content/AnimStarterPack/UE5_Upgraded/Fire_Rifle_Hip.uasset" 2025
"F:/CMP400 - Prof Proj/CMP400_Prof_Proj/Content/AnimStarterPack/UE5_Upgraded/Fire_Rifle_Hip.uexp" 2026
"F:/CMP400 - Prof Proj/CMP400_Prof_Proj/Content/AnimStarterPack/UE5_Upgraded/Equip_Rifle_Standing.uasset" 2027
"F:/CMP400 - Prof Proj/CMP400_Prof_Proj/Content/AnimStarterPack/UE5_Upgraded/Equip_Rifle_Standing.uexp" 2028
"F:/CMP400 - Prof Proj/CMP400_Prof_Proj/Content/AnimStarterPack/UE5_Upgraded/Equip_Pistol_Standing.uasset" 2029
"F:/CMP400 - Prof Proj/CMP400_Prof_Proj/Content/AnimStarterPack/UE5_Upgraded/Equip_Pistol_Standing.uexp" 2030
"F:/CMP400 - Prof Proj/CMP400_Prof_Proj/Content/AnimStarterPack/UE5_Upgraded/Death_Ironsights_2.uasset" 2031
"F:/CMP400 - Prof Proj/CMP400_Prof_Proj/Content/AnimStarterPack/UE5_Upgraded/Death_Ironsights_2.uexp" 2032
"F:/CMP400 - Prof Proj/CMP400_Prof_Proj/Content/AnimStarterPack/UE5_Upgraded/Death_Ironsights_1.uasset" 2033
"F:/CMP400 - Prof Proj/CMP400_Prof_Proj/Content/AnimStarterPack/UE5_Upgraded/Death_Ironsights_1.uexp" 2034
"F:/CMP400 - Prof Proj/CMP400_Prof_Proj/Content/AnimStarterPack/UE5_Upgraded/Death_3.uasset" 2035
"F:/CMP400 - Prof Proj/CMP400_Prof_Proj/Content/AnimStarterPack/UE5_Upgraded/Death_3.uexp" 2036
"F:/CMP400 - Prof Proj/CMP400_Prof_Proj/Content/AnimStarterPack/UE5_Upgraded/Death_2.uasset" 2037
"F:/CMP400 - Prof Proj/CMP400_Prof_Proj/Content/AnimStarterPack/UE5_Upgraded/Death_2.uexp" 2038
"F:/CMP400 - Prof Proj/CMP400_Prof_Proj/Content/AnimStarterPack/UE5_Upgraded/Death_1.uasset" 2039
"F:/CMP400 - Prof Proj/CMP400_Prof_Proj/Content/AnimStarterPack/UE5_Upgraded/Death_1.uexp" 2040
"F:/CMP400 - Prof Proj/CMP400_Prof_Proj/Content/AnimStarterPack/UE5_Upgraded/Crouch_Walk_Rt_Rifle_Ironsights.uasset" 2041
"F:/CMP400 - Prof Proj/CMP400_Prof_Proj/Content/AnimStarterPack/UE5_Upgraded/Crouch_Walk_Rt_Rifle_Ironsights.uexp" 2042
"F:/CMP400 - Prof Proj/CMP400_Prof_Proj/Content/AnimStarterPack/UE5_Upgraded/Crouch_Walk_Rt_Rifle_Hip.uasset" 2043
"F:/CMP400 - Prof Proj/CMP400_Prof_Proj/Content/AnimStarterPack/UE5_Upgraded/Crouch_Walk_Rt_Rifle_Hip.uexp" 2044
"F:/CMP400 - Prof Proj/CMP400_Prof_Proj/Content/AnimStarterPack/UE5_Upgraded/Crouch_Walk_Lt_Rifle_Ironsights.uasset" 2045
"F:/CMP400 - Prof Proj/CMP400_Prof_Proj/Content/AnimStarterPack/UE5_Upgraded/Crouch_Walk_Lt_Rifle_Ironsights.uexp" 2046
"F:/CMP400 - Prof Proj/CMP400_Prof_Proj/Content/AnimStarterPack/UE5_Upgraded/Crouch_Walk_Lt_Rifle_Hip.uasset" 2047
"F:/CMP400 - Prof Proj/CMP400_Prof_Proj/Content/AnimStarterPack/UE5_Upgraded/Crouch_Walk_Lt_Rifle_Hip.uexp" 2048
"F:/CMP400 - Prof Proj/CMP400_Prof_Proj/Content/AnimStarterPack/UE5_Upgraded/Crouch_Walk_Fwd_Rifle_Ironsights.uasset" 2049
"F:/CMP400 - Prof Proj/CMP400_Prof_Proj/Content/AnimStarterPack/UE5_Upgraded/Crouch_Walk_Fwd_Rifle_Ironsights.uexp" 2050
"F:/CMP400 - Prof Proj/CMP400_Prof_Proj/Content/AnimStarterPack/UE5_Upgraded/Crouch_Walk_Fwd_Rifle_Hip.uasset" 2051
"F:/CMP400 - Prof Proj/CMP400_Prof_Proj/Content/AnimStarterPack/UE5_Upgraded/Crouch_Walk_Fwd_Rifle_Hip.uexp" 2052
"F:/CMP400 - Prof Proj/CMP400_Prof_Proj/Content/AnimStarterPack/UE5_Upgraded/Crouch_Walk_Bwd_Rifle_Ironsights.uasset" 2053
"F:/CMP400 - Prof Proj/CMP400_Prof_Proj/Content/AnimStarterPack/UE5_Upgraded/Crouch_Walk_Bwd_Rifle_Ironsights.uexp" 2054
"F:/CMP400 - Prof Proj/CMP400_Prof_Proj/Content/AnimStarterPack/UE5_Upgraded/Crouch_Walk_Bwd_Rifle_Hip.uasset" 2055
"F:/CMP400 - Prof Proj/CMP400_Prof_Proj/Content/AnimStarterPack/UE5_Upgraded/Crouch_Walk_Bwd_Rifle_Hip.uexp" 2056
"F:/CMP400 - Prof Proj/CMP400_Prof_Proj/Content/AnimStarterPack/UE5_Upgraded/Crouch_to_Stand_Rifle_Ironsights.uasset" 2057
"F:/CMP400 - Prof Proj/CMP400_Prof_Proj/Content/AnimStarterPack/UE5_Upgraded/Crouch_to_Stand_Rifle_Ironsights.uexp" 2058
"F:/CMP400 - Prof Proj/CMP400_Prof_Proj/Content/AnimStarterPack/UE5_Upgraded/Crouch_to_Stand_Rifle_Hip.uasset" 2059
"F:/CMP400 - Prof Proj/CMP400_Prof_Proj/Content/AnimStarterPack/UE5_Upgraded/Crouch_to_Stand_Rifle_Hip.uexp" 2060
"F:/CMP400 - Prof Proj/CMP400_Prof_Proj/Content/AnimStarterPack/UE5_Upgraded/Crouch_Idle_Rifle_Ironsights.uasset" 2061
"F:/CMP400 - Prof Proj/CMP400_Prof_Proj/Content/AnimStarterPack/UE5_Upgraded/Crouch_Idle_Rifle_Ironsights.uexp" 2062
"F:/CMP400 - Prof Proj/CMP400_Prof_Proj/Content/AnimStarterPack/UE5_Upgraded/Crouch_Idle_Rifle_Hip.uasset" 2063
"F:/CMP400 - Prof Proj/CMP400_Prof_Proj/Content/AnimStarterPack/UE5_Upgraded/Crouch_Idle_Rifle_Hip.uexp" 2064
"F:/CMP400 - Prof Proj/CMP400_Prof_Proj/Content/AnimStarterPack/UE5_Upgraded/Aim_Space_Ironsights.uasset" 2065
"F:/CMP400 - Prof Proj/CMP400_Prof_Proj/Content/AnimStarterPack/UE5_Upgraded/Aim_Space_Ironsights.uexp" 2066
"F:/CMP400 - Prof Proj/CMP400_Prof_Proj/Content/AnimStarterPack/UE5_Upgraded/Aim_Space_Hip.uasset" 2067
"F:/CMP400 - Prof Proj/CMP400_Prof_Proj/Content/AnimStarterPack/UE5_Upgraded/Aim_Space_Hip.uexp" 2068
"../../../Engine/Content/Functions/Engine_MaterialFunctions01/Shading/PowerToRoughness.uasset" 2069
"../../../Engine/Content/Functions/Engine_MaterialFunctions01/Shading/PowerToRoughness.uexp" 2070
"../../../Engine/Content/Functions/Engine_MaterialFunctions01/Shading/ConvertFromDiffSpec.uasset" 2071
"../../../Engine/Content/Functions/Engine_MaterialFunctions01/Shading/ConvertFromDiffSpec.uexp" 2072
"../../../Engine/Content/EngineMaterials/Substrate/Volume/SubstrateSimpleVolumeLUT3D.uasset" 2073
"../../../Engine/Content/EngineMaterials/Substrate/Volume/SubstrateSimpleVolumeLUT3D.uexp" 2074
"../../../Engine/Content/EngineMaterials/Substrate/Volume/SubstrateSimpleVolumeEnvLUT3D.uasset" 2075
"../../../Engine/Content/EngineMaterials/Substrate/Volume/SubstrateSimpleVolumeEnvLUT3D.uexp" 2076
"../../../Engine/Content/EngineMaterials/Substrate/GLints2/AGlintTex2dArray2.uasset" 2077
"../../../Engine/Content/EngineMaterials/Substrate/GLints2/AGlintTex2dArray2.uexp" 2078
"../../../Engine/Content/EngineMaterials/Substrate/GLints/AGlintTex2dArray.uasset" 2079
"../../../Engine/Content/EngineMaterials/Substrate/GLints/AGlintTex2dArray.uexp" 2080
"F:/CMP400 - Prof Proj/CMP400_Prof_Proj/Content/FPWeapon/Materials/MaterialLayers/T_ML_FineRubber.ubulk" 2081
"F:/CMP400 - Prof Proj/CMP400_Prof_Proj/Content/FPWeapon/Materials/MaterialLayers/T_ML_FineRubber.uasset" 2082
"F:/CMP400 - Prof Proj/CMP400_Prof_Proj/Content/FPWeapon/Materials/MaterialLayers/T_ML_FineRubber.uexp" 2083
"F:/CMP400 - Prof Proj/CMP400_Prof_Proj/Content/Characters/Mannequin_UE4/Rigs/RTG_UE5Manny_UE4Manny.uasset" 2084
"F:/CMP400 - Prof Proj/CMP400_Prof_Proj/Content/Characters/Mannequin_UE4/Rigs/RTG_UE5Manny_UE4Manny.uexp" 2085
"F:/CMP400 - Prof Proj/CMP400_Prof_Proj/Content/Characters/Mannequin_UE4/Rigs/RTG_UE4Manny_UE5Manny.uasset" 2086
"F:/CMP400 - Prof Proj/CMP400_Prof_Proj/Content/Characters/Mannequin_UE4/Rigs/RTG_UE4Manny_UE5Manny.uexp" 2087
"F:/CMP400 - Prof Proj/CMP400_Prof_Proj/Content/Characters/Mannequin_UE4/Rigs/IK_UE4_Mannequin.uasset" 2088
"F:/CMP400 - Prof Proj/CMP400_Prof_Proj/Content/Characters/Mannequin_UE4/Rigs/IK_UE4_Mannequin.uexp" 2089
"F:/CMP400 - Prof Proj/CMP400_Prof_Proj/Content/Characters/Mannequin_UE4/Textures/T_UELogo_N_TGA.ubulk" 2090
"F:/CMP400 - Prof Proj/CMP400_Prof_Proj/Content/Characters/Mannequin_UE4/Textures/T_UELogo_N_TGA.uasset" 2091
"F:/CMP400 - Prof Proj/CMP400_Prof_Proj/Content/Characters/Mannequin_UE4/Textures/T_UELogo_N_TGA.uexp" 2092
"F:/CMP400 - Prof Proj/CMP400_Prof_Proj/Content/Characters/Mannequin_UE4/Textures/T_UE4_Mannequin__normals.ubulk" 2093
"F:/CMP400 - Prof Proj/CMP400_Prof_Proj/Content/Characters/Mannequin_UE4/Textures/T_UE4_Mannequin__normals.uasset" 2094
"F:/CMP400 - Prof Proj/CMP400_Prof_Proj/Content/Characters/Mannequin_UE4/Textures/T_UE4_Mannequin__normals.uexp" 2095
"F:/CMP400 - Prof Proj/CMP400_Prof_Proj/Content/Characters/Mannequin_UE4/Materials/Layers/ML_ShinyPlastic_Beige.uasset" 2096
"F:/CMP400 - Prof Proj/CMP400_Prof_Proj/Content/Characters/Mannequin_UE4/Materials/Layers/ML_ShinyPlastic_Beige.uexp" 2097
"F:/CMP400 - Prof Proj/CMP400_Prof_Proj/Content/Characters/Mannequin_UE4/Textures/T_UELogo_Mask.ubulk" 2098
"F:/CMP400 - Prof Proj/CMP400_Prof_Proj/Content/Characters/Mannequin_UE4/Textures/T_UELogo_Mask.uasset" 2099
"F:/CMP400 - Prof Proj/CMP400_Prof_Proj/Content/Characters/Mannequin_UE4/Textures/T_UELogo_Mask.uexp" 2100
"F:/CMP400 - Prof Proj/CMP400_Prof_Proj/Content/Characters/Mannequin_UE4/Materials/Layers/ML_ShinyPlastic_Beige_Logo.uasset" 2101
"F:/CMP400 - Prof Proj/CMP400_Prof_Proj/Content/Characters/Mannequin_UE4/Materials/Layers/ML_ShinyPlastic_Beige_Logo.uexp" 2102
"F:/CMP400 - Prof Proj/CMP400_Prof_Proj/Content/Characters/Mannequin_UE4/Textures/T_UE4_Mannequin_MAT_MASKA.ubulk" 2103
"F:/CMP400 - Prof Proj/CMP400_Prof_Proj/Content/Characters/Mannequin_UE4/Textures/T_UE4_Mannequin_MAT_MASKA.uasset" 2104
"F:/CMP400 - Prof Proj/CMP400_Prof_Proj/Content/Characters/Mannequin_UE4/Textures/T_UE4_Mannequin_MAT_MASKA.uexp" 2105
"F:/CMP400 - Prof Proj/CMP400_Prof_Proj/Content/Characters/Mannequin_UE4/Textures/T_ML_Aluminum01_N.ubulk" 2106
"F:/CMP400 - Prof Proj/CMP400_Prof_Proj/Content/Characters/Mannequin_UE4/Textures/T_ML_Aluminum01_N.uasset" 2107
"F:/CMP400 - Prof Proj/CMP400_Prof_Proj/Content/Characters/Mannequin_UE4/Textures/T_ML_Aluminum01_N.uexp" 2108
"F:/CMP400 - Prof Proj/CMP400_Prof_Proj/Content/Characters/Mannequin_UE4/Textures/T_ML_Aluminum01.ubulk" 2109
"F:/CMP400 - Prof Proj/CMP400_Prof_Proj/Content/Characters/Mannequin_UE4/Textures/T_ML_Aluminum01.uasset" 2110
"F:/CMP400 - Prof Proj/CMP400_Prof_Proj/Content/Characters/Mannequin_UE4/Textures/T_ML_Aluminum01.uexp" 2111
"F:/CMP400 - Prof Proj/CMP400_Prof_Proj/Content/Characters/Mannequin_UE4/Materials/Layers/ML_SoftMetal.uasset" 2112
"F:/CMP400 - Prof Proj/CMP400_Prof_Proj/Content/Characters/Mannequin_UE4/Materials/Layers/ML_SoftMetal.uexp" 2113
"F:/CMP400 - Prof Proj/CMP400_Prof_Proj/Content/Characters/Mannequin_UE4/Textures/T_ML_Rubber_Blue_01_N.ubulk" 2114
"F:/CMP400 - Prof Proj/CMP400_Prof_Proj/Content/Characters/Mannequin_UE4/Textures/T_ML_Rubber_Blue_01_N.uasset" 2115
"F:/CMP400 - Prof Proj/CMP400_Prof_Proj/Content/Characters/Mannequin_UE4/Textures/T_ML_Rubber_Blue_01_N.uexp" 2116
"F:/CMP400 - Prof Proj/CMP400_Prof_Proj/Content/Characters/Mannequin_UE4/Textures/T_ML_Rubber_Blue_01_D.ubulk" 2117
"F:/CMP400 - Prof Proj/CMP400_Prof_Proj/Content/Characters/Mannequin_UE4/Textures/T_ML_Rubber_Blue_01_D.uasset" 2118
"F:/CMP400 - Prof Proj/CMP400_Prof_Proj/Content/Characters/Mannequin_UE4/Textures/T_ML_Rubber_Blue_01_D.uexp" 2119
"F:/CMP400 - Prof Proj/CMP400_Prof_Proj/Content/Characters/Mannequin_UE4/Materials/Layers/ML_Latex_Black.uasset" 2120
"F:/CMP400 - Prof Proj/CMP400_Prof_Proj/Content/Characters/Mannequin_UE4/Materials/Layers/ML_Latex_Black.uexp" 2121
"F:/CMP400 - Prof Proj/CMP400_Prof_Proj/Content/Characters/Mannequin_UE4/Materials/M_MannequinUE4_Body.uasset" 2122
"F:/CMP400 - Prof Proj/CMP400_Prof_Proj/Content/Characters/Mannequin_UE4/Materials/M_MannequinUE4_Body.uexp" 2123
"F:/CMP400 - Prof Proj/CMP400_Prof_Proj/Content/Characters/Mannequin_UE4/Materials/M_MannequinUE4_ChestLogo.uasset" 2124
"F:/CMP400 - Prof Proj/CMP400_Prof_Proj/Content/Characters/Mannequin_UE4/Materials/M_MannequinUE4_ChestLogo.uexp" 2125
"F:/CMP400 - Prof Proj/CMP400_Prof_Proj/Content/Characters/Mannequin_UE4/Meshes/SK_Mannequin_PhysicsAsset.uasset" 2126
"F:/CMP400 - Prof Proj/CMP400_Prof_Proj/Content/Characters/Mannequin_UE4/Meshes/SK_Mannequin_PhysicsAsset.uexp" 2127
"F:/CMP400 - Prof Proj/CMP400_Prof_Proj/Content/Characters/Mannequin_UE4/Meshes/SK_Mannequin.uasset" 2128
"F:/CMP400 - Prof Proj/CMP400_Prof_Proj/Content/Characters/Mannequin_UE4/Meshes/SK_Mannequin.uexp" 2129
"F:/CMP400 - Prof Proj/CMP400_Prof_Proj/Content/Characters/Mannequin_UE4/Animations/Jog_Fwd.uasset" 2130
"F:/CMP400 - Prof Proj/CMP400_Prof_Proj/Content/Characters/Mannequin_UE4/Animations/Jog_Fwd.uexp" 2131
"F:/CMP400 - Prof Proj/CMP400_Prof_Proj/Content/Characters/Mannequins/Rigs/RTG_Mannequin.uasset" 2132
"F:/CMP400 - Prof Proj/CMP400_Prof_Proj/Content/Characters/Mannequins/Rigs/RTG_Mannequin.uexp" 2133
"F:/CMP400 - Prof Proj/CMP400_Prof_Proj/Content/Characters/Mannequins/Rigs/IK_Mannequin.uasset" 2134
"F:/CMP400 - Prof Proj/CMP400_Prof_Proj/Content/Characters/Mannequins/Rigs/IK_Mannequin.uexp" 2135
"../../../Engine/Plugins/Animation/ControlRig/Content/Controls/DefaultGizmoLibraryNormalized.uasset" 2136
"../../../Engine/Plugins/Animation/ControlRig/Content/Controls/DefaultGizmoLibraryNormalized.uexp" 2137
"F:/CMP400 - Prof Proj/CMP400_Prof_Proj/Content/Characters/Mannequins/Rigs/CR_Mannequin_Body.uasset" 2138
"F:/CMP400 - Prof Proj/CMP400_Prof_Proj/Content/Characters/Mannequins/Rigs/CR_Mannequin_Body.uexp" 2139
"F:/CMP400 - Prof Proj/CMP400_Prof_Proj/Content/Characters/Mannequins/Textures/Manny/T_Manny_02_MSR_MSK.ubulk" 2140
"F:/CMP400 - Prof Proj/CMP400_Prof_Proj/Content/Characters/Mannequins/Textures/Manny/T_Manny_02_MSR_MSK.uasset" 2141
"F:/CMP400 - Prof Proj/CMP400_Prof_Proj/Content/Characters/Mannequins/Textures/Manny/T_Manny_02_MSR_MSK.uexp" 2142
"F:/CMP400 - Prof Proj/CMP400_Prof_Proj/Content/Characters/Mannequins/Textures/Manny/T_Manny_02_CCRCCPlastic_MSK.ubulk" 2143
"F:/CMP400 - Prof Proj/CMP400_Prof_Proj/Content/Characters/Mannequins/Textures/Manny/T_Manny_02_CCRCCPlastic_MSK.uasset" 2144
"F:/CMP400 - Prof Proj/CMP400_Prof_Proj/Content/Characters/Mannequins/Textures/Manny/T_Manny_02_CCRCCPlastic_MSK.uexp" 2145
"F:/CMP400 - Prof Proj/CMP400_Prof_Proj/Content/Characters/Mannequins/Textures/Manny/T_Manny_02_Tan.ubulk" 2146
"F:/CMP400 - Prof Proj/CMP400_Prof_Proj/Content/Characters/Mannequins/Textures/Manny/T_Manny_02_Tan.uasset" 2147
"F:/CMP400 - Prof Proj/CMP400_Prof_Proj/Content/Characters/Mannequins/Textures/Manny/T_Manny_02_Tan.uexp" 2148
"F:/CMP400 - Prof Proj/CMP400_Prof_Proj/Content/Characters/Mannequins/Textures/Manny/T_Manny_02_N.ubulk" 2149
"F:/CMP400 - Prof Proj/CMP400_Prof_Proj/Content/Characters/Mannequins/Textures/Manny/T_Manny_02_N.uasset" 2150
"F:/CMP400 - Prof Proj/CMP400_Prof_Proj/Content/Characters/Mannequins/Textures/Manny/T_Manny_02_N.uexp" 2151
"F:/CMP400 - Prof Proj/CMP400_Prof_Proj/Content/Characters/Mannequins/Materials/Instances/Manny/MI_Manny_01.uasset" 2152
"F:/CMP400 - Prof Proj/CMP400_Prof_Proj/Content/Characters/Mannequins/Materials/Instances/Manny/MI_Manny_01.uexp" 2153
"F:/CMP400 - Prof Proj/CMP400_Prof_Proj/Content/Characters/Mannequins/Textures/Manny/T_Manny_02_BN.ubulk" 2154
"F:/CMP400 - Prof Proj/CMP400_Prof_Proj/Content/Characters/Mannequins/Textures/Manny/T_Manny_02_BN.uasset" 2155
"F:/CMP400 - Prof Proj/CMP400_Prof_Proj/Content/Characters/Mannequins/Textures/Manny/T_Manny_02_BN.uexp" 2156
"F:/CMP400 - Prof Proj/CMP400_Prof_Proj/Content/Characters/Mannequins/Textures/Manny/T_Manny_02_ASAOPMASK_MSK.ubulk" 2157
"F:/CMP400 - Prof Proj/CMP400_Prof_Proj/Content/Characters/Mannequins/Textures/Manny/T_Manny_02_ASAOPMASK_MSK.uasset" 2158
"F:/CMP400 - Prof Proj/CMP400_Prof_Proj/Content/Characters/Mannequins/Textures/Manny/T_Manny_02_ASAOPMASK_MSK.uexp" 2159
"F:/CMP400 - Prof Proj/CMP400_Prof_Proj/Content/Characters/Mannequins/Textures/Manny/T_Manny_02_D.ubulk" 2160
"F:/CMP400 - Prof Proj/CMP400_Prof_Proj/Content/Characters/Mannequins/Textures/Manny/T_Manny_02_D.uasset" 2161
"F:/CMP400 - Prof Proj/CMP400_Prof_Proj/Content/Characters/Mannequins/Textures/Manny/T_Manny_02_D.uexp" 2162
"F:/CMP400 - Prof Proj/CMP400_Prof_Proj/Content/Characters/Mannequins/Materials/Instances/Manny/MI_Manny_02.uasset" 2163
"F:/CMP400 - Prof Proj/CMP400_Prof_Proj/Content/Characters/Mannequins/Materials/Instances/Manny/MI_Manny_02.uexp" 2164
"F:/CMP400 - Prof Proj/CMP400_Prof_Proj/Content/Characters/Mannequins/Meshes/SKM_Manny_Simple.uasset" 2165
"F:/CMP400 - Prof Proj/CMP400_Prof_Proj/Content/Characters/Mannequins/Meshes/SKM_Manny_Simple.uexp" 2166
"F:/CMP400 - Prof Proj/CMP400_Prof_Proj/Content/Characters/Mannequins/Rigs/Poses/Manny/Manny_foot_l_anim.uasset" 2167
"F:/CMP400 - Prof Proj/CMP400_Prof_Proj/Content/Characters/Mannequins/Rigs/Poses/Manny/Manny_foot_l_anim.uexp" 2168
"F:/CMP400 - Prof Proj/CMP400_Prof_Proj/Content/Characters/Mannequins/Rigs/Poses/Manny/Manny_foot_l_pose.uasset" 2169
"F:/CMP400 - Prof Proj/CMP400_Prof_Proj/Content/Characters/Mannequins/Rigs/Poses/Manny/Manny_foot_l_pose.uexp" 2170
"F:/CMP400 - Prof Proj/CMP400_Prof_Proj/Content/Characters/Mannequins/Rigs/Poses/Manny/Manny_thigh_r_anim.uasset" 2171
"F:/CMP400 - Prof Proj/CMP400_Prof_Proj/Content/Characters/Mannequins/Rigs/Poses/Manny/Manny_thigh_r_anim.uexp" 2172
"F:/CMP400 - Prof Proj/CMP400_Prof_Proj/Content/Characters/Mannequins/Rigs/Poses/Manny/Manny_thigh_r_pose.uasset" 2173
"F:/CMP400 - Prof Proj/CMP400_Prof_Proj/Content/Characters/Mannequins/Rigs/Poses/Manny/Manny_thigh_r_pose.uexp" 2174
"F:/CMP400 - Prof Proj/CMP400_Prof_Proj/Content/Characters/Mannequins/Rigs/Poses/Manny/Manny_hand_r_anim.uasset" 2175
"F:/CMP400 - Prof Proj/CMP400_Prof_Proj/Content/Characters/Mannequins/Rigs/Poses/Manny/Manny_hand_r_anim.uexp" 2176
"F:/CMP400 - Prof Proj/CMP400_Prof_Proj/Content/Characters/Mannequins/Rigs/Poses/Manny/Manny_hand_r_pose.uasset" 2177
"F:/CMP400 - Prof Proj/CMP400_Prof_Proj/Content/Characters/Mannequins/Rigs/Poses/Manny/Manny_hand_r_pose.uexp" 2178
"F:/CMP400 - Prof Proj/CMP400_Prof_Proj/Content/Characters/Mannequins/Rigs/Poses/Manny/Manny_clavicle_l_anim.uasset" 2179
"F:/CMP400 - Prof Proj/CMP400_Prof_Proj/Content/Characters/Mannequins/Rigs/Poses/Manny/Manny_clavicle_l_anim.uexp" 2180
"F:/CMP400 - Prof Proj/CMP400_Prof_Proj/Content/Characters/Mannequins/Rigs/Poses/Manny/Manny_clavicle_l_pose.uasset" 2181
"F:/CMP400 - Prof Proj/CMP400_Prof_Proj/Content/Characters/Mannequins/Rigs/Poses/Manny/Manny_clavicle_l_pose.uexp" 2182
"F:/CMP400 - Prof Proj/CMP400_Prof_Proj/Content/Characters/Mannequins/Rigs/Poses/Manny/Manny_calf_l_anim.uasset" 2183
"F:/CMP400 - Prof Proj/CMP400_Prof_Proj/Content/Characters/Mannequins/Rigs/Poses/Manny/Manny_calf_l_anim.uexp" 2184
"F:/CMP400 - Prof Proj/CMP400_Prof_Proj/Content/Characters/Mannequins/Rigs/Poses/Manny/Manny_calf_l_pose.uasset" 2185
"F:/CMP400 - Prof Proj/CMP400_Prof_Proj/Content/Characters/Mannequins/Rigs/Poses/Manny/Manny_calf_l_pose.uexp" 2186
"F:/CMP400 - Prof Proj/CMP400_Prof_Proj/Content/Characters/Mannequins/Rigs/Poses/Manny/Manny_hand_l_anim.uasset" 2187
"F:/CMP400 - Prof Proj/CMP400_Prof_Proj/Content/Characters/Mannequins/Rigs/Poses/Manny/Manny_hand_l_anim.uexp" 2188
"F:/CMP400 - Prof Proj/CMP400_Prof_Proj/Content/Characters/Mannequins/Rigs/Poses/Manny/Manny_hand_l_pose.uasset" 2189
"F:/CMP400 - Prof Proj/CMP400_Prof_Proj/Content/Characters/Mannequins/Rigs/Poses/Manny/Manny_hand_l_pose.uexp" 2190
"F:/CMP400 - Prof Proj/CMP400_Prof_Proj/Content/Characters/Mannequins/Rigs/Poses/Manny/Manny_upperarm_r_anim.uasset" 2191
"F:/CMP400 - Prof Proj/CMP400_Prof_Proj/Content/Characters/Mannequins/Rigs/Poses/Manny/Manny_upperarm_r_anim.uexp" 2192
"F:/CMP400 - Prof Proj/CMP400_Prof_Proj/Content/Characters/Mannequins/Rigs/Poses/Manny/Manny_upperarm_r_pose.uasset" 2193
"F:/CMP400 - Prof Proj/CMP400_Prof_Proj/Content/Characters/Mannequins/Rigs/Poses/Manny/Manny_upperarm_r_pose.uexp" 2194
"F:/CMP400 - Prof Proj/CMP400_Prof_Proj/Content/Characters/Mannequins/Rigs/Poses/Manny/Manny_lowerarm_r_anim.uasset" 2195
"F:/CMP400 - Prof Proj/CMP400_Prof_Proj/Content/Characters/Mannequins/Rigs/Poses/Manny/Manny_lowerarm_r_anim.uexp" 2196
"F:/CMP400 - Prof Proj/CMP400_Prof_Proj/Content/Characters/Mannequins/Rigs/Poses/Manny/Manny_lowerarm_r_pose.uasset" 2197
"F:/CMP400 - Prof Proj/CMP400_Prof_Proj/Content/Characters/Mannequins/Rigs/Poses/Manny/Manny_lowerarm_r_pose.uexp" 2198
"F:/CMP400 - Prof Proj/CMP400_Prof_Proj/Content/Characters/Mannequins/Rigs/Poses/Manny/Manny_calf_r_anim.uasset" 2199
"F:/CMP400 - Prof Proj/CMP400_Prof_Proj/Content/Characters/Mannequins/Rigs/Poses/Manny/Manny_calf_r_anim.uexp" 2200
"F:/CMP400 - Prof Proj/CMP400_Prof_Proj/Content/Characters/Mannequins/Rigs/Poses/Manny/Manny_calf_r_pose.uasset" 2201
"F:/CMP400 - Prof Proj/CMP400_Prof_Proj/Content/Characters/Mannequins/Rigs/Poses/Manny/Manny_calf_r_pose.uexp" 2202
"F:/CMP400 - Prof Proj/CMP400_Prof_Proj/Content/Characters/Mannequins/Rigs/Poses/Manny/Manny_foot_r_anim.uasset" 2203
"F:/CMP400 - Prof Proj/CMP400_Prof_Proj/Content/Characters/Mannequins/Rigs/Poses/Manny/Manny_foot_r_anim.uexp" 2204
"F:/CMP400 - Prof Proj/CMP400_Prof_Proj/Content/Characters/Mannequins/Rigs/Poses/Manny/Manny_foot_r_pose.uasset" 2205
"F:/CMP400 - Prof Proj/CMP400_Prof_Proj/Content/Characters/Mannequins/Rigs/Poses/Manny/Manny_foot_r_pose.uexp" 2206
"F:/CMP400 - Prof Proj/CMP400_Prof_Proj/Content/Characters/Mannequins/Rigs/Poses/Manny/Manny_lowerarm_l_anim.uasset" 2207
"F:/CMP400 - Prof Proj/CMP400_Prof_Proj/Content/Characters/Mannequins/Rigs/Poses/Manny/Manny_lowerarm_l_anim.uexp" 2208
"F:/CMP400 - Prof Proj/CMP400_Prof_Proj/Content/Characters/Mannequins/Rigs/Poses/Manny/Manny_lowerarm_l_pose.uasset" 2209
"F:/CMP400 - Prof Proj/CMP400_Prof_Proj/Content/Characters/Mannequins/Rigs/Poses/Manny/Manny_lowerarm_l_pose.uexp" 2210
"F:/CMP400 - Prof Proj/CMP400_Prof_Proj/Content/Characters/Mannequins/Rigs/Poses/Manny/Manny_clavicle_r_anim.uasset" 2211
"F:/CMP400 - Prof Proj/CMP400_Prof_Proj/Content/Characters/Mannequins/Rigs/Poses/Manny/Manny_clavicle_r_anim.uexp" 2212
"F:/CMP400 - Prof Proj/CMP400_Prof_Proj/Content/Characters/Mannequins/Rigs/Poses/Manny/Manny_clavicle_r_pose.uasset" 2213
"F:/CMP400 - Prof Proj/CMP400_Prof_Proj/Content/Characters/Mannequins/Rigs/Poses/Manny/Manny_clavicle_r_pose.uexp" 2214
"F:/CMP400 - Prof Proj/CMP400_Prof_Proj/Content/Characters/Mannequins/Rigs/Poses/Manny/Manny_thigh_l_anim.uasset" 2215
"F:/CMP400 - Prof Proj/CMP400_Prof_Proj/Content/Characters/Mannequins/Rigs/Poses/Manny/Manny_thigh_l_anim.uexp" 2216
"F:/CMP400 - Prof Proj/CMP400_Prof_Proj/Content/Characters/Mannequins/Rigs/Poses/Manny/Manny_thigh_l_pose.uasset" 2217
"F:/CMP400 - Prof Proj/CMP400_Prof_Proj/Content/Characters/Mannequins/Rigs/Poses/Manny/Manny_thigh_l_pose.uexp" 2218
"F:/CMP400 - Prof Proj/CMP400_Prof_Proj/Content/Characters/Mannequins/Rigs/Poses/Manny/Manny_upperarm_l_anim.uasset" 2219
"F:/CMP400 - Prof Proj/CMP400_Prof_Proj/Content/Characters/Mannequins/Rigs/Poses/Manny/Manny_upperarm_l_anim.uexp" 2220
"F:/CMP400 - Prof Proj/CMP400_Prof_Proj/Content/Characters/Mannequins/Rigs/Poses/Manny/Manny_upperarm_l_pose.uasset" 2221
"F:/CMP400 - Prof Proj/CMP400_Prof_Proj/Content/Characters/Mannequins/Rigs/Poses/Manny/Manny_upperarm_l_pose.uexp" 2222
"F:/CMP400 - Prof Proj/CMP400_Prof_Proj/Content/Characters/Mannequins/Rigs/ABP_Manny_PostProcess.uasset" 2223
"F:/CMP400 - Prof Proj/CMP400_Prof_Proj/Content/Characters/Mannequins/Rigs/ABP_Manny_PostProcess.uexp" 2224
"F:/CMP400 - Prof Proj/CMP400_Prof_Proj/Content/Characters/Mannequins/Meshes/SKM_Manny.uasset" 2225
"F:/CMP400 - Prof Proj/CMP400_Prof_Proj/Content/Characters/Mannequins/Meshes/SKM_Manny.uexp" 2226
"F:/CMP400 - Prof Proj/CMP400_Prof_Proj/Content/Characters/Mannequins/Meshes/Mannequin_LODSettings.uasset" 2227
"F:/CMP400 - Prof Proj/CMP400_Prof_Proj/Content/Characters/Mannequins/Meshes/Mannequin_LODSettings.uexp" 2228
"F:/CMP400 - Prof Proj/CMP400_Prof_Proj/Content/Characters/Mannequins/Animations/Manny/MM_T_Pose.uasset" 2229
"F:/CMP400 - Prof Proj/CMP400_Prof_Proj/Content/Characters/Mannequins/Animations/Manny/MM_T_Pose.uexp" 2230
"F:/CMP400 - Prof Proj/CMP400_Prof_Proj/Content/LevelPrototyping/Materials/M_Solid.uasset" 2231
"F:/CMP400 - Prof Proj/CMP400_Prof_Proj/Content/LevelPrototyping/Materials/M_Solid.uexp" 2232
"F:/CMP400 - Prof Proj/CMP400_Prof_Proj/Content/LevelPrototyping/Materials/MI_Solid_Blue.uasset" 2233
"F:/CMP400 - Prof Proj/CMP400_Prof_Proj/Content/LevelPrototyping/Materials/MI_Solid_Blue.uexp" 2234
"F:/CMP400 - Prof Proj/CMP400_Prof_Proj/Content/LevelPrototyping/Meshes/SM_ChamferCube.ubulk" 2235
"F:/CMP400 - Prof Proj/CMP400_Prof_Proj/Content/LevelPrototyping/Meshes/SM_ChamferCube.uasset" 2236
"F:/CMP400 - Prof Proj/CMP400_Prof_Proj/Content/LevelPrototyping/Meshes/SM_ChamferCube.uexp" 2237
"F:/CMP400 - Prof Proj/CMP400_Prof_Proj/Content/LevelPrototyping/Meshes/SM_Cube.ubulk" 2238
"F:/CMP400 - Prof Proj/CMP400_Prof_Proj/Content/LevelPrototyping/Meshes/SM_Cube.uasset" 2239
"F:/CMP400 - Prof Proj/CMP400_Prof_Proj/Content/LevelPrototyping/Meshes/SM_Cube.uexp" 2240
"F:/CMP400 - Prof Proj/CMP400_Prof_Proj/Content/LevelPrototyping/Materials/MI_PrototypeGrid_TopDark.uasset" 2241
"F:/CMP400 - Prof Proj/CMP400_Prof_Proj/Content/LevelPrototyping/Materials/MI_PrototypeGrid_TopDark.uexp" 2242
"F:/CMP400 - Prof Proj/CMP400_Prof_Proj/Content/LevelPrototyping/Meshes/SM_QuarterCylinder.ubulk" 2243
"F:/CMP400 - Prof Proj/CMP400_Prof_Proj/Content/LevelPrototyping/Meshes/SM_QuarterCylinder.uasset" 2244
"F:/CMP400 - Prof Proj/CMP400_Prof_Proj/Content/LevelPrototyping/Meshes/SM_QuarterCylinder.uexp" 2245
"F:/CMP400 - Prof Proj/CMP400_Prof_Proj/Content/LevelPrototyping/Meshes/SM_Ramp.ubulk" 2246
"F:/CMP400 - Prof Proj/CMP400_Prof_Proj/Content/LevelPrototyping/Meshes/SM_Ramp.uasset" 2247
"F:/CMP400 - Prof Proj/CMP400_Prof_Proj/Content/LevelPrototyping/Meshes/SM_Ramp.uexp" 2248
"../../../Engine/Content/EngineSky/T_Sky_Stars.ubulk" 2249
"../../../Engine/Content/EngineSky/T_Sky_Stars.uasset" 2250
"../../../Engine/Content/EngineSky/T_Sky_Stars.uexp" 2251
"../../../Engine/Content/EngineSky/T_Sky_Clouds_M.ubulk" 2252
"../../../Engine/Content/EngineSky/T_Sky_Clouds_M.uasset" 2253
"../../../Engine/Content/EngineSky/T_Sky_Clouds_M.uexp" 2254
"../../../Engine/Content/EngineSky/T_Sky_Blue.ubulk" 2255
"../../../Engine/Content/EngineSky/T_Sky_Blue.uasset" 2256
"../../../Engine/Content/EngineSky/T_Sky_Blue.uexp" 2257
"../../../Engine/Content/EngineSky/M_Sky_Panning_Clouds2.uasset" 2258
"../../../Engine/Content/EngineSky/M_Sky_Panning_Clouds2.uexp" 2259
"../../../Engine/Content/EngineSky/SM_SkySphere.ubulk" 2260
"../../../Engine/Content/EngineSky/SM_SkySphere.uasset" 2261
"../../../Engine/Content/EngineSky/SM_SkySphere.uexp" 2262
"../../../Engine/Content/EngineSky/M_SimpleSkyDome.uasset" 2263
"../../../Engine/Content/EngineSky/M_SimpleSkyDome.uexp" 2264
"../../../Engine/Content/Maps/Entry_BuiltData.uasset" 2265
"../../../Engine/Content/Maps/Entry_BuiltData.uexp" 2266
"../../../Engine/Content/Maps/Entry.uexp" 2267
"../../../Engine/Content/Maps/Entry.umap" 2268
"../../../Engine/Content/EngineSky/C_Sky_Horizon_Color.uasset" 2269
"../../../Engine/Content/EngineSky/C_Sky_Horizon_Color.uexp" 2270
"../../../Engine/Content/EngineSky/C_Sky_Cloud_Color.uasset" 2271
"../../../Engine/Content/EngineSky/C_Sky_Cloud_Color.uexp" 2272
"../../../Engine/Content/EngineSky/C_Sky_Zenith_Color.uasset" 2273
"../../../Engine/Content/EngineSky/C_Sky_Zenith_Color.uexp" 2274
"../../../Engine/Content/EngineSky/BP_Sky_Sphere.uasset" 2275
"../../../Engine/Content/EngineSky/BP_Sky_Sphere.uexp" 2276
"../../../Engine/Content/MapTemplates/SM_Template_Map_Floor.ubulk" 2277
"../../../Engine/Content/MapTemplates/SM_Template_Map_Floor.uasset" 2278
"../../../Engine/Content/MapTemplates/SM_Template_Map_Floor.uexp" 2279
"F:/CMP400 - Prof Proj/CMP400_Prof_Proj/Content/Hangar/Hangar.uexp" 2280
"F:/CMP400 - Prof Proj/CMP400_Prof_Proj/Content/Hangar/Hangar.umap" 2281
"F:/CMP400 - Prof Proj/CMP400_Prof_Proj/Content/AnimStarterPack/Idle_Rifle_Hip_Break1.uasset" 2282
"F:/CMP400 - Prof Proj/CMP400_Prof_Proj/Content/AnimStarterPack/Idle_Rifle_Hip_Break1.uexp" 2283
"F:/CMP400 - Prof Proj/CMP400_Prof_Proj/Content/AnimStarterPack/Crouch_Idle_Rifle_Ironsights.uasset" 2284
"F:/CMP400 - Prof Proj/CMP400_Prof_Proj/Content/AnimStarterPack/Crouch_Idle_Rifle_Ironsights.uexp" 2285
"F:/CMP400 - Prof Proj/CMP400_Prof_Proj/Content/AnimStarterPack/Idle_Rifle_Hip_Break2.uasset" 2286
"F:/CMP400 - Prof Proj/CMP400_Prof_Proj/Content/AnimStarterPack/Idle_Rifle_Hip_Break2.uexp" 2287
"F:/CMP400 - Prof Proj/CMP400_Prof_Proj/Content/AnimStarterPack/Fire_Rifle_Ironsights.uasset" 2288
"F:/CMP400 - Prof Proj/CMP400_Prof_Proj/Content/AnimStarterPack/Fire_Rifle_Ironsights.uexp" 2289
"F:/CMP400 - Prof Proj/CMP400_Prof_Proj/Content/AnimStarterPack/Hit_React_1.uasset" 2290
"F:/CMP400 - Prof Proj/CMP400_Prof_Proj/Content/AnimStarterPack/Hit_React_1.uexp" 2291
"F:/CMP400 - Prof Proj/CMP400_Prof_Proj/Content/AnimStarterPack/Hit_React_2.uasset" 2292
"F:/CMP400 - Prof Proj/CMP400_Prof_Proj/Content/AnimStarterPack/Hit_React_2.uexp" 2293
"F:/CMP400 - Prof Proj/CMP400_Prof_Proj/Content/AnimStarterPack/Hit_React_3.uasset" 2294
"F:/CMP400 - Prof Proj/CMP400_Prof_Proj/Content/AnimStarterPack/Hit_React_3.uexp" 2295
"F:/CMP400 - Prof Proj/CMP400_Prof_Proj/Content/AnimStarterPack/Reload_Rifle_Hip.uasset" 2296
"F:/CMP400 - Prof Proj/CMP400_Prof_Proj/Content/AnimStarterPack/Reload_Rifle_Hip.uexp" 2297
"F:/CMP400 - Prof Proj/CMP400_Prof_Proj/Content/AnimStarterPack/Crouch_Walk_Fwd_Rifle_Ironsights.uasset" 2298
"F:/CMP400 - Prof Proj/CMP400_Prof_Proj/Content/AnimStarterPack/Crouch_Walk_Fwd_Rifle_Ironsights.uexp" 2299
"F:/CMP400 - Prof Proj/CMP400_Prof_Proj/Content/AnimStarterPack/Equip_Pistol_Standing.uasset" 2300
"F:/CMP400 - Prof Proj/CMP400_Prof_Proj/Content/AnimStarterPack/Equip_Pistol_Standing.uexp" 2301
"../../../Engine/Content/TemplateResources/M_Template_Master.uasset" 2302
"../../../Engine/Content/TemplateResources/M_Template_Master.uexp" 2303
"../../../Engine/Content/TemplateResources/MI_Template_BaseGray_03_Metal.uasset" 2304
"../../../Engine/Content/TemplateResources/MI_Template_BaseGray_03_Metal.uexp" 2305
"F:/CMP400 - Prof Proj/CMP400_Prof_Proj/Content/AnimStarterPack/Showcase.uexp" 2306
"F:/CMP400 - Prof Proj/CMP400_Prof_Proj/Content/AnimStarterPack/Showcase.ubulk" 2307
"F:/CMP400 - Prof Proj/CMP400_Prof_Proj/Content/AnimStarterPack/Showcase.umap" 2308
"F:/CMP400 - Prof Proj/CMP400_Prof_Proj/Content/Characters/Mannequins/Meshes/SKM_Quinn_Simple.uasset" 2309
"F:/CMP400 - Prof Proj/CMP400_Prof_Proj/Content/Characters/Mannequins/Meshes/SKM_Quinn_Simple.uexp" 2310
"F:/CMP400 - Prof Proj/CMP400_Prof_Proj/Content/ThirdPerson/Input/Actions/IA_Jump.uasset" 2311
"F:/CMP400 - Prof Proj/CMP400_Prof_Proj/Content/ThirdPerson/Input/Actions/IA_Jump.uexp" 2312
"F:/CMP400 - Prof Proj/CMP400_Prof_Proj/Content/ThirdPerson/Input/Actions/IA_Look.uasset" 2313
"F:/CMP400 - Prof Proj/CMP400_Prof_Proj/Content/ThirdPerson/Input/Actions/IA_Look.uexp" 2314
"F:/CMP400 - Prof Proj/CMP400_Prof_Proj/Content/ThirdPerson/Input/Actions/IA_Move.uasset" 2315
"F:/CMP400 - Prof Proj/CMP400_Prof_Proj/Content/ThirdPerson/Input/Actions/IA_Move.uexp" 2316
"F:/CMP400 - Prof Proj/CMP400_Prof_Proj/Content/ThirdPerson/Input/IMC_Default.uasset" 2317
"F:/CMP400 - Prof Proj/CMP400_Prof_Proj/Content/ThirdPerson/Input/IMC_Default.uexp" 2318
"F:/CMP400 - Prof Proj/CMP400_Prof_Proj/Content/Characters/Mannequins/Animations/Quinn/MF_Run_Fwd.uasset" 2319
"F:/CMP400 - Prof Proj/CMP400_Prof_Proj/Content/Characters/Mannequins/Animations/Quinn/MF_Run_Fwd.uexp" 2320
"F:/CMP400 - Prof Proj/CMP400_Prof_Proj/Content/Characters/Mannequins/Animations/Quinn/MF_Walk_Fwd.uasset" 2321
"F:/CMP400 - Prof Proj/CMP400_Prof_Proj/Content/Characters/Mannequins/Animations/Quinn/MF_Walk_Fwd.uexp" 2322
"F:/CMP400 - Prof Proj/CMP400_Prof_Proj/Content/Characters/Mannequins/Animations/Manny/MM_Walk_InPlace.uasset" 2323
"F:/CMP400 - Prof Proj/CMP400_Prof_Proj/Content/Characters/Mannequins/Animations/Manny/MM_Walk_InPlace.uexp" 2324
"F:/CMP400 - Prof Proj/CMP400_Prof_Proj/Content/Characters/Mannequins/Animations/Quinn/BS_MF_Unarmed_WalkRun.uasset" 2325
"F:/CMP400 - Prof Proj/CMP400_Prof_Proj/Content/Characters/Mannequins/Animations/Quinn/BS_MF_Unarmed_WalkRun.uexp" 2326
"F:/CMP400 - Prof Proj/CMP400_Prof_Proj/Content/Characters/Mannequins/Animations/Quinn/MF_Idle.uasset" 2327
"F:/CMP400 - Prof Proj/CMP400_Prof_Proj/Content/Characters/Mannequins/Animations/Quinn/MF_Idle.uexp" 2328
"F:/CMP400 - Prof Proj/CMP400_Prof_Proj/Content/Characters/Mannequins/Animations/Manny/MM_Fall_Loop.uasset" 2329
"F:/CMP400 - Prof Proj/CMP400_Prof_Proj/Content/Characters/Mannequins/Animations/Manny/MM_Fall_Loop.uexp" 2330
"F:/CMP400 - Prof Proj/CMP400_Prof_Proj/Content/Characters/Mannequins/Animations/Manny/MM_Jump.uasset" 2331
"F:/CMP400 - Prof Proj/CMP400_Prof_Proj/Content/Characters/Mannequins/Animations/Manny/MM_Jump.uexp" 2332
"F:/CMP400 - Prof Proj/CMP400_Prof_Proj/Content/Characters/Mannequins/Rigs/CR_Mannequin_BasicFootIK.uasset" 2333
"F:/CMP400 - Prof Proj/CMP400_Prof_Proj/Content/Characters/Mannequins/Rigs/CR_Mannequin_BasicFootIK.uexp" 2334
"F:/CMP400 - Prof Proj/CMP400_Prof_Proj/Content/Characters/Mannequins/Animations/Manny/MM_Run_Fwd.uasset" 2335
"F:/CMP400 - Prof Proj/CMP400_Prof_Proj/Content/Characters/Mannequins/Animations/Manny/MM_Run_Fwd.uexp" 2336
"F:/CMP400 - Prof Proj/CMP400_Prof_Proj/Content/Characters/Mannequins/Animations/Manny/MM_Walk_Fwd.uasset" 2337
"F:/CMP400 - Prof Proj/CMP400_Prof_Proj/Content/Characters/Mannequins/Animations/Manny/MM_Walk_Fwd.uexp" 2338
"F:/CMP400 - Prof Proj/CMP400_Prof_Proj/Content/Characters/Mannequins/Animations/Manny/BS_MM_WalkRun.uasset" 2339
"F:/CMP400 - Prof Proj/CMP400_Prof_Proj/Content/Characters/Mannequins/Animations/Manny/BS_MM_WalkRun.uexp" 2340
"F:/CMP400 - Prof Proj/CMP400_Prof_Proj/Content/Characters/Mannequins/Animations/Manny/MM_Land.uasset" 2341
"F:/CMP400 - Prof Proj/CMP400_Prof_Proj/Content/Characters/Mannequins/Animations/Manny/MM_Land.uexp" 2342
"F:/CMP400 - Prof Proj/CMP400_Prof_Proj/Content/Characters/Mannequins/Animations/Manny/MM_Idle.uasset" 2343
"F:/CMP400 - Prof Proj/CMP400_Prof_Proj/Content/Characters/Mannequins/Animations/Manny/MM_Idle.uexp" 2344
"F:/CMP400 - Prof Proj/CMP400_Prof_Proj/Content/Characters/Mannequins/Animations/ABP_Manny.uasset" 2345
"F:/CMP400 - Prof Proj/CMP400_Prof_Proj/Content/Characters/Mannequins/Animations/ABP_Manny.uexp" 2346
"F:/CMP400 - Prof Proj/CMP400_Prof_Proj/Content/Characters/Mannequins/Animations/ABP_Quinn.uasset" 2347
"F:/CMP400 - Prof Proj/CMP400_Prof_Proj/Content/Characters/Mannequins/Animations/ABP_Quinn.uexp" 2348
"F:/CMP400 - Prof Proj/CMP400_Prof_Proj/Content/ThirdPerson/Blueprints/BP_ThirdPersonCharacter.uasset" 2349
"F:/CMP400 - Prof Proj/CMP400_Prof_Proj/Content/ThirdPerson/Blueprints/BP_ThirdPersonCharacter.uexp" 2350
"F:/CMP400 - Prof Proj/CMP400_Prof_Proj/Content/ThirdPerson/Blueprints/BP_ThirdPersonGameMode.uasset" 2351
"F:/CMP400 - Prof Proj/CMP400_Prof_Proj/Content/ThirdPerson/Blueprints/BP_ThirdPersonGameMode.uexp" 2352
"F:/CMP400 - Prof Proj/CMP400_Prof_Proj/Content/ThirdPerson/Maps/ThirdPersonMap.uexp" 2353
"F:/CMP400 - Prof Proj/CMP400_Prof_Proj/Content/ThirdPerson/Maps/ThirdPersonMap.umap" 2354
"F:/CMP400 - Prof Proj/CMP400_Prof_Proj/Content/Hangar/Textures/T_tank_container_N.ubulk" 2355
"F:/CMP400 - Prof Proj/CMP400_Prof_Proj/Content/Hangar/Textures/T_tank_container_N.uasset" 2356
"F:/CMP400 - Prof Proj/CMP400_Prof_Proj/Content/Hangar/Textures/T_tank_container_N.uexp" 2357
"F:/CMP400 - Prof Proj/CMP400_Prof_Proj/Content/Hangar/Textures/T_tank_container_R.ubulk" 2358
"F:/CMP400 - Prof Proj/CMP400_Prof_Proj/Content/Hangar/Textures/T_tank_container_R.uasset" 2359
"F:/CMP400 - Prof Proj/CMP400_Prof_Proj/Content/Hangar/Textures/T_tank_container_R.uexp" 2360
"F:/CMP400 - Prof Proj/CMP400_Prof_Proj/Content/Hangar/Textures/T_tank_container_D.ubulk" 2361
"F:/CMP400 - Prof Proj/CMP400_Prof_Proj/Content/Hangar/Textures/T_tank_container_D.uasset" 2362
"F:/CMP400 - Prof Proj/CMP400_Prof_Proj/Content/Hangar/Textures/T_tank_container_D.uexp" 2363
"F:/CMP400 - Prof Proj/CMP400_Prof_Proj/Content/Hangar/Textures/T_tank_container_AO.ubulk" 2364
"F:/CMP400 - Prof Proj/CMP400_Prof_Proj/Content/Hangar/Textures/T_tank_container_AO.uasset" 2365
"F:/CMP400 - Prof Proj/CMP400_Prof_Proj/Content/Hangar/Textures/T_tank_container_AO.uexp" 2366
"F:/CMP400 - Prof Proj/CMP400_Prof_Proj/Content/Hangar/Materials/M_tank_container.uasset" 2367
"F:/CMP400 - Prof Proj/CMP400_Prof_Proj/Content/Hangar/Materials/M_tank_container.uexp" 2368
"F:/CMP400 - Prof Proj/CMP400_Prof_Proj/Content/Hangar/Textures/T_floor.uasset" 2369
"F:/CMP400 - Prof Proj/CMP400_Prof_Proj/Content/Hangar/Textures/T_floor.uexp" 2370
"F:/CMP400 - Prof Proj/CMP400_Prof_Proj/Content/Hangar/Materials/M_tank_container_floor.uasset" 2371
"F:/CMP400 - Prof Proj/CMP400_Prof_Proj/Content/Hangar/Materials/M_tank_container_floor.uexp" 2372
"F:/CMP400 - Prof Proj/CMP400_Prof_Proj/Content/Hangar/Meshes/SM_tank_container.ubulk" 2373
"F:/CMP400 - Prof Proj/CMP400_Prof_Proj/Content/Hangar/Meshes/SM_tank_container.uasset" 2374
"F:/CMP400 - Prof Proj/CMP400_Prof_Proj/Content/Hangar/Meshes/SM_tank_container.uexp" 2375
"F:/CMP400 - Prof Proj/CMP400_Prof_Proj/Content/Hangar/Textures/T_containet_N.ubulk" 2376
"F:/CMP400 - Prof Proj/CMP400_Prof_Proj/Content/Hangar/Textures/T_containet_N.uasset" 2377
"F:/CMP400 - Prof Proj/CMP400_Prof_Proj/Content/Hangar/Textures/T_containet_N.uexp" 2378
"F:/CMP400 - Prof Proj/CMP400_Prof_Proj/Content/Hangar/Textures/T_containet_AO.ubulk" 2379
"F:/CMP400 - Prof Proj/CMP400_Prof_Proj/Content/Hangar/Textures/T_containet_AO.uasset" 2380
"F:/CMP400 - Prof Proj/CMP400_Prof_Proj/Content/Hangar/Textures/T_containet_AO.uexp" 2381
"F:/CMP400 - Prof Proj/CMP400_Prof_Proj/Content/Hangar/Textures/T_containetG_BC.ubulk" 2382
"F:/CMP400 - Prof Proj/CMP400_Prof_Proj/Content/Hangar/Textures/T_containetG_BC.uasset" 2383
"F:/CMP400 - Prof Proj/CMP400_Prof_Proj/Content/Hangar/Textures/T_containetG_BC.uexp" 2384
"F:/CMP400 - Prof Proj/CMP400_Prof_Proj/Content/Hangar/Textures/T_containet_R.ubulk" 2385
"F:/CMP400 - Prof Proj/CMP400_Prof_Proj/Content/Hangar/Textures/T_containet_R.uasset" 2386
"F:/CMP400 - Prof Proj/CMP400_Prof_Proj/Content/Hangar/Textures/T_containet_R.uexp" 2387
"F:/CMP400 - Prof Proj/CMP400_Prof_Proj/Content/Hangar/Materials/M_container_green.uasset" 2388
"F:/CMP400 - Prof Proj/CMP400_Prof_Proj/Content/Hangar/Materials/M_container_green.uexp" 2389
"F:/CMP400 - Prof Proj/CMP400_Prof_Proj/Content/Hangar/Textures/T_scaffold_a_N.ubulk" 2390
"F:/CMP400 - Prof Proj/CMP400_Prof_Proj/Content/Hangar/Textures/T_scaffold_a_N.uasset" 2391
"F:/CMP400 - Prof Proj/CMP400_Prof_Proj/Content/Hangar/Textures/T_scaffold_a_N.uexp" 2392
"F:/CMP400 - Prof Proj/CMP400_Prof_Proj/Content/Hangar/Textures/T_scaffold_a_D.ubulk" 2393
"F:/CMP400 - Prof Proj/CMP400_Prof_Proj/Content/Hangar/Textures/T_scaffold_a_D.uasset" 2394
"F:/CMP400 - Prof Proj/CMP400_Prof_Proj/Content/Hangar/Textures/T_scaffold_a_D.uexp" 2395
"F:/CMP400 - Prof Proj/CMP400_Prof_Proj/Content/Hangar/Textures/T_scaffold_a_AO.ubulk" 2396
"F:/CMP400 - Prof Proj/CMP400_Prof_Proj/Content/Hangar/Textures/T_scaffold_a_AO.uasset" 2397
"F:/CMP400 - Prof Proj/CMP400_Prof_Proj/Content/Hangar/Textures/T_scaffold_a_AO.uexp" 2398
"F:/CMP400 - Prof Proj/CMP400_Prof_Proj/Content/Hangar/Textures/T_scaffold_a_R.ubulk" 2399
"F:/CMP400 - Prof Proj/CMP400_Prof_Proj/Content/Hangar/Textures/T_scaffold_a_R.uasset" 2400
"F:/CMP400 - Prof Proj/CMP400_Prof_Proj/Content/Hangar/Textures/T_scaffold_a_R.uexp" 2401
"F:/CMP400 - Prof Proj/CMP400_Prof_Proj/Content/Hangar/Textures/T_scaffold_a_M.ubulk" 2402
"F:/CMP400 - Prof Proj/CMP400_Prof_Proj/Content/Hangar/Textures/T_scaffold_a_M.uasset" 2403
"F:/CMP400 - Prof Proj/CMP400_Prof_Proj/Content/Hangar/Textures/T_scaffold_a_M.uexp" 2404
"F:/CMP400 - Prof Proj/CMP400_Prof_Proj/Content/Hangar/Materials/M_scaffold_01.uasset" 2405
"F:/CMP400 - Prof Proj/CMP400_Prof_Proj/Content/Hangar/Materials/M_scaffold_01.uexp" 2406
"F:/CMP400 - Prof Proj/CMP400_Prof_Proj/Content/Hangar/Meshes/SM_board_d.ubulk" 2407
"F:/CMP400 - Prof Proj/CMP400_Prof_Proj/Content/Hangar/Meshes/SM_board_d.uasset" 2408
"F:/CMP400 - Prof Proj/CMP400_Prof_Proj/Content/Hangar/Meshes/SM_board_d.uexp" 2409
"F:/CMP400 - Prof Proj/CMP400_Prof_Proj/Content/Hangar/Textures/T_metal_props_set_01_D.ubulk" 2410
"F:/CMP400 - Prof Proj/CMP400_Prof_Proj/Content/Hangar/Textures/T_metal_props_set_01_D.uasset" 2411
"F:/CMP400 - Prof Proj/CMP400_Prof_Proj/Content/Hangar/Textures/T_metal_props_set_01_D.uexp" 2412
"F:/CMP400 - Prof Proj/CMP400_Prof_Proj/Content/Hangar/Textures/T_metal_props_set_01_N.ubulk" 2413
"F:/CMP400 - Prof Proj/CMP400_Prof_Proj/Content/Hangar/Textures/T_metal_props_set_01_N.uasset" 2414
"F:/CMP400 - Prof Proj/CMP400_Prof_Proj/Content/Hangar/Textures/T_metal_props_set_01_N.uexp" 2415
"F:/CMP400 - Prof Proj/CMP400_Prof_Proj/Content/Hangar/Textures/T_metal_props_set_01_AO.ubulk" 2416
"F:/CMP400 - Prof Proj/CMP400_Prof_Proj/Content/Hangar/Textures/T_metal_props_set_01_AO.uasset" 2417
"F:/CMP400 - Prof Proj/CMP400_Prof_Proj/Content/Hangar/Textures/T_metal_props_set_01_AO.uexp" 2418
"F:/CMP400 - Prof Proj/CMP400_Prof_Proj/Content/Hangar/Textures/T_metal_props_set_01_R.ubulk" 2419
"F:/CMP400 - Prof Proj/CMP400_Prof_Proj/Content/Hangar/Textures/T_metal_props_set_01_R.uasset" 2420
"F:/CMP400 - Prof Proj/CMP400_Prof_Proj/Content/Hangar/Textures/T_metal_props_set_01_R.uexp" 2421
"F:/CMP400 - Prof Proj/CMP400_Prof_Proj/Content/Hangar/Materials/M_metal_props_set_01.uasset" 2422
"F:/CMP400 - Prof Proj/CMP400_Prof_Proj/Content/Hangar/Materials/M_metal_props_set_01.uexp" 2423
"F:/CMP400 - Prof Proj/CMP400_Prof_Proj/Content/Hangar/Meshes/SM_gas_cylinder_02.ubulk" 2424
"F:/CMP400 - Prof Proj/CMP400_Prof_Proj/Content/Hangar/Meshes/SM_gas_cylinder_02.uasset" 2425
"F:/CMP400 - Prof Proj/CMP400_Prof_Proj/Content/Hangar/Meshes/SM_gas_cylinder_02.uexp" 2426
"F:/CMP400 - Prof Proj/CMP400_Prof_Proj/Content/Hangar/Textures/T_debris_decal_BC.ubulk" 2427
"F:/CMP400 - Prof Proj/CMP400_Prof_Proj/Content/Hangar/Textures/T_debris_decal_BC.uasset" 2428
"F:/CMP400 - Prof Proj/CMP400_Prof_Proj/Content/Hangar/Textures/T_debris_decal_BC.uexp" 2429
"F:/CMP400 - Prof Proj/CMP400_Prof_Proj/Content/Hangar/Textures/T_debris_decal_R.ubulk" 2430
"F:/CMP400 - Prof Proj/CMP400_Prof_Proj/Content/Hangar/Textures/T_debris_decal_R.uasset" 2431
"F:/CMP400 - Prof Proj/CMP400_Prof_Proj/Content/Hangar/Textures/T_debris_decal_R.uexp" 2432
"F:/CMP400 - Prof Proj/CMP400_Prof_Proj/Content/Hangar/Textures/T_debris_decal_N.ubulk" 2433
"F:/CMP400 - Prof Proj/CMP400_Prof_Proj/Content/Hangar/Textures/T_debris_decal_N.uasset" 2434
"F:/CMP400 - Prof Proj/CMP400_Prof_Proj/Content/Hangar/Textures/T_debris_decal_N.uexp" 2435
"F:/CMP400 - Prof Proj/CMP400_Prof_Proj/Content/Hangar/Textures/T_debris_decal_O.ubulk" 2436
"F:/CMP400 - Prof Proj/CMP400_Prof_Proj/Content/Hangar/Textures/T_debris_decal_O.uasset" 2437
"F:/CMP400 - Prof Proj/CMP400_Prof_Proj/Content/Hangar/Textures/T_debris_decal_O.uexp" 2438
"F:/CMP400 - Prof Proj/CMP400_Prof_Proj/Content/Hangar/Materials/M_debris.uasset" 2439
"F:/CMP400 - Prof Proj/CMP400_Prof_Proj/Content/Hangar/Materials/M_debris.uexp" 2440
"F:/CMP400 - Prof Proj/CMP400_Prof_Proj/Content/Hangar/Meshes/SM_paper_debris_08.ubulk" 2441
"F:/CMP400 - Prof Proj/CMP400_Prof_Proj/Content/Hangar/Meshes/SM_paper_debris_08.uasset" 2442
"F:/CMP400 - Prof Proj/CMP400_Prof_Proj/Content/Hangar/Meshes/SM_paper_debris_08.uexp" 2443
"F:/CMP400 - Prof Proj/CMP400_Prof_Proj/Content/Hangar/Meshes/SM_board_a.ubulk" 2444
"F:/CMP400 - Prof Proj/CMP400_Prof_Proj/Content/Hangar/Meshes/SM_board_a.uasset" 2445
"F:/CMP400 - Prof Proj/CMP400_Prof_Proj/Content/Hangar/Meshes/SM_board_a.uexp" 2446
"F:/CMP400 - Prof Proj/CMP400_Prof_Proj/Content/Hangar/Textures/T_gaspipes_01_R.ubulk" 2447
"F:/CMP400 - Prof Proj/CMP400_Prof_Proj/Content/Hangar/Textures/T_gaspipes_01_R.uasset" 2448
"F:/CMP400 - Prof Proj/CMP400_Prof_Proj/Content/Hangar/Textures/T_gaspipes_01_R.uexp" 2449
"F:/CMP400 - Prof Proj/CMP400_Prof_Proj/Content/Hangar/Textures/T_gaspipes_01_BC.ubulk" 2450
"F:/CMP400 - Prof Proj/CMP400_Prof_Proj/Content/Hangar/Textures/T_gaspipes_01_BC.uasset" 2451
"F:/CMP400 - Prof Proj/CMP400_Prof_Proj/Content/Hangar/Textures/T_gaspipes_01_BC.uexp" 2452
"F:/CMP400 - Prof Proj/CMP400_Prof_Proj/Content/Hangar/Textures/T_gaspipes_01_AO.ubulk" 2453
"F:/CMP400 - Prof Proj/CMP400_Prof_Proj/Content/Hangar/Textures/T_gaspipes_01_AO.uasset" 2454
"F:/CMP400 - Prof Proj/CMP400_Prof_Proj/Content/Hangar/Textures/T_gaspipes_01_AO.uexp" 2455
"F:/CMP400 - Prof Proj/CMP400_Prof_Proj/Content/Hangar/Textures/T_gaspipes_01_N.ubulk" 2456
"F:/CMP400 - Prof Proj/CMP400_Prof_Proj/Content/Hangar/Textures/T_gaspipes_01_N.uasset" 2457
"F:/CMP400 - Prof Proj/CMP400_Prof_Proj/Content/Hangar/Textures/T_gaspipes_01_N.uexp" 2458
"F:/CMP400 - Prof Proj/CMP400_Prof_Proj/Content/Hangar/Materials/M_gaspipes_01.uasset" 2459
"F:/CMP400 - Prof Proj/CMP400_Prof_Proj/Content/Hangar/Materials/M_gaspipes_01.uexp" 2460
"F:/CMP400 - Prof Proj/CMP400_Prof_Proj/Content/Hangar/Textures/T_scaffold_b_D.ubulk" 2461
"F:/CMP400 - Prof Proj/CMP400_Prof_Proj/Content/Hangar/Textures/T_scaffold_b_D.uasset" 2462
"F:/CMP400 - Prof Proj/CMP400_Prof_Proj/Content/Hangar/Textures/T_scaffold_b_D.uexp" 2463
"F:/CMP400 - Prof Proj/CMP400_Prof_Proj/Content/Hangar/Textures/T_scaffold_b_N.ubulk" 2464
"F:/CMP400 - Prof Proj/CMP400_Prof_Proj/Content/Hangar/Textures/T_scaffold_b_N.uasset" 2465
"F:/CMP400 - Prof Proj/CMP400_Prof_Proj/Content/Hangar/Textures/T_scaffold_b_N.uexp" 2466
"F:/CMP400 - Prof Proj/CMP400_Prof_Proj/Content/Hangar/Textures/T_scaffold_b_AO.ubulk" 2467
"F:/CMP400 - Prof Proj/CMP400_Prof_Proj/Content/Hangar/Textures/T_scaffold_b_AO.uasset" 2468
"F:/CMP400 - Prof Proj/CMP400_Prof_Proj/Content/Hangar/Textures/T_scaffold_b_AO.uexp" 2469
"F:/CMP400 - Prof Proj/CMP400_Prof_Proj/Content/Hangar/Textures/T_scaffold_b_M.ubulk" 2470
"F:/CMP400 - Prof Proj/CMP400_Prof_Proj/Content/Hangar/Textures/T_scaffold_b_M.uasset" 2471
"F:/CMP400 - Prof Proj/CMP400_Prof_Proj/Content/Hangar/Textures/T_scaffold_b_M.uexp" 2472
"F:/CMP400 - Prof Proj/CMP400_Prof_Proj/Content/Hangar/Textures/T_scaffold_b_R.ubulk" 2473
"F:/CMP400 - Prof Proj/CMP400_Prof_Proj/Content/Hangar/Textures/T_scaffold_b_R.uasset" 2474
"F:/CMP400 - Prof Proj/CMP400_Prof_Proj/Content/Hangar/Textures/T_scaffold_b_R.uexp" 2475
"F:/CMP400 - Prof Proj/CMP400_Prof_Proj/Content/Hangar/Materials/M_scaffold_02.uasset" 2476
"F:/CMP400 - Prof Proj/CMP400_Prof_Proj/Content/Hangar/Materials/M_scaffold_02.uexp" 2477
"F:/CMP400 - Prof Proj/CMP400_Prof_Proj/Content/Hangar/Meshes/SM_top_border_a.ubulk" 2478
"F:/CMP400 - Prof Proj/CMP400_Prof_Proj/Content/Hangar/Meshes/SM_top_border_a.uasset" 2479
"F:/CMP400 - Prof Proj/CMP400_Prof_Proj/Content/Hangar/Meshes/SM_top_border_a.uexp" 2480
"F:/CMP400 - Prof Proj/CMP400_Prof_Proj/Content/Hangar/Textures/T_rusty_pipe_N.ubulk" 2481
"F:/CMP400 - Prof Proj/CMP400_Prof_Proj/Content/Hangar/Textures/T_rusty_pipe_N.uasset" 2482
"F:/CMP400 - Prof Proj/CMP400_Prof_Proj/Content/Hangar/Textures/T_rusty_pipe_N.uexp" 2483
"F:/CMP400 - Prof Proj/CMP400_Prof_Proj/Content/Hangar/Textures/T_rusty_pipe_R.ubulk" 2484
"F:/CMP400 - Prof Proj/CMP400_Prof_Proj/Content/Hangar/Textures/T_rusty_pipe_R.uasset" 2485
"F:/CMP400 - Prof Proj/CMP400_Prof_Proj/Content/Hangar/Textures/T_rusty_pipe_R.uexp" 2486
"F:/CMP400 - Prof Proj/CMP400_Prof_Proj/Content/Hangar/Textures/T_rusty_pipe_D.ubulk" 2487
"F:/CMP400 - Prof Proj/CMP400_Prof_Proj/Content/Hangar/Textures/T_rusty_pipe_D.uasset" 2488
"F:/CMP400 - Prof Proj/CMP400_Prof_Proj/Content/Hangar/Textures/T_rusty_pipe_D.uexp" 2489
"F:/CMP400 - Prof Proj/CMP400_Prof_Proj/Content/Hangar/Textures/T_rusty_pipe_AO.ubulk" 2490
"F:/CMP400 - Prof Proj/CMP400_Prof_Proj/Content/Hangar/Textures/T_rusty_pipe_AO.uasset" 2491
"F:/CMP400 - Prof Proj/CMP400_Prof_Proj/Content/Hangar/Textures/T_rusty_pipe_AO.uexp" 2492
"F:/CMP400 - Prof Proj/CMP400_Prof_Proj/Content/Hangar/Materials/M_rusty_pipe.uasset" 2493
"F:/CMP400 - Prof Proj/CMP400_Prof_Proj/Content/Hangar/Materials/M_rusty_pipe.uexp" 2494
"F:/CMP400 - Prof Proj/CMP400_Prof_Proj/Content/Hangar/Meshes/SM_rusty_pipe_04.ubulk" 2495
"F:/CMP400 - Prof Proj/CMP400_Prof_Proj/Content/Hangar/Meshes/SM_rusty_pipe_04.uasset" 2496
"F:/CMP400 - Prof Proj/CMP400_Prof_Proj/Content/Hangar/Meshes/SM_rusty_pipe_04.uexp" 2497
"F:/CMP400 - Prof Proj/CMP400_Prof_Proj/Content/Hangar/Textures/T_drainage_pole_N.ubulk" 2498
"F:/CMP400 - Prof Proj/CMP400_Prof_Proj/Content/Hangar/Textures/T_drainage_pole_N.uasset" 2499
"F:/CMP400 - Prof Proj/CMP400_Prof_Proj/Content/Hangar/Textures/T_drainage_pole_N.uexp" 2500
"F:/CMP400 - Prof Proj/CMP400_Prof_Proj/Content/Hangar/Textures/T_drainage_pole_BC.ubulk" 2501
"F:/CMP400 - Prof Proj/CMP400_Prof_Proj/Content/Hangar/Textures/T_drainage_pole_BC.uasset" 2502
"F:/CMP400 - Prof Proj/CMP400_Prof_Proj/Content/Hangar/Textures/T_drainage_pole_BC.uexp" 2503
"F:/CMP400 - Prof Proj/CMP400_Prof_Proj/Content/Hangar/Textures/T_drainage_pole_R.ubulk" 2504
"F:/CMP400 - Prof Proj/CMP400_Prof_Proj/Content/Hangar/Textures/T_drainage_pole_R.uasset" 2505
"F:/CMP400 - Prof Proj/CMP400_Prof_Proj/Content/Hangar/Textures/T_drainage_pole_R.uexp" 2506
"F:/CMP400 - Prof Proj/CMP400_Prof_Proj/Content/Hangar/Materials/M_drainage_pole.uasset" 2507
"F:/CMP400 - Prof Proj/CMP400_Prof_Proj/Content/Hangar/Materials/M_drainage_pole.uexp" 2508
"F:/CMP400 - Prof Proj/CMP400_Prof_Proj/Content/Hangar/Meshes/SM_drainage_pole_02.ubulk" 2509
"F:/CMP400 - Prof Proj/CMP400_Prof_Proj/Content/Hangar/Meshes/SM_drainage_pole_02.uasset" 2510
"F:/CMP400 - Prof Proj/CMP400_Prof_Proj/Content/Hangar/Meshes/SM_drainage_pole_02.uexp" 2511
"F:/CMP400 - Prof Proj/CMP400_Prof_Proj/Content/Hangar/Meshes/SM_drainage_pole_04.ubulk" 2512
"F:/CMP400 - Prof Proj/CMP400_Prof_Proj/Content/Hangar/Meshes/SM_drainage_pole_04.uasset" 2513
"F:/CMP400 - Prof Proj/CMP400_Prof_Proj/Content/Hangar/Meshes/SM_drainage_pole_04.uexp" 2514
"F:/CMP400 - Prof Proj/CMP400_Prof_Proj/Content/Hangar/Textures/T_BrickPaintedW_AO.ubulk" 2515
"F:/CMP400 - Prof Proj/CMP400_Prof_Proj/Content/Hangar/Textures/T_BrickPaintedW_AO.uasset" 2516
"F:/CMP400 - Prof Proj/CMP400_Prof_Proj/Content/Hangar/Textures/T_BrickPaintedW_AO.uexp" 2517
"F:/CMP400 - Prof Proj/CMP400_Prof_Proj/Content/Hangar/Materials/M_Brick_painted_white.uasset" 2518
"F:/CMP400 - Prof Proj/CMP400_Prof_Proj/Content/Hangar/Materials/M_Brick_painted_white.uexp" 2519
"F:/CMP400 - Prof Proj/CMP400_Prof_Proj/Content/Hangar/Textures/T_street_light_AO_02.ubulk" 2520
"F:/CMP400 - Prof Proj/CMP400_Prof_Proj/Content/Hangar/Textures/T_street_light_AO_02.uasset" 2521
"F:/CMP400 - Prof Proj/CMP400_Prof_Proj/Content/Hangar/Textures/T_street_light_AO_02.uexp" 2522
"F:/CMP400 - Prof Proj/CMP400_Prof_Proj/Content/Hangar/Textures/T_street_light_N_02.ubulk" 2523
"F:/CMP400 - Prof Proj/CMP400_Prof_Proj/Content/Hangar/Textures/T_street_light_N_02.uasset" 2524
"F:/CMP400 - Prof Proj/CMP400_Prof_Proj/Content/Hangar/Textures/T_street_light_N_02.uexp" 2525
"F:/CMP400 - Prof Proj/CMP400_Prof_Proj/Content/Hangar/Textures/T_street_light_dif_02.ubulk" 2526
"F:/CMP400 - Prof Proj/CMP400_Prof_Proj/Content/Hangar/Textures/T_street_light_dif_02.uasset" 2527
"F:/CMP400 - Prof Proj/CMP400_Prof_Proj/Content/Hangar/Textures/T_street_light_dif_02.uexp" 2528
"F:/CMP400 - Prof Proj/CMP400_Prof_Proj/Content/Hangar/Textures/T_street_light_R_02.ubulk" 2529
"F:/CMP400 - Prof Proj/CMP400_Prof_Proj/Content/Hangar/Textures/T_street_light_R_02.uasset" 2530
"F:/CMP400 - Prof Proj/CMP400_Prof_Proj/Content/Hangar/Textures/T_street_light_R_02.uexp" 2531
"F:/CMP400 - Prof Proj/CMP400_Prof_Proj/Content/Hangar/Materials/M_street_light.uasset" 2532
"F:/CMP400 - Prof Proj/CMP400_Prof_Proj/Content/Hangar/Materials/M_street_light.uexp" 2533
"F:/CMP400 - Prof Proj/CMP400_Prof_Proj/Content/Hangar/Meshes/SM_street_light_02.ubulk" 2534
"F:/CMP400 - Prof Proj/CMP400_Prof_Proj/Content/Hangar/Meshes/SM_street_light_02.uasset" 2535
"F:/CMP400 - Prof Proj/CMP400_Prof_Proj/Content/Hangar/Meshes/SM_street_light_02.uexp" 2536
"F:/CMP400 - Prof Proj/CMP400_Prof_Proj/Content/Hangar/Meshes/SM_long_boards_b.ubulk" 2537
"F:/CMP400 - Prof Proj/CMP400_Prof_Proj/Content/Hangar/Meshes/SM_long_boards_b.uasset" 2538
"F:/CMP400 - Prof Proj/CMP400_Prof_Proj/Content/Hangar/Meshes/SM_long_boards_b.uexp" 2539
"F:/CMP400 - Prof Proj/CMP400_Prof_Proj/Content/Hangar/Textures/T_metal_fence_D_green_02.uasset" 2540
"F:/CMP400 - Prof Proj/CMP400_Prof_Proj/Content/Hangar/Textures/T_metal_fence_D_green_02.uexp" 2541
"F:/CMP400 - Prof Proj/CMP400_Prof_Proj/Content/Hangar/Textures/T_metal_fence_N_02.uasset" 2542
"F:/CMP400 - Prof Proj/CMP400_Prof_Proj/Content/Hangar/Textures/T_metal_fence_N_02.uexp" 2543
"F:/CMP400 - Prof Proj/CMP400_Prof_Proj/Content/Hangar/Textures/T_metal_fence_R_02.uasset" 2544
"F:/CMP400 - Prof Proj/CMP400_Prof_Proj/Content/Hangar/Textures/T_metal_fence_R_02.uexp" 2545
"F:/CMP400 - Prof Proj/CMP400_Prof_Proj/Content/Hangar/Textures/T_metal_fence_AO_02.uasset" 2546
"F:/CMP400 - Prof Proj/CMP400_Prof_Proj/Content/Hangar/Textures/T_metal_fence_AO_02.uexp" 2547
"F:/CMP400 - Prof Proj/CMP400_Prof_Proj/Content/Hangar/Materials/M_metal_fence_03.uasset" 2548
"F:/CMP400 - Prof Proj/CMP400_Prof_Proj/Content/Hangar/Materials/M_metal_fence_03.uexp" 2549
"F:/CMP400 - Prof Proj/CMP400_Prof_Proj/Content/Hangar/Meshes/SM_metal_fence_green.ubulk" 2550
"F:/CMP400 - Prof Proj/CMP400_Prof_Proj/Content/Hangar/Meshes/SM_metal_fence_green.uasset" 2551
"F:/CMP400 - Prof Proj/CMP400_Prof_Proj/Content/Hangar/Meshes/SM_metal_fence_green.uexp" 2552
"F:/CMP400 - Prof Proj/CMP400_Prof_Proj/Content/Hangar/Textures/T_concrete_floor_BC.ubulk" 2553
"F:/CMP400 - Prof Proj/CMP400_Prof_Proj/Content/Hangar/Textures/T_concrete_floor_BC.uasset" 2554
"F:/CMP400 - Prof Proj/CMP400_Prof_Proj/Content/Hangar/Textures/T_concrete_floor_BC.uexp" 2555
"F:/CMP400 - Prof Proj/CMP400_Prof_Proj/Content/Hangar/Textures/T_concrete_floor_AO.ubulk" 2556
"F:/CMP400 - Prof Proj/CMP400_Prof_Proj/Content/Hangar/Textures/T_concrete_floor_AO.uasset" 2557
"F:/CMP400 - Prof Proj/CMP400_Prof_Proj/Content/Hangar/Textures/T_concrete_floor_AO.uexp" 2558
"F:/CMP400 - Prof Proj/CMP400_Prof_Proj/Content/Hangar/Textures/T_concrete_floor_R.ubulk" 2559
"F:/CMP400 - Prof Proj/CMP400_Prof_Proj/Content/Hangar/Textures/T_concrete_floor_R.uasset" 2560
"F:/CMP400 - Prof Proj/CMP400_Prof_Proj/Content/Hangar/Textures/T_concrete_floor_R.uexp" 2561
"F:/CMP400 - Prof Proj/CMP400_Prof_Proj/Content/Hangar/Textures/T_concrete_floor_N.ubulk" 2562
"F:/CMP400 - Prof Proj/CMP400_Prof_Proj/Content/Hangar/Textures/T_concrete_floor_N.uasset" 2563
"F:/CMP400 - Prof Proj/CMP400_Prof_Proj/Content/Hangar/Textures/T_concrete_floor_N.uexp" 2564
"F:/CMP400 - Prof Proj/CMP400_Prof_Proj/Content/Hangar/Materials/M_floor_01.uasset" 2565
"F:/CMP400 - Prof Proj/CMP400_Prof_Proj/Content/Hangar/Materials/M_floor_01.uexp" 2566
"F:/CMP400 - Prof Proj/CMP400_Prof_Proj/Content/Hangar/Meshes/SM_floor_03.ubulk" 2567
"F:/CMP400 - Prof Proj/CMP400_Prof_Proj/Content/Hangar/Meshes/SM_floor_03.uasset" 2568
"F:/CMP400 - Prof Proj/CMP400_Prof_Proj/Content/Hangar/Meshes/SM_floor_03.uexp" 2569
"F:/CMP400 - Prof Proj/CMP400_Prof_Proj/Content/Hangar/Textures/T_train_box_car_AO.ubulk" 2570
"F:/CMP400 - Prof Proj/CMP400_Prof_Proj/Content/Hangar/Textures/T_train_box_car_AO.uasset" 2571
"F:/CMP400 - Prof Proj/CMP400_Prof_Proj/Content/Hangar/Textures/T_train_box_car_AO.uexp" 2572
"F:/CMP400 - Prof Proj/CMP400_Prof_Proj/Content/Hangar/Textures/T_train_box_car_green_D.ubulk" 2573
"F:/CMP400 - Prof Proj/CMP400_Prof_Proj/Content/Hangar/Textures/T_train_box_car_green_D.uasset" 2574
"F:/CMP400 - Prof Proj/CMP400_Prof_Proj/Content/Hangar/Textures/T_train_box_car_green_D.uexp" 2575
"F:/CMP400 - Prof Proj/CMP400_Prof_Proj/Content/Hangar/Textures/T_train_box_car_N.ubulk" 2576
"F:/CMP400 - Prof Proj/CMP400_Prof_Proj/Content/Hangar/Textures/T_train_box_car_N.uasset" 2577
"F:/CMP400 - Prof Proj/CMP400_Prof_Proj/Content/Hangar/Textures/T_train_box_car_N.uexp" 2578
"F:/CMP400 - Prof Proj/CMP400_Prof_Proj/Content/Hangar/Textures/T_train_box_car_R.ubulk" 2579
"F:/CMP400 - Prof Proj/CMP400_Prof_Proj/Content/Hangar/Textures/T_train_box_car_R.uasset" 2580
"F:/CMP400 - Prof Proj/CMP400_Prof_Proj/Content/Hangar/Textures/T_train_box_car_R.uexp" 2581
"F:/CMP400 - Prof Proj/CMP400_Prof_Proj/Content/Hangar/Materials/M_Train_BoxCar_green.uasset" 2582
"F:/CMP400 - Prof Proj/CMP400_Prof_Proj/Content/Hangar/Materials/M_Train_BoxCar_green.uexp" 2583
"F:/CMP400 - Prof Proj/CMP400_Prof_Proj/Content/Hangar/Meshes/SM_TrainBoxCarGreen.ubulk" 2584
"F:/CMP400 - Prof Proj/CMP400_Prof_Proj/Content/Hangar/Meshes/SM_TrainBoxCarGreen.uasset" 2585
"F:/CMP400 - Prof Proj/CMP400_Prof_Proj/Content/Hangar/Meshes/SM_TrainBoxCarGreen.uexp" 2586
"F:/CMP400 - Prof Proj/CMP400_Prof_Proj/Content/Hangar/Meshes/SM_rusty_pipe_07.ubulk" 2587
"F:/CMP400 - Prof Proj/CMP400_Prof_Proj/Content/Hangar/Meshes/SM_rusty_pipe_07.uasset" 2588
"F:/CMP400 - Prof Proj/CMP400_Prof_Proj/Content/Hangar/Meshes/SM_rusty_pipe_07.uexp" 2589
"F:/CMP400 - Prof Proj/CMP400_Prof_Proj/Content/Hangar/Meshes/SM_board_c.ubulk" 2590
"F:/CMP400 - Prof Proj/CMP400_Prof_Proj/Content/Hangar/Meshes/SM_board_c.uasset" 2591
"F:/CMP400 - Prof Proj/CMP400_Prof_Proj/Content/Hangar/Meshes/SM_board_c.uexp" 2592
"F:/CMP400 - Prof Proj/CMP400_Prof_Proj/Content/Hangar/Meshes/SM_set_floor_02.ubulk" 2593
"F:/CMP400 - Prof Proj/CMP400_Prof_Proj/Content/Hangar/Meshes/SM_set_floor_02.uasset" 2594
"F:/CMP400 - Prof Proj/CMP400_Prof_Proj/Content/Hangar/Meshes/SM_set_floor_02.uexp" 2595
"F:/CMP400 - Prof Proj/CMP400_Prof_Proj/Content/Hangar/Meshes/SM_set_floor_01.ubulk" 2596
"F:/CMP400 - Prof Proj/CMP400_Prof_Proj/Content/Hangar/Meshes/SM_set_floor_01.uasset" 2597
"F:/CMP400 - Prof Proj/CMP400_Prof_Proj/Content/Hangar/Meshes/SM_set_floor_01.uexp" 2598
"F:/CMP400 - Prof Proj/CMP400_Prof_Proj/Content/Hangar/Textures/T_int_lamp_AO.ubulk" 2599
"F:/CMP400 - Prof Proj/CMP400_Prof_Proj/Content/Hangar/Textures/T_int_lamp_AO.uasset" 2600
"F:/CMP400 - Prof Proj/CMP400_Prof_Proj/Content/Hangar/Textures/T_int_lamp_AO.uexp" 2601
"F:/CMP400 - Prof Proj/CMP400_Prof_Proj/Content/Hangar/Textures/T_int_lamp_R.ubulk" 2602
"F:/CMP400 - Prof Proj/CMP400_Prof_Proj/Content/Hangar/Textures/T_int_lamp_R.uasset" 2603
"F:/CMP400 - Prof Proj/CMP400_Prof_Proj/Content/Hangar/Textures/T_int_lamp_R.uexp" 2604
"F:/CMP400 - Prof Proj/CMP400_Prof_Proj/Content/Hangar/Textures/T_int_lamp_emi.ubulk" 2605
"F:/CMP400 - Prof Proj/CMP400_Prof_Proj/Content/Hangar/Textures/T_int_lamp_emi.uasset" 2606
"F:/CMP400 - Prof Proj/CMP400_Prof_Proj/Content/Hangar/Textures/T_int_lamp_emi.uexp" 2607
"F:/CMP400 - Prof Proj/CMP400_Prof_Proj/Content/Hangar/Textures/T_int_lamp_N.ubulk" 2608
"F:/CMP400 - Prof Proj/CMP400_Prof_Proj/Content/Hangar/Textures/T_int_lamp_N.uasset" 2609
"F:/CMP400 - Prof Proj/CMP400_Prof_Proj/Content/Hangar/Textures/T_int_lamp_N.uexp" 2610
"F:/CMP400 - Prof Proj/CMP400_Prof_Proj/Content/Hangar/Textures/T_int_lamp_BC.ubulk" 2611
"F:/CMP400 - Prof Proj/CMP400_Prof_Proj/Content/Hangar/Textures/T_int_lamp_BC.uasset" 2612
"F:/CMP400 - Prof Proj/CMP400_Prof_Proj/Content/Hangar/Textures/T_int_lamp_BC.uexp" 2613
"F:/CMP400 - Prof Proj/CMP400_Prof_Proj/Content/Hangar/Materials/M_int_lamp_on.uasset" 2614
"F:/CMP400 - Prof Proj/CMP400_Prof_Proj/Content/Hangar/Materials/M_int_lamp_on.uexp" 2615
"F:/CMP400 - Prof Proj/CMP400_Prof_Proj/Content/Hangar/Textures/T_compensator02_R.ubulk" 2616
"F:/CMP400 - Prof Proj/CMP400_Prof_Proj/Content/Hangar/Textures/T_compensator02_R.uasset" 2617
"F:/CMP400 - Prof Proj/CMP400_Prof_Proj/Content/Hangar/Textures/T_compensator02_R.uexp" 2618
"F:/CMP400 - Prof Proj/CMP400_Prof_Proj/Content/Hangar/Textures/T_Compensator_N.ubulk" 2619
"F:/CMP400 - Prof Proj/CMP400_Prof_Proj/Content/Hangar/Textures/T_Compensator_N.uasset" 2620
"F:/CMP400 - Prof Proj/CMP400_Prof_Proj/Content/Hangar/Textures/T_Compensator_N.uexp" 2621
"F:/CMP400 - Prof Proj/CMP400_Prof_Proj/Content/Hangar/Textures/T_Compensator_BC.ubulk" 2622
"F:/CMP400 - Prof Proj/CMP400_Prof_Proj/Content/Hangar/Textures/T_Compensator_BC.uasset" 2623
"F:/CMP400 - Prof Proj/CMP400_Prof_Proj/Content/Hangar/Textures/T_Compensator_BC.uexp" 2624
"F:/CMP400 - Prof Proj/CMP400_Prof_Proj/Content/Hangar/Textures/T_compensator02_AO.ubulk" 2625
"F:/CMP400 - Prof Proj/CMP400_Prof_Proj/Content/Hangar/Textures/T_compensator02_AO.uasset" 2626
"F:/CMP400 - Prof Proj/CMP400_Prof_Proj/Content/Hangar/Textures/T_compensator02_AO.uexp" 2627
"F:/CMP400 - Prof Proj/CMP400_Prof_Proj/Content/Hangar/Textures/T_compensator02_M.ubulk" 2628
"F:/CMP400 - Prof Proj/CMP400_Prof_Proj/Content/Hangar/Textures/T_compensator02_M.uasset" 2629
"F:/CMP400 - Prof Proj/CMP400_Prof_Proj/Content/Hangar/Textures/T_compensator02_M.uexp" 2630
"F:/CMP400 - Prof Proj/CMP400_Prof_Proj/Content/Hangar/Materials/M_compensator_base.uasset" 2631
"F:/CMP400 - Prof Proj/CMP400_Prof_Proj/Content/Hangar/Materials/M_compensator_base.uexp" 2632
"F:/CMP400 - Prof Proj/CMP400_Prof_Proj/Content/Hangar/Meshes/SM_copmensator_base.ubulk" 2633
"F:/CMP400 - Prof Proj/CMP400_Prof_Proj/Content/Hangar/Meshes/SM_copmensator_base.uasset" 2634
"F:/CMP400 - Prof Proj/CMP400_Prof_Proj/Content/Hangar/Meshes/SM_copmensator_base.uexp" 2635
"F:/CMP400 - Prof Proj/CMP400_Prof_Proj/Content/Hangar/Meshes/SM_rusty_pipe_08.ubulk" 2636
"F:/CMP400 - Prof Proj/CMP400_Prof_Proj/Content/Hangar/Meshes/SM_rusty_pipe_08.uasset" 2637
"F:/CMP400 - Prof Proj/CMP400_Prof_Proj/Content/Hangar/Meshes/SM_rusty_pipe_08.uexp" 2638
"F:/CMP400 - Prof Proj/CMP400_Prof_Proj/Content/Hangar/Meshes/SM_bumper_01.ubulk" 2639
"F:/CMP400 - Prof Proj/CMP400_Prof_Proj/Content/Hangar/Meshes/SM_bumper_01.uasset" 2640
"F:/CMP400 - Prof Proj/CMP400_Prof_Proj/Content/Hangar/Meshes/SM_bumper_01.uexp" 2641
"F:/CMP400 - Prof Proj/CMP400_Prof_Proj/Content/Hangar/Textures/T_concrete_fence_R.ubulk" 2642
"F:/CMP400 - Prof Proj/CMP400_Prof_Proj/Content/Hangar/Textures/T_concrete_fence_R.uasset" 2643
"F:/CMP400 - Prof Proj/CMP400_Prof_Proj/Content/Hangar/Textures/T_concrete_fence_R.uexp" 2644
"F:/CMP400 - Prof Proj/CMP400_Prof_Proj/Content/Hangar/Textures/T_concrete_fence_BC.ubulk" 2645
"F:/CMP400 - Prof Proj/CMP400_Prof_Proj/Content/Hangar/Textures/T_concrete_fence_BC.uasset" 2646
"F:/CMP400 - Prof Proj/CMP400_Prof_Proj/Content/Hangar/Textures/T_concrete_fence_BC.uexp" 2647
"F:/CMP400 - Prof Proj/CMP400_Prof_Proj/Content/Hangar/Textures/T_concrete_fence_N.ubulk" 2648
"F:/CMP400 - Prof Proj/CMP400_Prof_Proj/Content/Hangar/Textures/T_concrete_fence_N.uasset" 2649
"F:/CMP400 - Prof Proj/CMP400_Prof_Proj/Content/Hangar/Textures/T_concrete_fence_N.uexp" 2650
"F:/CMP400 - Prof Proj/CMP400_Prof_Proj/Content/Hangar/Textures/T_concrete_fence_AO.ubulk" 2651
"F:/CMP400 - Prof Proj/CMP400_Prof_Proj/Content/Hangar/Textures/T_concrete_fence_AO.uasset" 2652
"F:/CMP400 - Prof Proj/CMP400_Prof_Proj/Content/Hangar/Textures/T_concrete_fence_AO.uexp" 2653
"F:/CMP400 - Prof Proj/CMP400_Prof_Proj/Content/Hangar/Materials/M_concrete_fence.uasset" 2654
"F:/CMP400 - Prof Proj/CMP400_Prof_Proj/Content/Hangar/Materials/M_concrete_fence.uexp" 2655
"F:/CMP400 - Prof Proj/CMP400_Prof_Proj/Content/Hangar/Meshes/SM_concrete_fence_00.ubulk" 2656
"F:/CMP400 - Prof Proj/CMP400_Prof_Proj/Content/Hangar/Meshes/SM_concrete_fence_00.uasset" 2657
"F:/CMP400 - Prof Proj/CMP400_Prof_Proj/Content/Hangar/Meshes/SM_concrete_fence_00.uexp" 2658
"F:/CMP400 - Prof Proj/CMP400_Prof_Proj/Content/Hangar/Meshes/SM_paper_debris_10.ubulk" 2659
"F:/CMP400 - Prof Proj/CMP400_Prof_Proj/Content/Hangar/Meshes/SM_paper_debris_10.uasset" 2660
"F:/CMP400 - Prof Proj/CMP400_Prof_Proj/Content/Hangar/Meshes/SM_paper_debris_10.uexp" 2661
"F:/CMP400 - Prof Proj/CMP400_Prof_Proj/Content/Hangar/Meshes/SM_int_lamp_1_on.ubulk" 2662
"F:/CMP400 - Prof Proj/CMP400_Prof_Proj/Content/Hangar/Meshes/SM_int_lamp_1_on.uasset" 2663
"F:/CMP400 - Prof Proj/CMP400_Prof_Proj/Content/Hangar/Meshes/SM_int_lamp_1_on.uexp" 2664
"F:/CMP400 - Prof Proj/CMP400_Prof_Proj/Content/Hangar/Meshes/SM_long_pully_with_rope.ubulk" 2665
"F:/CMP400 - Prof Proj/CMP400_Prof_Proj/Content/Hangar/Meshes/SM_long_pully_with_rope.uasset" 2666
"F:/CMP400 - Prof Proj/CMP400_Prof_Proj/Content/Hangar/Meshes/SM_long_pully_with_rope.uexp" 2667
"F:/CMP400 - Prof Proj/CMP400_Prof_Proj/Content/Hangar/Meshes/SM_drainage_pole.ubulk" 2668
"F:/CMP400 - Prof Proj/CMP400_Prof_Proj/Content/Hangar/Meshes/SM_drainage_pole.uasset" 2669
"F:/CMP400 - Prof Proj/CMP400_Prof_Proj/Content/Hangar/Meshes/SM_drainage_pole.uexp" 2670
"F:/CMP400 - Prof Proj/CMP400_Prof_Proj/Content/Hangar/Textures/T_Antitank_BC.ubulk" 2671
"F:/CMP400 - Prof Proj/CMP400_Prof_Proj/Content/Hangar/Textures/T_Antitank_BC.uasset" 2672
"F:/CMP400 - Prof Proj/CMP400_Prof_Proj/Content/Hangar/Textures/T_Antitank_BC.uexp" 2673
"F:/CMP400 - Prof Proj/CMP400_Prof_Proj/Content/Hangar/Textures/T_antitank_AO.ubulk" 2674
"F:/CMP400 - Prof Proj/CMP400_Prof_Proj/Content/Hangar/Textures/T_antitank_AO.uasset" 2675
"F:/CMP400 - Prof Proj/CMP400_Prof_Proj/Content/Hangar/Textures/T_antitank_AO.uexp" 2676
"F:/CMP400 - Prof Proj/CMP400_Prof_Proj/Content/Hangar/Textures/T_antitank_R.ubulk" 2677
"F:/CMP400 - Prof Proj/CMP400_Prof_Proj/Content/Hangar/Textures/T_antitank_R.uasset" 2678
"F:/CMP400 - Prof Proj/CMP400_Prof_Proj/Content/Hangar/Textures/T_antitank_R.uexp" 2679
"F:/CMP400 - Prof Proj/CMP400_Prof_Proj/Content/Hangar/Textures/T_antitank_N.ubulk" 2680
"F:/CMP400 - Prof Proj/CMP400_Prof_Proj/Content/Hangar/Textures/T_antitank_N.uasset" 2681
"F:/CMP400 - Prof Proj/CMP400_Prof_Proj/Content/Hangar/Textures/T_antitank_N.uexp" 2682
"F:/CMP400 - Prof Proj/CMP400_Prof_Proj/Content/Hangar/Textures/T_antitank_M.ubulk" 2683
"F:/CMP400 - Prof Proj/CMP400_Prof_Proj/Content/Hangar/Textures/T_antitank_M.uasset" 2684
"F:/CMP400 - Prof Proj/CMP400_Prof_Proj/Content/Hangar/Textures/T_antitank_M.uexp" 2685
"F:/CMP400 - Prof Proj/CMP400_Prof_Proj/Content/Hangar/Materials/M_Anti_tank_obstacle.uasset" 2686
"F:/CMP400 - Prof Proj/CMP400_Prof_Proj/Content/Hangar/Materials/M_Anti_tank_obstacle.uexp" 2687
"F:/CMP400 - Prof Proj/CMP400_Prof_Proj/Content/Hangar/Meshes/SM_anti_tank_obstacle.ubulk" 2688
"F:/CMP400 - Prof Proj/CMP400_Prof_Proj/Content/Hangar/Meshes/SM_anti_tank_obstacle.uasset" 2689
"F:/CMP400 - Prof Proj/CMP400_Prof_Proj/Content/Hangar/Meshes/SM_anti_tank_obstacle.uexp" 2690
"F:/CMP400 - Prof Proj/CMP400_Prof_Proj/Content/Hangar/Meshes/SM_rusty_pipe_03.ubulk" 2691
"F:/CMP400 - Prof Proj/CMP400_Prof_Proj/Content/Hangar/Meshes/SM_rusty_pipe_03.uasset" 2692
"F:/CMP400 - Prof Proj/CMP400_Prof_Proj/Content/Hangar/Meshes/SM_rusty_pipe_03.uexp" 2693
"F:/CMP400 - Prof Proj/CMP400_Prof_Proj/Content/Hangar/Meshes/SM_paper_debris_01.ubulk" 2694
"F:/CMP400 - Prof Proj/CMP400_Prof_Proj/Content/Hangar/Meshes/SM_paper_debris_01.uasset" 2695
"F:/CMP400 - Prof Proj/CMP400_Prof_Proj/Content/Hangar/Meshes/SM_paper_debris_01.uexp" 2696
"F:/CMP400 - Prof Proj/CMP400_Prof_Proj/Content/Hangar/Meshes/SM_paper_debris_02.ubulk" 2697
"F:/CMP400 - Prof Proj/CMP400_Prof_Proj/Content/Hangar/Meshes/SM_paper_debris_02.uasset" 2698
"F:/CMP400 - Prof Proj/CMP400_Prof_Proj/Content/Hangar/Meshes/SM_paper_debris_02.uexp" 2699
"F:/CMP400 - Prof Proj/CMP400_Prof_Proj/Content/Hangar/Meshes/SM_long_poly_a.ubulk" 2700
"F:/CMP400 - Prof Proj/CMP400_Prof_Proj/Content/Hangar/Meshes/SM_long_poly_a.uasset" 2701
"F:/CMP400 - Prof Proj/CMP400_Prof_Proj/Content/Hangar/Meshes/SM_long_poly_a.uexp" 2702
"F:/CMP400 - Prof Proj/CMP400_Prof_Proj/Content/Hangar/Meshes/SM_gaspipes_01.ubulk" 2703
"F:/CMP400 - Prof Proj/CMP400_Prof_Proj/Content/Hangar/Meshes/SM_gaspipes_01.uasset" 2704
"F:/CMP400 - Prof Proj/CMP400_Prof_Proj/Content/Hangar/Meshes/SM_gaspipes_01.uexp" 2705
"F:/CMP400 - Prof Proj/CMP400_Prof_Proj/Content/Hangar/Textures/T_train_box_car_rad_D.ubulk" 2706
"F:/CMP400 - Prof Proj/CMP400_Prof_Proj/Content/Hangar/Textures/T_train_box_car_rad_D.uasset" 2707
"F:/CMP400 - Prof Proj/CMP400_Prof_Proj/Content/Hangar/Textures/T_train_box_car_rad_D.uexp" 2708
"F:/CMP400 - Prof Proj/CMP400_Prof_Proj/Content/Hangar/Materials/M_Train_BoxCar_rad.uasset" 2709
"F:/CMP400 - Prof Proj/CMP400_Prof_Proj/Content/Hangar/Materials/M_Train_BoxCar_rad.uexp" 2710
"F:/CMP400 - Prof Proj/CMP400_Prof_Proj/Content/Hangar/Meshes/SM_TrainBoxCarRad.ubulk" 2711
"F:/CMP400 - Prof Proj/CMP400_Prof_Proj/Content/Hangar/Meshes/SM_TrainBoxCarRad.uasset" 2712
"F:/CMP400 - Prof Proj/CMP400_Prof_Proj/Content/Hangar/Meshes/SM_TrainBoxCarRad.uexp" 2713
"F:/CMP400 - Prof Proj/CMP400_Prof_Proj/Content/Hangar/Meshes/SM_trash_box_02.ubulk" 2714
"F:/CMP400 - Prof Proj/CMP400_Prof_Proj/Content/Hangar/Meshes/SM_trash_box_02.uasset" 2715
"F:/CMP400 - Prof Proj/CMP400_Prof_Proj/Content/Hangar/Meshes/SM_trash_box_02.uexp" 2716
"F:/CMP400 - Prof Proj/CMP400_Prof_Proj/Content/Hangar/Meshes/SM_long_boards_a.ubulk" 2717
"F:/CMP400 - Prof Proj/CMP400_Prof_Proj/Content/Hangar/Meshes/SM_long_boards_a.uasset" 2718
"F:/CMP400 - Prof Proj/CMP400_Prof_Proj/Content/Hangar/Meshes/SM_long_boards_a.uexp" 2719
"F:/CMP400 - Prof Proj/CMP400_Prof_Proj/Content/Hangar/Textures/T_MainRoad_N.ubulk" 2720
"F:/CMP400 - Prof Proj/CMP400_Prof_Proj/Content/Hangar/Textures/T_MainRoad_N.uasset" 2721
"F:/CMP400 - Prof Proj/CMP400_Prof_Proj/Content/Hangar/Textures/T_MainRoad_N.uexp" 2722
"F:/CMP400 - Prof Proj/CMP400_Prof_Proj/Content/Hangar/Textures/T_MainRoad_BC.ubulk" 2723
"F:/CMP400 - Prof Proj/CMP400_Prof_Proj/Content/Hangar/Textures/T_MainRoad_BC.uasset" 2724
"F:/CMP400 - Prof Proj/CMP400_Prof_Proj/Content/Hangar/Textures/T_MainRoad_BC.uexp" 2725
"F:/CMP400 - Prof Proj/CMP400_Prof_Proj/Content/Hangar/Textures/T_main_road_AO.ubulk" 2726
"F:/CMP400 - Prof Proj/CMP400_Prof_Proj/Content/Hangar/Textures/T_main_road_AO.uasset" 2727
"F:/CMP400 - Prof Proj/CMP400_Prof_Proj/Content/Hangar/Textures/T_main_road_AO.uexp" 2728
"F:/CMP400 - Prof Proj/CMP400_Prof_Proj/Content/Hangar/Textures/T_MainRoad_R.ubulk" 2729
"F:/CMP400 - Prof Proj/CMP400_Prof_Proj/Content/Hangar/Textures/T_MainRoad_R.uasset" 2730
"F:/CMP400 - Prof Proj/CMP400_Prof_Proj/Content/Hangar/Textures/T_MainRoad_R.uexp" 2731
"F:/CMP400 - Prof Proj/CMP400_Prof_Proj/Content/Hangar/Materials/M_main_road02.uasset" 2732
"F:/CMP400 - Prof Proj/CMP400_Prof_Proj/Content/Hangar/Materials/M_main_road02.uexp" 2733
"F:/CMP400 - Prof Proj/CMP400_Prof_Proj/Content/Hangar/Meshes/SM_main_road_set_01.ubulk" 2734
"F:/CMP400 - Prof Proj/CMP400_Prof_Proj/Content/Hangar/Meshes/SM_main_road_set_01.uasset" 2735
"F:/CMP400 - Prof Proj/CMP400_Prof_Proj/Content/Hangar/Meshes/SM_main_road_set_01.uexp" 2736
"F:/CMP400 - Prof Proj/CMP400_Prof_Proj/Content/Hangar/Textures/T_constraction_set_wood_BC.ubulk" 2737
"F:/CMP400 - Prof Proj/CMP400_Prof_Proj/Content/Hangar/Textures/T_constraction_set_wood_BC.uasset" 2738
"F:/CMP400 - Prof Proj/CMP400_Prof_Proj/Content/Hangar/Textures/T_constraction_set_wood_BC.uexp" 2739
"F:/CMP400 - Prof Proj/CMP400_Prof_Proj/Content/Hangar/Textures/T_constraction_set_wood_R.ubulk" 2740
"F:/CMP400 - Prof Proj/CMP400_Prof_Proj/Content/Hangar/Textures/T_constraction_set_wood_R.uasset" 2741
"F:/CMP400 - Prof Proj/CMP400_Prof_Proj/Content/Hangar/Textures/T_constraction_set_wood_R.uexp" 2742
"F:/CMP400 - Prof Proj/CMP400_Prof_Proj/Content/Hangar/Textures/T_constraction_set_wood_N.ubulk" 2743
"F:/CMP400 - Prof Proj/CMP400_Prof_Proj/Content/Hangar/Textures/T_constraction_set_wood_N.uasset" 2744
"F:/CMP400 - Prof Proj/CMP400_Prof_Proj/Content/Hangar/Textures/T_constraction_set_wood_N.uexp" 2745
"F:/CMP400 - Prof Proj/CMP400_Prof_Proj/Content/Hangar/Materials/M_constraction_set_wood.uasset" 2746
"F:/CMP400 - Prof Proj/CMP400_Prof_Proj/Content/Hangar/Materials/M_constraction_set_wood.uexp" 2747
"F:/CMP400 - Prof Proj/CMP400_Prof_Proj/Content/Hangar/Meshes/SM_pile_of_boards.ubulk" 2748
"F:/CMP400 - Prof Proj/CMP400_Prof_Proj/Content/Hangar/Meshes/SM_pile_of_boards.uasset" 2749
"F:/CMP400 - Prof Proj/CMP400_Prof_Proj/Content/Hangar/Meshes/SM_pile_of_boards.uexp" 2750
"F:/CMP400 - Prof Proj/CMP400_Prof_Proj/Content/Hangar/Meshes/SM_caution_pole_a.ubulk" 2751
"F:/CMP400 - Prof Proj/CMP400_Prof_Proj/Content/Hangar/Meshes/SM_caution_pole_a.uasset" 2752
"F:/CMP400 - Prof Proj/CMP400_Prof_Proj/Content/Hangar/Meshes/SM_caution_pole_a.uexp" 2753
"F:/CMP400 - Prof Proj/CMP400_Prof_Proj/Content/Hangar/Materials/M_int_lamp.uasset" 2754
"F:/CMP400 - Prof Proj/CMP400_Prof_Proj/Content/Hangar/Materials/M_int_lamp.uexp" 2755
"F:/CMP400 - Prof Proj/CMP400_Prof_Proj/Content/Hangar/Meshes/SM_int_lamp_1.ubulk" 2756
"F:/CMP400 - Prof Proj/CMP400_Prof_Proj/Content/Hangar/Meshes/SM_int_lamp_1.uasset" 2757
"F:/CMP400 - Prof Proj/CMP400_Prof_Proj/Content/Hangar/Meshes/SM_int_lamp_1.uexp" 2758
"F:/CMP400 - Prof Proj/CMP400_Prof_Proj/Content/Hangar/Textures/T_metal_gate_D.ubulk" 2759
"F:/CMP400 - Prof Proj/CMP400_Prof_Proj/Content/Hangar/Textures/T_metal_gate_D.uasset" 2760
"F:/CMP400 - Prof Proj/CMP400_Prof_Proj/Content/Hangar/Textures/T_metal_gate_D.uexp" 2761
"F:/CMP400 - Prof Proj/CMP400_Prof_Proj/Content/Hangar/Textures/T_metal_gate_AO.ubulk" 2762
"F:/CMP400 - Prof Proj/CMP400_Prof_Proj/Content/Hangar/Textures/T_metal_gate_AO.uasset" 2763
"F:/CMP400 - Prof Proj/CMP400_Prof_Proj/Content/Hangar/Textures/T_metal_gate_AO.uexp" 2764
"F:/CMP400 - Prof Proj/CMP400_Prof_Proj/Content/Hangar/Textures/T_metal_gate_R_0.ubulk" 2765
"F:/CMP400 - Prof Proj/CMP400_Prof_Proj/Content/Hangar/Textures/T_metal_gate_R_0.uasset" 2766
"F:/CMP400 - Prof Proj/CMP400_Prof_Proj/Content/Hangar/Textures/T_metal_gate_R_0.uexp" 2767
"F:/CMP400 - Prof Proj/CMP400_Prof_Proj/Content/Hangar/Textures/T_metal_gate_N.ubulk" 2768
"F:/CMP400 - Prof Proj/CMP400_Prof_Proj/Content/Hangar/Textures/T_metal_gate_N.uasset" 2769
"F:/CMP400 - Prof Proj/CMP400_Prof_Proj/Content/Hangar/Textures/T_metal_gate_N.uexp" 2770
"F:/CMP400 - Prof Proj/CMP400_Prof_Proj/Content/Hangar/Materials/M_metal_gate_hangar.uasset" 2771
"F:/CMP400 - Prof Proj/CMP400_Prof_Proj/Content/Hangar/Materials/M_metal_gate_hangar.uexp" 2772
"F:/CMP400 - Prof Proj/CMP400_Prof_Proj/Content/Hangar/Meshes/SM_hangar_gate_01.ubulk" 2773
"F:/CMP400 - Prof Proj/CMP400_Prof_Proj/Content/Hangar/Meshes/SM_hangar_gate_01.uasset" 2774
"F:/CMP400 - Prof Proj/CMP400_Prof_Proj/Content/Hangar/Meshes/SM_hangar_gate_01.uexp" 2775
"F:/CMP400 - Prof Proj/CMP400_Prof_Proj/Content/Hangar/Meshes/SM_set_floor_03.ubulk" 2776
"F:/CMP400 - Prof Proj/CMP400_Prof_Proj/Content/Hangar/Meshes/SM_set_floor_03.uasset" 2777
"F:/CMP400 - Prof Proj/CMP400_Prof_Proj/Content/Hangar/Meshes/SM_set_floor_03.uexp" 2778
"F:/CMP400 - Prof Proj/CMP400_Prof_Proj/Content/Hangar/Textures/T_decal_leaves_O.ubulk" 2779
"F:/CMP400 - Prof Proj/CMP400_Prof_Proj/Content/Hangar/Textures/T_decal_leaves_O.uasset" 2780
"F:/CMP400 - Prof Proj/CMP400_Prof_Proj/Content/Hangar/Textures/T_decal_leaves_O.uexp" 2781
"F:/CMP400 - Prof Proj/CMP400_Prof_Proj/Content/Hangar/Textures/T_decal_leaves_N.ubulk" 2782
"F:/CMP400 - Prof Proj/CMP400_Prof_Proj/Content/Hangar/Textures/T_decal_leaves_N.uasset" 2783
"F:/CMP400 - Prof Proj/CMP400_Prof_Proj/Content/Hangar/Textures/T_decal_leaves_N.uexp" 2784
"F:/CMP400 - Prof Proj/CMP400_Prof_Proj/Content/Hangar/Textures/T_decal_leaves_AO.ubulk" 2785
"F:/CMP400 - Prof Proj/CMP400_Prof_Proj/Content/Hangar/Textures/T_decal_leaves_AO.uasset" 2786
"F:/CMP400 - Prof Proj/CMP400_Prof_Proj/Content/Hangar/Textures/T_decal_leaves_AO.uexp" 2787
"F:/CMP400 - Prof Proj/CMP400_Prof_Proj/Content/Hangar/Textures/T_decal_leaves_BC.ubulk" 2788
"F:/CMP400 - Prof Proj/CMP400_Prof_Proj/Content/Hangar/Textures/T_decal_leaves_BC.uasset" 2789
"F:/CMP400 - Prof Proj/CMP400_Prof_Proj/Content/Hangar/Textures/T_decal_leaves_BC.uexp" 2790
"F:/CMP400 - Prof Proj/CMP400_Prof_Proj/Content/Hangar/Textures/T_decal_leaves_R.ubulk" 2791
"F:/CMP400 - Prof Proj/CMP400_Prof_Proj/Content/Hangar/Textures/T_decal_leaves_R.uasset" 2792
"F:/CMP400 - Prof Proj/CMP400_Prof_Proj/Content/Hangar/Textures/T_decal_leaves_R.uexp" 2793
"F:/CMP400 - Prof Proj/CMP400_Prof_Proj/Content/Hangar/Materials/M_decal_leaves.uasset" 2794
"F:/CMP400 - Prof Proj/CMP400_Prof_Proj/Content/Hangar/Materials/M_decal_leaves.uexp" 2795
"F:/CMP400 - Prof Proj/CMP400_Prof_Proj/Content/Hangar/Meshes/SM_leaf_decal_05.ubulk" 2796
"F:/CMP400 - Prof Proj/CMP400_Prof_Proj/Content/Hangar/Meshes/SM_leaf_decal_05.uasset" 2797
"F:/CMP400 - Prof Proj/CMP400_Prof_Proj/Content/Hangar/Meshes/SM_leaf_decal_05.uexp" 2798
"F:/CMP400 - Prof Proj/CMP400_Prof_Proj/Content/Hangar/Meshes/SM_placards_01.ubulk" 2799
"F:/CMP400 - Prof Proj/CMP400_Prof_Proj/Content/Hangar/Meshes/SM_placards_01.uasset" 2800
"F:/CMP400 - Prof Proj/CMP400_Prof_Proj/Content/Hangar/Meshes/SM_placards_01.uexp" 2801
"F:/CMP400 - Prof Proj/CMP400_Prof_Proj/Content/Hangar/Textures/T_electric_pole_AO.ubulk" 2802
"F:/CMP400 - Prof Proj/CMP400_Prof_Proj/Content/Hangar/Textures/T_electric_pole_AO.uasset" 2803
"F:/CMP400 - Prof Proj/CMP400_Prof_Proj/Content/Hangar/Textures/T_electric_pole_AO.uexp" 2804
"F:/CMP400 - Prof Proj/CMP400_Prof_Proj/Content/Hangar/Textures/T_electric_pole_M.ubulk" 2805
"F:/CMP400 - Prof Proj/CMP400_Prof_Proj/Content/Hangar/Textures/T_electric_pole_M.uasset" 2806
"F:/CMP400 - Prof Proj/CMP400_Prof_Proj/Content/Hangar/Textures/T_electric_pole_M.uexp" 2807
"F:/CMP400 - Prof Proj/CMP400_Prof_Proj/Content/Hangar/Textures/T_electric_pole_BC.ubulk" 2808
"F:/CMP400 - Prof Proj/CMP400_Prof_Proj/Content/Hangar/Textures/T_electric_pole_BC.uasset" 2809
"F:/CMP400 - Prof Proj/CMP400_Prof_Proj/Content/Hangar/Textures/T_electric_pole_BC.uexp" 2810
"F:/CMP400 - Prof Proj/CMP400_Prof_Proj/Content/Hangar/Textures/T_electric_pole_R.ubulk" 2811
"F:/CMP400 - Prof Proj/CMP400_Prof_Proj/Content/Hangar/Textures/T_electric_pole_R.uasset" 2812
"F:/CMP400 - Prof Proj/CMP400_Prof_Proj/Content/Hangar/Textures/T_electric_pole_R.uexp" 2813
"F:/CMP400 - Prof Proj/CMP400_Prof_Proj/Content/Hangar/Textures/T_electric_pole_N.ubulk" 2814
"F:/CMP400 - Prof Proj/CMP400_Prof_Proj/Content/Hangar/Textures/T_electric_pole_N.uasset" 2815
"F:/CMP400 - Prof Proj/CMP400_Prof_Proj/Content/Hangar/Textures/T_electric_pole_N.uexp" 2816
"F:/CMP400 - Prof Proj/CMP400_Prof_Proj/Content/Hangar/Materials/M_electric_pole.uasset" 2817
"F:/CMP400 - Prof Proj/CMP400_Prof_Proj/Content/Hangar/Materials/M_electric_pole.uexp" 2818
"F:/CMP400 - Prof Proj/CMP400_Prof_Proj/Content/Hangar/Meshes/SM_electric_pole_02.ubulk" 2819
"F:/CMP400 - Prof Proj/CMP400_Prof_Proj/Content/Hangar/Meshes/SM_electric_pole_02.uasset" 2820
"F:/CMP400 - Prof Proj/CMP400_Prof_Proj/Content/Hangar/Meshes/SM_electric_pole_02.uexp" 2821
"F:/CMP400 - Prof Proj/CMP400_Prof_Proj/Content/Hangar/Textures/T_glass_BC.ubulk" 2822
"F:/CMP400 - Prof Proj/CMP400_Prof_Proj/Content/Hangar/Textures/T_glass_BC.uasset" 2823
"F:/CMP400 - Prof Proj/CMP400_Prof_Proj/Content/Hangar/Textures/T_glass_BC.uexp" 2824
"F:/CMP400 - Prof Proj/CMP400_Prof_Proj/Content/Hangar/Materials/M_glass.uasset" 2825
"F:/CMP400 - Prof Proj/CMP400_Prof_Proj/Content/Hangar/Materials/M_glass.uexp" 2826
"F:/CMP400 - Prof Proj/CMP400_Prof_Proj/Content/Hangar/Meshes/SM_hangar_gate_door_01.ubulk" 2827
"F:/CMP400 - Prof Proj/CMP400_Prof_Proj/Content/Hangar/Meshes/SM_hangar_gate_door_01.uasset" 2828
"F:/CMP400 - Prof Proj/CMP400_Prof_Proj/Content/Hangar/Meshes/SM_hangar_gate_door_01.uexp" 2829
"F:/CMP400 - Prof Proj/CMP400_Prof_Proj/Content/Hangar/Meshes/SM_scaffold_baner_a.ubulk" 2830
"F:/CMP400 - Prof Proj/CMP400_Prof_Proj/Content/Hangar/Meshes/SM_scaffold_baner_a.uasset" 2831
"F:/CMP400 - Prof Proj/CMP400_Prof_Proj/Content/Hangar/Meshes/SM_scaffold_baner_a.uexp" 2832
"F:/CMP400 - Prof Proj/CMP400_Prof_Proj/Content/Hangar/Meshes/SM_main_road_set_03.ubulk" 2833
"F:/CMP400 - Prof Proj/CMP400_Prof_Proj/Content/Hangar/Meshes/SM_main_road_set_03.uasset" 2834
"F:/CMP400 - Prof Proj/CMP400_Prof_Proj/Content/Hangar/Meshes/SM_main_road_set_03.uexp" 2835
"F:/CMP400 - Prof Proj/CMP400_Prof_Proj/Content/Hangar/Materials/M_int_lamp_off.uasset" 2836
"F:/CMP400 - Prof Proj/CMP400_Prof_Proj/Content/Hangar/Materials/M_int_lamp_off.uexp" 2837
"F:/CMP400 - Prof Proj/CMP400_Prof_Proj/Content/Hangar/Meshes/SM_drainage_pole_06.ubulk" 2838
"F:/CMP400 - Prof Proj/CMP400_Prof_Proj/Content/Hangar/Meshes/SM_drainage_pole_06.uasset" 2839
"F:/CMP400 - Prof Proj/CMP400_Prof_Proj/Content/Hangar/Meshes/SM_drainage_pole_06.uexp" 2840
"F:/CMP400 - Prof Proj/CMP400_Prof_Proj/Content/Hangar/Meshes/SM_container_green.ubulk" 2841
"F:/CMP400 - Prof Proj/CMP400_Prof_Proj/Content/Hangar/Meshes/SM_container_green.uasset" 2842
"F:/CMP400 - Prof Proj/CMP400_Prof_Proj/Content/Hangar/Meshes/SM_container_green.uexp" 2843
"F:/CMP400 - Prof Proj/CMP400_Prof_Proj/Content/Hangar/Meshes/SM_concrete_fence_03.ubulk" 2844
"F:/CMP400 - Prof Proj/CMP400_Prof_Proj/Content/Hangar/Meshes/SM_concrete_fence_03.uasset" 2845
"F:/CMP400 - Prof Proj/CMP400_Prof_Proj/Content/Hangar/Meshes/SM_concrete_fence_03.uexp" 2846
"F:/CMP400 - Prof Proj/CMP400_Prof_Proj/Content/Hangar/Meshes/SM_drainage_pole_01.ubulk" 2847
"F:/CMP400 - Prof Proj/CMP400_Prof_Proj/Content/Hangar/Meshes/SM_drainage_pole_01.uasset" 2848
"F:/CMP400 - Prof Proj/CMP400_Prof_Proj/Content/Hangar/Meshes/SM_drainage_pole_01.uexp" 2849
"F:/CMP400 - Prof Proj/CMP400_Prof_Proj/Content/Hangar/Textures/T_hangar_R.ubulk" 2850
"F:/CMP400 - Prof Proj/CMP400_Prof_Proj/Content/Hangar/Textures/T_hangar_R.uasset" 2851
"F:/CMP400 - Prof Proj/CMP400_Prof_Proj/Content/Hangar/Textures/T_hangar_R.uexp" 2852
"F:/CMP400 - Prof Proj/CMP400_Prof_Proj/Content/Hangar/Textures/T_hangar_BC.ubulk" 2853
"F:/CMP400 - Prof Proj/CMP400_Prof_Proj/Content/Hangar/Textures/T_hangar_BC.uasset" 2854
"F:/CMP400 - Prof Proj/CMP400_Prof_Proj/Content/Hangar/Textures/T_hangar_BC.uexp" 2855
"F:/CMP400 - Prof Proj/CMP400_Prof_Proj/Content/Hangar/Textures/T_hangar_N.ubulk" 2856
"F:/CMP400 - Prof Proj/CMP400_Prof_Proj/Content/Hangar/Textures/T_hangar_N.uasset" 2857
"F:/CMP400 - Prof Proj/CMP400_Prof_Proj/Content/Hangar/Textures/T_hangar_N.uexp" 2858
"F:/CMP400 - Prof Proj/CMP400_Prof_Proj/Content/Hangar/Textures/T_hangar_AO.ubulk" 2859
"F:/CMP400 - Prof Proj/CMP400_Prof_Proj/Content/Hangar/Textures/T_hangar_AO.uasset" 2860
"F:/CMP400 - Prof Proj/CMP400_Prof_Proj/Content/Hangar/Textures/T_hangar_AO.uexp" 2861
"F:/CMP400 - Prof Proj/CMP400_Prof_Proj/Content/Hangar/Materials/M_hangar.uasset" 2862
"F:/CMP400 - Prof Proj/CMP400_Prof_Proj/Content/Hangar/Materials/M_hangar.uexp" 2863
"F:/CMP400 - Prof Proj/CMP400_Prof_Proj/Content/Hangar/Textures/T_metal_gate_R.ubulk" 2864
"F:/CMP400 - Prof Proj/CMP400_Prof_Proj/Content/Hangar/Textures/T_metal_gate_R.uasset" 2865
"F:/CMP400 - Prof Proj/CMP400_Prof_Proj/Content/Hangar/Textures/T_metal_gate_R.uexp" 2866
"F:/CMP400 - Prof Proj/CMP400_Prof_Proj/Content/Hangar/Textures/T_metal_gate_dif.ubulk" 2867
"F:/CMP400 - Prof Proj/CMP400_Prof_Proj/Content/Hangar/Textures/T_metal_gate_dif.uasset" 2868
"F:/CMP400 - Prof Proj/CMP400_Prof_Proj/Content/Hangar/Textures/T_metal_gate_dif.uexp" 2869
"F:/CMP400 - Prof Proj/CMP400_Prof_Proj/Content/Hangar/Materials/M_metal_gate.uasset" 2870
"F:/CMP400 - Prof Proj/CMP400_Prof_Proj/Content/Hangar/Materials/M_metal_gate.uexp" 2871
"F:/CMP400 - Prof Proj/CMP400_Prof_Proj/Content/Hangar/Textures/T_lamp_02_M.ubulk" 2872
"F:/CMP400 - Prof Proj/CMP400_Prof_Proj/Content/Hangar/Textures/T_lamp_02_M.uasset" 2873
"F:/CMP400 - Prof Proj/CMP400_Prof_Proj/Content/Hangar/Textures/T_lamp_02_M.uexp" 2874
"F:/CMP400 - Prof Proj/CMP400_Prof_Proj/Content/Hangar/Textures/T_lamp_02_R.ubulk" 2875
"F:/CMP400 - Prof Proj/CMP400_Prof_Proj/Content/Hangar/Textures/T_lamp_02_R.uasset" 2876
"F:/CMP400 - Prof Proj/CMP400_Prof_Proj/Content/Hangar/Textures/T_lamp_02_R.uexp" 2877
"F:/CMP400 - Prof Proj/CMP400_Prof_Proj/Content/Hangar/Textures/T_lamp_02_BC.ubulk" 2878
"F:/CMP400 - Prof Proj/CMP400_Prof_Proj/Content/Hangar/Textures/T_lamp_02_BC.uasset" 2879
"F:/CMP400 - Prof Proj/CMP400_Prof_Proj/Content/Hangar/Textures/T_lamp_02_BC.uexp" 2880
"F:/CMP400 - Prof Proj/CMP400_Prof_Proj/Content/Hangar/Materials/M_ext_lamp.uasset" 2881
"F:/CMP400 - Prof Proj/CMP400_Prof_Proj/Content/Hangar/Materials/M_ext_lamp.uexp" 2882
"F:/CMP400 - Prof Proj/CMP400_Prof_Proj/Content/Hangar/Meshes/SM_metal_gate.ubulk" 2883
"F:/CMP400 - Prof Proj/CMP400_Prof_Proj/Content/Hangar/Meshes/SM_metal_gate.uasset" 2884
"F:/CMP400 - Prof Proj/CMP400_Prof_Proj/Content/Hangar/Meshes/SM_metal_gate.uexp" 2885
"F:/CMP400 - Prof Proj/CMP400_Prof_Proj/Content/Hangar/Textures/T_deepwhitewall_R.ubulk" 2886
"F:/CMP400 - Prof Proj/CMP400_Prof_Proj/Content/Hangar/Textures/T_deepwhitewall_R.uasset" 2887
"F:/CMP400 - Prof Proj/CMP400_Prof_Proj/Content/Hangar/Textures/T_deepwhitewall_R.uexp" 2888
"F:/CMP400 - Prof Proj/CMP400_Prof_Proj/Content/Hangar/Textures/T_deepwhitewall_BC.ubulk" 2889
"F:/CMP400 - Prof Proj/CMP400_Prof_Proj/Content/Hangar/Textures/T_deepwhitewall_BC.uasset" 2890
"F:/CMP400 - Prof Proj/CMP400_Prof_Proj/Content/Hangar/Textures/T_deepwhitewall_BC.uexp" 2891
"F:/CMP400 - Prof Proj/CMP400_Prof_Proj/Content/Hangar/Materials/M_deepwhitewall.uasset" 2892
"F:/CMP400 - Prof Proj/CMP400_Prof_Proj/Content/Hangar/Materials/M_deepwhitewall.uexp" 2893
"F:/CMP400 - Prof Proj/CMP400_Prof_Proj/Content/Hangar/Textures/T_windowsbig_R.ubulk" 2894
"F:/CMP400 - Prof Proj/CMP400_Prof_Proj/Content/Hangar/Textures/T_windowsbig_R.uasset" 2895
"F:/CMP400 - Prof Proj/CMP400_Prof_Proj/Content/Hangar/Textures/T_windowsbig_R.uexp" 2896
"F:/CMP400 - Prof Proj/CMP400_Prof_Proj/Content/Hangar/Textures/T_windowsbig_D.ubulk" 2897
"F:/CMP400 - Prof Proj/CMP400_Prof_Proj/Content/Hangar/Textures/T_windowsbig_D.uasset" 2898
"F:/CMP400 - Prof Proj/CMP400_Prof_Proj/Content/Hangar/Textures/T_windowsbig_D.uexp" 2899
"F:/CMP400 - Prof Proj/CMP400_Prof_Proj/Content/Hangar/Textures/T_windowsbig_N.ubulk" 2900
"F:/CMP400 - Prof Proj/CMP400_Prof_Proj/Content/Hangar/Textures/T_windowsbig_N.uasset" 2901
"F:/CMP400 - Prof Proj/CMP400_Prof_Proj/Content/Hangar/Textures/T_windowsbig_N.uexp" 2902
"F:/CMP400 - Prof Proj/CMP400_Prof_Proj/Content/Hangar/Materials/M_windowsbig.uasset" 2903
"F:/CMP400 - Prof Proj/CMP400_Prof_Proj/Content/Hangar/Materials/M_windowsbig.uexp" 2904
"F:/CMP400 - Prof Proj/CMP400_Prof_Proj/Content/Hangar/Textures/T_technicaldoors_R.ubulk" 2905
"F:/CMP400 - Prof Proj/CMP400_Prof_Proj/Content/Hangar/Textures/T_technicaldoors_R.uasset" 2906
"F:/CMP400 - Prof Proj/CMP400_Prof_Proj/Content/Hangar/Textures/T_technicaldoors_R.uexp" 2907
"F:/CMP400 - Prof Proj/CMP400_Prof_Proj/Content/Hangar/Textures/T_technicaldoors_N.ubulk" 2908
"F:/CMP400 - Prof Proj/CMP400_Prof_Proj/Content/Hangar/Textures/T_technicaldoors_N.uasset" 2909
"F:/CMP400 - Prof Proj/CMP400_Prof_Proj/Content/Hangar/Textures/T_technicaldoors_N.uexp" 2910
"F:/CMP400 - Prof Proj/CMP400_Prof_Proj/Content/Hangar/Textures/T_technicaldoors_D.ubulk" 2911
"F:/CMP400 - Prof Proj/CMP400_Prof_Proj/Content/Hangar/Textures/T_technicaldoors_D.uasset" 2912
"F:/CMP400 - Prof Proj/CMP400_Prof_Proj/Content/Hangar/Textures/T_technicaldoors_D.uexp" 2913
"F:/CMP400 - Prof Proj/CMP400_Prof_Proj/Content/Hangar/Materials/M_technicaldoors.uasset" 2914
"F:/CMP400 - Prof Proj/CMP400_Prof_Proj/Content/Hangar/Materials/M_technicaldoors.uexp" 2915
"F:/CMP400 - Prof Proj/CMP400_Prof_Proj/Content/Hangar/Textures/T_brightwhiewall_M.ubulk" 2916
"F:/CMP400 - Prof Proj/CMP400_Prof_Proj/Content/Hangar/Textures/T_brightwhiewall_M.uasset" 2917
"F:/CMP400 - Prof Proj/CMP400_Prof_Proj/Content/Hangar/Textures/T_brightwhiewall_M.uexp" 2918
"F:/CMP400 - Prof Proj/CMP400_Prof_Proj/Content/Hangar/Textures/T_Brightwhiewall_BC.ubulk" 2919
"F:/CMP400 - Prof Proj/CMP400_Prof_Proj/Content/Hangar/Textures/T_Brightwhiewall_BC.uasset" 2920
"F:/CMP400 - Prof Proj/CMP400_Prof_Proj/Content/Hangar/Textures/T_Brightwhiewall_BC.uexp" 2921
"F:/CMP400 - Prof Proj/CMP400_Prof_Proj/Content/Hangar/Textures/T_brightwhiewall_R.ubulk" 2922
"F:/CMP400 - Prof Proj/CMP400_Prof_Proj/Content/Hangar/Textures/T_brightwhiewall_R.uasset" 2923
"F:/CMP400 - Prof Proj/CMP400_Prof_Proj/Content/Hangar/Textures/T_brightwhiewall_R.uexp" 2924
"F:/CMP400 - Prof Proj/CMP400_Prof_Proj/Content/Hangar/Materials/M_brightwhiewall.uasset" 2925
"F:/CMP400 - Prof Proj/CMP400_Prof_Proj/Content/Hangar/Materials/M_brightwhiewall.uexp" 2926
"F:/CMP400 - Prof Proj/CMP400_Prof_Proj/Content/Hangar/Meshes/SM_ind_building_02.ubulk" 2927
"F:/CMP400 - Prof Proj/CMP400_Prof_Proj/Content/Hangar/Meshes/SM_ind_building_02.uasset" 2928
"F:/CMP400 - Prof Proj/CMP400_Prof_Proj/Content/Hangar/Meshes/SM_ind_building_02.uexp" 2929
"F:/CMP400 - Prof Proj/CMP400_Prof_Proj/Content/Hangar/Meshes/SM_leaf_decal_04.ubulk" 2930
"F:/CMP400 - Prof Proj/CMP400_Prof_Proj/Content/Hangar/Meshes/SM_leaf_decal_04.uasset" 2931
"F:/CMP400 - Prof Proj/CMP400_Prof_Proj/Content/Hangar/Meshes/SM_leaf_decal_04.uexp" 2932
"F:/CMP400 - Prof Proj/CMP400_Prof_Proj/Content/Hangar/Meshes/SM_trash_box_03.ubulk" 2933
"F:/CMP400 - Prof Proj/CMP400_Prof_Proj/Content/Hangar/Meshes/SM_trash_box_03.uasset" 2934
"F:/CMP400 - Prof Proj/CMP400_Prof_Proj/Content/Hangar/Meshes/SM_trash_box_03.uexp" 2935
"F:/CMP400 - Prof Proj/CMP400_Prof_Proj/Content/Hangar/Textures/T_MeterGrid_01.ubulk" 2936
"F:/CMP400 - Prof Proj/CMP400_Prof_Proj/Content/Hangar/Textures/T_MeterGrid_01.uasset" 2937
"F:/CMP400 - Prof Proj/CMP400_Prof_Proj/Content/Hangar/Textures/T_MeterGrid_01.uexp" 2938
"F:/CMP400 - Prof Proj/CMP400_Prof_Proj/Content/Hangar/Materials/M_Tile_Black.uasset" 2939
"F:/CMP400 - Prof Proj/CMP400_Prof_Proj/Content/Hangar/Materials/M_Tile_Black.uexp" 2940
"F:/CMP400 - Prof Proj/CMP400_Prof_Proj/Content/Hangar/Materials/MI_Tile_Black.uasset" 2941
"F:/CMP400 - Prof Proj/CMP400_Prof_Proj/Content/Hangar/Materials/MI_Tile_Black.uexp" 2942
"F:/CMP400 - Prof Proj/CMP400_Prof_Proj/Content/Hangar/Meshes/SM_CycRoom_01.ubulk" 2943
"F:/CMP400 - Prof Proj/CMP400_Prof_Proj/Content/Hangar/Meshes/SM_CycRoom_01.uasset" 2944
"F:/CMP400 - Prof Proj/CMP400_Prof_Proj/Content/Hangar/Meshes/SM_CycRoom_01.uexp" 2945
"F:/CMP400 - Prof Proj/CMP400_Prof_Proj/Content/Hangar/Textures/T_compensator_D.ubulk" 2946
"F:/CMP400 - Prof Proj/CMP400_Prof_Proj/Content/Hangar/Textures/T_compensator_D.uasset" 2947
"F:/CMP400 - Prof Proj/CMP400_Prof_Proj/Content/Hangar/Textures/T_compensator_D.uexp" 2948
"F:/CMP400 - Prof Proj/CMP400_Prof_Proj/Content/Hangar/Textures/T_compensator_R.ubulk" 2949
"F:/CMP400 - Prof Proj/CMP400_Prof_Proj/Content/Hangar/Textures/T_compensator_R.uasset" 2950
"F:/CMP400 - Prof Proj/CMP400_Prof_Proj/Content/Hangar/Textures/T_compensator_R.uexp" 2951
"F:/CMP400 - Prof Proj/CMP400_Prof_Proj/Content/Hangar/Textures/T_compensator_M.ubulk" 2952
"F:/CMP400 - Prof Proj/CMP400_Prof_Proj/Content/Hangar/Textures/T_compensator_M.uasset" 2953
"F:/CMP400 - Prof Proj/CMP400_Prof_Proj/Content/Hangar/Textures/T_compensator_M.uexp" 2954
"F:/CMP400 - Prof Proj/CMP400_Prof_Proj/Content/Hangar/Textures/T_compensator_AO.ubulk" 2955
"F:/CMP400 - Prof Proj/CMP400_Prof_Proj/Content/Hangar/Textures/T_compensator_AO.uasset" 2956
"F:/CMP400 - Prof Proj/CMP400_Prof_Proj/Content/Hangar/Textures/T_compensator_AO.uexp" 2957
"F:/CMP400 - Prof Proj/CMP400_Prof_Proj/Content/Hangar/Materials/M_compensator.uasset" 2958
"F:/CMP400 - Prof Proj/CMP400_Prof_Proj/Content/Hangar/Materials/M_compensator.uexp" 2959
"F:/CMP400 - Prof Proj/CMP400_Prof_Proj/Content/Hangar/Meshes/SM_compensator.ubulk" 2960
"F:/CMP400 - Prof Proj/CMP400_Prof_Proj/Content/Hangar/Meshes/SM_compensator.uasset" 2961
"F:/CMP400 - Prof Proj/CMP400_Prof_Proj/Content/Hangar/Meshes/SM_compensator.uexp" 2962
"F:/CMP400 - Prof Proj/CMP400_Prof_Proj/Content/Hangar/Meshes/SM_main_road_set_02.ubulk" 2963
"F:/CMP400 - Prof Proj/CMP400_Prof_Proj/Content/Hangar/Meshes/SM_main_road_set_02.uasset" 2964
"F:/CMP400 - Prof Proj/CMP400_Prof_Proj/Content/Hangar/Meshes/SM_main_road_set_02.uexp" 2965
"F:/CMP400 - Prof Proj/CMP400_Prof_Proj/Content/Hangar/Textures/T_generator_AO.ubulk" 2966
"F:/CMP400 - Prof Proj/CMP400_Prof_Proj/Content/Hangar/Textures/T_generator_AO.uasset" 2967
"F:/CMP400 - Prof Proj/CMP400_Prof_Proj/Content/Hangar/Textures/T_generator_AO.uexp" 2968
"F:/CMP400 - Prof Proj/CMP400_Prof_Proj/Content/Hangar/Textures/T_generator_N.ubulk" 2969
"F:/CMP400 - Prof Proj/CMP400_Prof_Proj/Content/Hangar/Textures/T_generator_N.uasset" 2970
"F:/CMP400 - Prof Proj/CMP400_Prof_Proj/Content/Hangar/Textures/T_generator_N.uexp" 2971
"F:/CMP400 - Prof Proj/CMP400_Prof_Proj/Content/Hangar/Textures/T_generator_BC.ubulk" 2972
"F:/CMP400 - Prof Proj/CMP400_Prof_Proj/Content/Hangar/Textures/T_generator_BC.uasset" 2973
"F:/CMP400 - Prof Proj/CMP400_Prof_Proj/Content/Hangar/Textures/T_generator_BC.uexp" 2974
"F:/CMP400 - Prof Proj/CMP400_Prof_Proj/Content/Hangar/Textures/T_generator_R.ubulk" 2975
"F:/CMP400 - Prof Proj/CMP400_Prof_Proj/Content/Hangar/Textures/T_generator_R.uasset" 2976
"F:/CMP400 - Prof Proj/CMP400_Prof_Proj/Content/Hangar/Textures/T_generator_R.uexp" 2977
"F:/CMP400 - Prof Proj/CMP400_Prof_Proj/Content/Hangar/Materials/M_generator.uasset" 2978
"F:/CMP400 - Prof Proj/CMP400_Prof_Proj/Content/Hangar/Materials/M_generator.uexp" 2979
"F:/CMP400 - Prof Proj/CMP400_Prof_Proj/Content/Hangar/Meshes/SM_generator.ubulk" 2980
"F:/CMP400 - Prof Proj/CMP400_Prof_Proj/Content/Hangar/Meshes/SM_generator.uasset" 2981
"F:/CMP400 - Prof Proj/CMP400_Prof_Proj/Content/Hangar/Meshes/SM_generator.uexp" 2982
"F:/CMP400 - Prof Proj/CMP400_Prof_Proj/Content/Hangar/Textures/T_train_box_car_yellow_D.ubulk" 2983
"F:/CMP400 - Prof Proj/CMP400_Prof_Proj/Content/Hangar/Textures/T_train_box_car_yellow_D.uasset" 2984
"F:/CMP400 - Prof Proj/CMP400_Prof_Proj/Content/Hangar/Textures/T_train_box_car_yellow_D.uexp" 2985
"F:/CMP400 - Prof Proj/CMP400_Prof_Proj/Content/Hangar/Materials/M_Train_BoxCar_yellow.uasset" 2986
"F:/CMP400 - Prof Proj/CMP400_Prof_Proj/Content/Hangar/Materials/M_Train_BoxCar_yellow.uexp" 2987
"F:/CMP400 - Prof Proj/CMP400_Prof_Proj/Content/Hangar/Meshes/SM_TrainBoxCarYell.ubulk" 2988
"F:/CMP400 - Prof Proj/CMP400_Prof_Proj/Content/Hangar/Meshes/SM_TrainBoxCarYell.uasset" 2989
"F:/CMP400 - Prof Proj/CMP400_Prof_Proj/Content/Hangar/Meshes/SM_TrainBoxCarYell.uexp" 2990
"F:/CMP400 - Prof Proj/CMP400_Prof_Proj/Content/Hangar/Meshes/SM_concrete_fence_02.ubulk" 2991
"F:/CMP400 - Prof Proj/CMP400_Prof_Proj/Content/Hangar/Meshes/SM_concrete_fence_02.uasset" 2992
"F:/CMP400 - Prof Proj/CMP400_Prof_Proj/Content/Hangar/Meshes/SM_concrete_fence_02.uexp" 2993
"F:/CMP400 - Prof Proj/CMP400_Prof_Proj/Content/Hangar/Meshes/SM_rusty_pipe_00.ubulk" 2994
"F:/CMP400 - Prof Proj/CMP400_Prof_Proj/Content/Hangar/Meshes/SM_rusty_pipe_00.uasset" 2995
"F:/CMP400 - Prof Proj/CMP400_Prof_Proj/Content/Hangar/Meshes/SM_rusty_pipe_00.uexp" 2996
"F:/CMP400 - Prof Proj/CMP400_Prof_Proj/Content/Hangar/Meshes/SM_electricalpole_02.ubulk" 2997
"F:/CMP400 - Prof Proj/CMP400_Prof_Proj/Content/Hangar/Meshes/SM_electricalpole_02.uasset" 2998
"F:/CMP400 - Prof Proj/CMP400_Prof_Proj/Content/Hangar/Meshes/SM_electricalpole_02.uexp" 2999
"F:/CMP400 - Prof Proj/CMP400_Prof_Proj/Content/Hangar/Meshes/SM_gas_cylinder_01.ubulk" 3000
"F:/CMP400 - Prof Proj/CMP400_Prof_Proj/Content/Hangar/Meshes/SM_gas_cylinder_01.uasset" 3001
"F:/CMP400 - Prof Proj/CMP400_Prof_Proj/Content/Hangar/Meshes/SM_gas_cylinder_01.uexp" 3002
"F:/CMP400 - Prof Proj/CMP400_Prof_Proj/Content/Hangar/Textures/T_constraction_set_01_BC.ubulk" 3003
"F:/CMP400 - Prof Proj/CMP400_Prof_Proj/Content/Hangar/Textures/T_constraction_set_01_BC.uasset" 3004
"F:/CMP400 - Prof Proj/CMP400_Prof_Proj/Content/Hangar/Textures/T_constraction_set_01_BC.uexp" 3005
"F:/CMP400 - Prof Proj/CMP400_Prof_Proj/Content/Hangar/Textures/T_constraction_set_01_N.ubulk" 3006
"F:/CMP400 - Prof Proj/CMP400_Prof_Proj/Content/Hangar/Textures/T_constraction_set_01_N.uasset" 3007
"F:/CMP400 - Prof Proj/CMP400_Prof_Proj/Content/Hangar/Textures/T_constraction_set_01_N.uexp" 3008
"F:/CMP400 - Prof Proj/CMP400_Prof_Proj/Content/Hangar/Textures/T_constraction_set_01_M.ubulk" 3009
"F:/CMP400 - Prof Proj/CMP400_Prof_Proj/Content/Hangar/Textures/T_constraction_set_01_M.uasset" 3010
"F:/CMP400 - Prof Proj/CMP400_Prof_Proj/Content/Hangar/Textures/T_constraction_set_01_M.uexp" 3011
"F:/CMP400 - Prof Proj/CMP400_Prof_Proj/Content/Hangar/Textures/T_constraction_set_01_R.ubulk" 3012
"F:/CMP400 - Prof Proj/CMP400_Prof_Proj/Content/Hangar/Textures/T_constraction_set_01_R.uasset" 3013
"F:/CMP400 - Prof Proj/CMP400_Prof_Proj/Content/Hangar/Textures/T_constraction_set_01_R.uexp" 3014
"F:/CMP400 - Prof Proj/CMP400_Prof_Proj/Content/Hangar/Materials/M_cable_spool.uasset" 3015
"F:/CMP400 - Prof Proj/CMP400_Prof_Proj/Content/Hangar/Materials/M_cable_spool.uexp" 3016
"F:/CMP400 - Prof Proj/CMP400_Prof_Proj/Content/Hangar/Meshes/SM_cable_spool_b.ubulk" 3017
"F:/CMP400 - Prof Proj/CMP400_Prof_Proj/Content/Hangar/Meshes/SM_cable_spool_b.uasset" 3018
"F:/CMP400 - Prof Proj/CMP400_Prof_Proj/Content/Hangar/Meshes/SM_cable_spool_b.uexp" 3019
"F:/CMP400 - Prof Proj/CMP400_Prof_Proj/Content/Hangar/Meshes/SM_street_light_01.ubulk" 3020
"F:/CMP400 - Prof Proj/CMP400_Prof_Proj/Content/Hangar/Meshes/SM_street_light_01.uasset" 3021
"F:/CMP400 - Prof Proj/CMP400_Prof_Proj/Content/Hangar/Meshes/SM_street_light_01.uexp" 3022
"F:/CMP400 - Prof Proj/CMP400_Prof_Proj/Content/Hangar/Meshes/SM_ind_building_03.ubulk" 3023
"F:/CMP400 - Prof Proj/CMP400_Prof_Proj/Content/Hangar/Meshes/SM_ind_building_03.uasset" 3024
"F:/CMP400 - Prof Proj/CMP400_Prof_Proj/Content/Hangar/Meshes/SM_ind_building_03.uexp" 3025
"F:/CMP400 - Prof Proj/CMP400_Prof_Proj/Content/Hangar/Textures/T_windowcase_N.ubulk" 3026
"F:/CMP400 - Prof Proj/CMP400_Prof_Proj/Content/Hangar/Textures/T_windowcase_N.uasset" 3027
"F:/CMP400 - Prof Proj/CMP400_Prof_Proj/Content/Hangar/Textures/T_windowcase_N.uexp" 3028
"F:/CMP400 - Prof Proj/CMP400_Prof_Proj/Content/Hangar/Textures/T_windowcase_D.ubulk" 3029
"F:/CMP400 - Prof Proj/CMP400_Prof_Proj/Content/Hangar/Textures/T_windowcase_D.uasset" 3030
"F:/CMP400 - Prof Proj/CMP400_Prof_Proj/Content/Hangar/Textures/T_windowcase_D.uexp" 3031
"F:/CMP400 - Prof Proj/CMP400_Prof_Proj/Content/Hangar/Textures/T_windowcase_R.ubulk" 3032
"F:/CMP400 - Prof Proj/CMP400_Prof_Proj/Content/Hangar/Textures/T_windowcase_R.uasset" 3033
"F:/CMP400 - Prof Proj/CMP400_Prof_Proj/Content/Hangar/Textures/T_windowcase_R.uexp" 3034
"F:/CMP400 - Prof Proj/CMP400_Prof_Proj/Content/Hangar/Materials/M_windowcase.uasset" 3035
"F:/CMP400 - Prof Proj/CMP400_Prof_Proj/Content/Hangar/Materials/M_windowcase.uexp" 3036
"F:/CMP400 - Prof Proj/CMP400_Prof_Proj/Content/Hangar/Textures/T_BDoors_N.ubulk" 3037
"F:/CMP400 - Prof Proj/CMP400_Prof_Proj/Content/Hangar/Textures/T_BDoors_N.uasset" 3038
"F:/CMP400 - Prof Proj/CMP400_Prof_Proj/Content/Hangar/Textures/T_BDoors_N.uexp" 3039
"F:/CMP400 - Prof Proj/CMP400_Prof_Proj/Content/Hangar/Textures/T_BDoors_BC.ubulk" 3040
"F:/CMP400 - Prof Proj/CMP400_Prof_Proj/Content/Hangar/Textures/T_BDoors_BC.uasset" 3041
"F:/CMP400 - Prof Proj/CMP400_Prof_Proj/Content/Hangar/Textures/T_BDoors_BC.uexp" 3042
"F:/CMP400 - Prof Proj/CMP400_Prof_Proj/Content/Hangar/Textures/T_BDoors_M.ubulk" 3043
"F:/CMP400 - Prof Proj/CMP400_Prof_Proj/Content/Hangar/Textures/T_BDoors_M.uasset" 3044
"F:/CMP400 - Prof Proj/CMP400_Prof_Proj/Content/Hangar/Textures/T_BDoors_M.uexp" 3045
"F:/CMP400 - Prof Proj/CMP400_Prof_Proj/Content/Hangar/Textures/T_BDoors_R.ubulk" 3046
"F:/CMP400 - Prof Proj/CMP400_Prof_Proj/Content/Hangar/Textures/T_BDoors_R.uasset" 3047
"F:/CMP400 - Prof Proj/CMP400_Prof_Proj/Content/Hangar/Textures/T_BDoors_R.uexp" 3048
"F:/CMP400 - Prof Proj/CMP400_Prof_Proj/Content/Hangar/Materials/M_buildingdoors.uasset" 3049
"F:/CMP400 - Prof Proj/CMP400_Prof_Proj/Content/Hangar/Materials/M_buildingdoors.uexp" 3050
"F:/CMP400 - Prof Proj/CMP400_Prof_Proj/Content/Hangar/Meshes/SM_ind_building_05.ubulk" 3051
"F:/CMP400 - Prof Proj/CMP400_Prof_Proj/Content/Hangar/Meshes/SM_ind_building_05.uasset" 3052
"F:/CMP400 - Prof Proj/CMP400_Prof_Proj/Content/Hangar/Meshes/SM_ind_building_05.uexp" 3053
"F:/CMP400 - Prof Proj/CMP400_Prof_Proj/Content/Hangar/Meshes/SM_trash_box_01.ubulk" 3054
"F:/CMP400 - Prof Proj/CMP400_Prof_Proj/Content/Hangar/Meshes/SM_trash_box_01.uasset" 3055
"F:/CMP400 - Prof Proj/CMP400_Prof_Proj/Content/Hangar/Meshes/SM_trash_box_01.uexp" 3056
"F:/CMP400 - Prof Proj/CMP400_Prof_Proj/Content/Hangar/Textures/T_land_rig_BC.ubulk" 3057
"F:/CMP400 - Prof Proj/CMP400_Prof_Proj/Content/Hangar/Textures/T_land_rig_BC.uasset" 3058
"F:/CMP400 - Prof Proj/CMP400_Prof_Proj/Content/Hangar/Textures/T_land_rig_BC.uexp" 3059
"F:/CMP400 - Prof Proj/CMP400_Prof_Proj/Content/Hangar/Textures/T_land_rig_R.ubulk" 3060
"F:/CMP400 - Prof Proj/CMP400_Prof_Proj/Content/Hangar/Textures/T_land_rig_R.uasset" 3061
"F:/CMP400 - Prof Proj/CMP400_Prof_Proj/Content/Hangar/Textures/T_land_rig_R.uexp" 3062
"F:/CMP400 - Prof Proj/CMP400_Prof_Proj/Content/Hangar/Textures/T_land_rig_E.ubulk" 3063
"F:/CMP400 - Prof Proj/CMP400_Prof_Proj/Content/Hangar/Textures/T_land_rig_E.uasset" 3064
"F:/CMP400 - Prof Proj/CMP400_Prof_Proj/Content/Hangar/Textures/T_land_rig_E.uexp" 3065
"F:/CMP400 - Prof Proj/CMP400_Prof_Proj/Content/Hangar/Materials/M_Land_rig.uasset" 3066
"F:/CMP400 - Prof Proj/CMP400_Prof_Proj/Content/Hangar/Materials/M_Land_rig.uexp" 3067
"F:/CMP400 - Prof Proj/CMP400_Prof_Proj/Content/Hangar/Textures/T_BDoors02_BC.ubulk" 3068
"F:/CMP400 - Prof Proj/CMP400_Prof_Proj/Content/Hangar/Textures/T_BDoors02_BC.uasset" 3069
"F:/CMP400 - Prof Proj/CMP400_Prof_Proj/Content/Hangar/Textures/T_BDoors02_BC.uexp" 3070
"F:/CMP400 - Prof Proj/CMP400_Prof_Proj/Content/Hangar/Textures/T_BDoors02_N.ubulk" 3071
"F:/CMP400 - Prof Proj/CMP400_Prof_Proj/Content/Hangar/Textures/T_BDoors02_N.uasset" 3072
"F:/CMP400 - Prof Proj/CMP400_Prof_Proj/Content/Hangar/Textures/T_BDoors02_N.uexp" 3073
"F:/CMP400 - Prof Proj/CMP400_Prof_Proj/Content/Hangar/Textures/T_BDoors02_M.ubulk" 3074
"F:/CMP400 - Prof Proj/CMP400_Prof_Proj/Content/Hangar/Textures/T_BDoors02_M.uasset" 3075
"F:/CMP400 - Prof Proj/CMP400_Prof_Proj/Content/Hangar/Textures/T_BDoors02_M.uexp" 3076
"F:/CMP400 - Prof Proj/CMP400_Prof_Proj/Content/Hangar/Textures/T_BDoors02_R.ubulk" 3077
"F:/CMP400 - Prof Proj/CMP400_Prof_Proj/Content/Hangar/Textures/T_BDoors02_R.uasset" 3078
"F:/CMP400 - Prof Proj/CMP400_Prof_Proj/Content/Hangar/Textures/T_BDoors02_R.uexp" 3079
"F:/CMP400 - Prof Proj/CMP400_Prof_Proj/Content/Hangar/Materials/M_buildings_01_doors_D.uasset" 3080
"F:/CMP400 - Prof Proj/CMP400_Prof_Proj/Content/Hangar/Materials/M_buildings_01_doors_D.uexp" 3081
"F:/CMP400 - Prof Proj/CMP400_Prof_Proj/Content/Hangar/Meshes/SM_landRigHouse_01.ubulk" 3082
"F:/CMP400 - Prof Proj/CMP400_Prof_Proj/Content/Hangar/Meshes/SM_landRigHouse_01.uasset" 3083
"F:/CMP400 - Prof Proj/CMP400_Prof_Proj/Content/Hangar/Meshes/SM_landRigHouse_01.uexp" 3084
"F:/CMP400 - Prof Proj/CMP400_Prof_Proj/Content/Hangar/Meshes/SM_electricalpole_01.ubulk" 3085
"F:/CMP400 - Prof Proj/CMP400_Prof_Proj/Content/Hangar/Meshes/SM_electricalpole_01.uasset" 3086
"F:/CMP400 - Prof Proj/CMP400_Prof_Proj/Content/Hangar/Meshes/SM_electricalpole_01.uexp" 3087
"F:/CMP400 - Prof Proj/CMP400_Prof_Proj/Content/Hangar/Textures/T_containetR_BC.ubulk" 3088
"F:/CMP400 - Prof Proj/CMP400_Prof_Proj/Content/Hangar/Textures/T_containetR_BC.uasset" 3089
"F:/CMP400 - Prof Proj/CMP400_Prof_Proj/Content/Hangar/Textures/T_containetR_BC.uexp" 3090
"F:/CMP400 - Prof Proj/CMP400_Prof_Proj/Content/Hangar/Materials/M_container_gray2.uasset" 3091
"F:/CMP400 - Prof Proj/CMP400_Prof_Proj/Content/Hangar/Materials/M_container_gray2.uexp" 3092
"F:/CMP400 - Prof Proj/CMP400_Prof_Proj/Content/Hangar/Meshes/SM_container_red.ubulk" 3093
"F:/CMP400 - Prof Proj/CMP400_Prof_Proj/Content/Hangar/Meshes/SM_container_red.uasset" 3094
"F:/CMP400 - Prof Proj/CMP400_Prof_Proj/Content/Hangar/Meshes/SM_container_red.uexp" 3095
"F:/CMP400 - Prof Proj/CMP400_Prof_Proj/Content/Hangar/Meshes/SM_rusty_pipe_01.ubulk" 3096
"F:/CMP400 - Prof Proj/CMP400_Prof_Proj/Content/Hangar/Meshes/SM_rusty_pipe_01.uasset" 3097
"F:/CMP400 - Prof Proj/CMP400_Prof_Proj/Content/Hangar/Meshes/SM_rusty_pipe_01.uexp" 3098
"F:/CMP400 - Prof Proj/CMP400_Prof_Proj/Content/Hangar/Meshes/SM_rusty_pipe_10.ubulk" 3099
"F:/CMP400 - Prof Proj/CMP400_Prof_Proj/Content/Hangar/Meshes/SM_rusty_pipe_10.uasset" 3100
"F:/CMP400 - Prof Proj/CMP400_Prof_Proj/Content/Hangar/Meshes/SM_rusty_pipe_10.uexp" 3101
"F:/CMP400 - Prof Proj/CMP400_Prof_Proj/Content/Hangar/Meshes/SM_rusty_pipe_11.ubulk" 3102
"F:/CMP400 - Prof Proj/CMP400_Prof_Proj/Content/Hangar/Meshes/SM_rusty_pipe_11.uasset" 3103
"F:/CMP400 - Prof Proj/CMP400_Prof_Proj/Content/Hangar/Meshes/SM_rusty_pipe_11.uexp" 3104
"F:/CMP400 - Prof Proj/CMP400_Prof_Proj/Content/Hangar/Textures/T_metal_tile_dif.ubulk" 3105
"F:/CMP400 - Prof Proj/CMP400_Prof_Proj/Content/Hangar/Textures/T_metal_tile_dif.uasset" 3106
"F:/CMP400 - Prof Proj/CMP400_Prof_Proj/Content/Hangar/Textures/T_metal_tile_dif.uexp" 3107
"F:/CMP400 - Prof Proj/CMP400_Prof_Proj/Content/Hangar/Materials/M_metal_fence.uasset" 3108
"F:/CMP400 - Prof Proj/CMP400_Prof_Proj/Content/Hangar/Materials/M_metal_fence.uexp" 3109
"F:/CMP400 - Prof Proj/CMP400_Prof_Proj/Content/Hangar/Meshes/SM_metal_fence_02.ubulk" 3110
"F:/CMP400 - Prof Proj/CMP400_Prof_Proj/Content/Hangar/Meshes/SM_metal_fence_02.uasset" 3111
"F:/CMP400 - Prof Proj/CMP400_Prof_Proj/Content/Hangar/Meshes/SM_metal_fence_02.uexp" 3112
"F:/CMP400 - Prof Proj/CMP400_Prof_Proj/Content/Hangar/Meshes/SM_hangar_part_01.ubulk" 3113
"F:/CMP400 - Prof Proj/CMP400_Prof_Proj/Content/Hangar/Meshes/SM_hangar_part_01.uasset" 3114
"F:/CMP400 - Prof Proj/CMP400_Prof_Proj/Content/Hangar/Meshes/SM_hangar_part_01.uexp" 3115
"F:/CMP400 - Prof Proj/CMP400_Prof_Proj/Content/Hangar/Meshes/SM_short_boards_a.ubulk" 3116
"F:/CMP400 - Prof Proj/CMP400_Prof_Proj/Content/Hangar/Meshes/SM_short_boards_a.uasset" 3117
"F:/CMP400 - Prof Proj/CMP400_Prof_Proj/Content/Hangar/Meshes/SM_short_boards_a.uexp" 3118
"F:/CMP400 - Prof Proj/CMP400_Prof_Proj/Content/Hangar/Textures/T_BrickPaintedRed_R.ubulk" 3119
"F:/CMP400 - Prof Proj/CMP400_Prof_Proj/Content/Hangar/Textures/T_BrickPaintedRed_R.uasset" 3120
"F:/CMP400 - Prof Proj/CMP400_Prof_Proj/Content/Hangar/Textures/T_BrickPaintedRed_R.uexp" 3121
"F:/CMP400 - Prof Proj/CMP400_Prof_Proj/Content/Hangar/Textures/T_BrickPaintedRed_BC.ubulk" 3122
"F:/CMP400 - Prof Proj/CMP400_Prof_Proj/Content/Hangar/Textures/T_BrickPaintedRed_BC.uasset" 3123
"F:/CMP400 - Prof Proj/CMP400_Prof_Proj/Content/Hangar/Textures/T_BrickPaintedRed_BC.uexp" 3124
"F:/CMP400 - Prof Proj/CMP400_Prof_Proj/Content/Hangar/Materials/M_Brick_painted_red.uasset" 3125
"F:/CMP400 - Prof Proj/CMP400_Prof_Proj/Content/Hangar/Materials/M_Brick_painted_red.uexp" 3126
"F:/CMP400 - Prof Proj/CMP400_Prof_Proj/Content/Hangar/Meshes/SM_ind_building_04.ubulk" 3127
"F:/CMP400 - Prof Proj/CMP400_Prof_Proj/Content/Hangar/Meshes/SM_ind_building_04.uasset" 3128
"F:/CMP400 - Prof Proj/CMP400_Prof_Proj/Content/Hangar/Meshes/SM_ind_building_04.uexp" 3129
"F:/CMP400 - Prof Proj/CMP400_Prof_Proj/Content/Hangar/Textures/T_paper_box_R.ubulk" 3130
"F:/CMP400 - Prof Proj/CMP400_Prof_Proj/Content/Hangar/Textures/T_paper_box_R.uasset" 3131
"F:/CMP400 - Prof Proj/CMP400_Prof_Proj/Content/Hangar/Textures/T_paper_box_R.uexp" 3132
"F:/CMP400 - Prof Proj/CMP400_Prof_Proj/Content/Hangar/Textures/T_paper_box_D.ubulk" 3133
"F:/CMP400 - Prof Proj/CMP400_Prof_Proj/Content/Hangar/Textures/T_paper_box_D.uasset" 3134
"F:/CMP400 - Prof Proj/CMP400_Prof_Proj/Content/Hangar/Textures/T_paper_box_D.uexp" 3135
"F:/CMP400 - Prof Proj/CMP400_Prof_Proj/Content/Hangar/Materials/M_paper_box.uasset" 3136
"F:/CMP400 - Prof Proj/CMP400_Prof_Proj/Content/Hangar/Materials/M_paper_box.uexp" 3137
"F:/CMP400 - Prof Proj/CMP400_Prof_Proj/Content/Hangar/Textures/T_containetB_BC.ubulk" 3138
"F:/CMP400 - Prof Proj/CMP400_Prof_Proj/Content/Hangar/Textures/T_containetB_BC.uasset" 3139
"F:/CMP400 - Prof Proj/CMP400_Prof_Proj/Content/Hangar/Textures/T_containetB_BC.uexp" 3140
"F:/CMP400 - Prof Proj/CMP400_Prof_Proj/Content/Hangar/Materials/M_container_blue.uasset" 3141
"F:/CMP400 - Prof Proj/CMP400_Prof_Proj/Content/Hangar/Materials/M_container_blue.uexp" 3142
"F:/CMP400 - Prof Proj/CMP400_Prof_Proj/Content/Hangar/Meshes/SM_container_blue.ubulk" 3143
"F:/CMP400 - Prof Proj/CMP400_Prof_Proj/Content/Hangar/Meshes/SM_container_blue.uasset" 3144
"F:/CMP400 - Prof Proj/CMP400_Prof_Proj/Content/Hangar/Meshes/SM_container_blue.uexp" 3145
"F:/CMP400 - Prof Proj/CMP400_Prof_Proj/Content/Hangar/Meshes/SM_electric_pole_04.ubulk" 3146
"F:/CMP400 - Prof Proj/CMP400_Prof_Proj/Content/Hangar/Meshes/SM_electric_pole_04.uasset" 3147
"F:/CMP400 - Prof Proj/CMP400_Prof_Proj/Content/Hangar/Meshes/SM_electric_pole_04.uexp" 3148
"F:/CMP400 - Prof Proj/CMP400_Prof_Proj/Content/Hangar/Meshes/SM_scaffold_c.ubulk" 3149
"F:/CMP400 - Prof Proj/CMP400_Prof_Proj/Content/Hangar/Meshes/SM_scaffold_c.uasset" 3150
"F:/CMP400 - Prof Proj/CMP400_Prof_Proj/Content/Hangar/Meshes/SM_scaffold_c.uexp" 3151
"F:/CMP400 - Prof Proj/CMP400_Prof_Proj/Content/Hangar/Meshes/SM_ind_building_01.ubulk" 3152
"F:/CMP400 - Prof Proj/CMP400_Prof_Proj/Content/Hangar/Meshes/SM_ind_building_01.uasset" 3153
"F:/CMP400 - Prof Proj/CMP400_Prof_Proj/Content/Hangar/Meshes/SM_ind_building_01.uexp" 3154
"F:/CMP400 - Prof Proj/CMP400_Prof_Proj/Content/Hangar/Textures/T_containet_BC.ubulk" 3155
"F:/CMP400 - Prof Proj/CMP400_Prof_Proj/Content/Hangar/Textures/T_containet_BC.uasset" 3156
"F:/CMP400 - Prof Proj/CMP400_Prof_Proj/Content/Hangar/Textures/T_containet_BC.uexp" 3157
"F:/CMP400 - Prof Proj/CMP400_Prof_Proj/Content/Hangar/Materials/M_container_gray.uasset" 3158
"F:/CMP400 - Prof Proj/CMP400_Prof_Proj/Content/Hangar/Materials/M_container_gray.uexp" 3159
"F:/CMP400 - Prof Proj/CMP400_Prof_Proj/Content/Hangar/Meshes/SM_container_gray.ubulk" 3160
"F:/CMP400 - Prof Proj/CMP400_Prof_Proj/Content/Hangar/Meshes/SM_container_gray.uasset" 3161
"F:/CMP400 - Prof Proj/CMP400_Prof_Proj/Content/Hangar/Meshes/SM_container_gray.uexp" 3162
"F:/CMP400 - Prof Proj/CMP400_Prof_Proj/Content/Hangar/Meshes/SM_paper_debris_03.ubulk" 3163
"F:/CMP400 - Prof Proj/CMP400_Prof_Proj/Content/Hangar/Meshes/SM_paper_debris_03.uasset" 3164
"F:/CMP400 - Prof Proj/CMP400_Prof_Proj/Content/Hangar/Meshes/SM_paper_debris_03.uexp" 3165
"F:/CMP400 - Prof Proj/CMP400_Prof_Proj/Content/Hangar/Meshes/SM_paper_debris_06.ubulk" 3166
"F:/CMP400 - Prof Proj/CMP400_Prof_Proj/Content/Hangar/Meshes/SM_paper_debris_06.uasset" 3167
"F:/CMP400 - Prof Proj/CMP400_Prof_Proj/Content/Hangar/Meshes/SM_paper_debris_06.uexp" 3168
"F:/CMP400 - Prof Proj/CMP400_Prof_Proj/Content/Hangar/Meshes/SM_scaffold_f.ubulk" 3169
"F:/CMP400 - Prof Proj/CMP400_Prof_Proj/Content/Hangar/Meshes/SM_scaffold_f.uasset" 3170
"F:/CMP400 - Prof Proj/CMP400_Prof_Proj/Content/Hangar/Meshes/SM_scaffold_f.uexp" 3171
"F:/CMP400 - Prof Proj/CMP400_Prof_Proj/Content/Hangar/Meshes/SM_electricalpole_03.ubulk" 3172
"F:/CMP400 - Prof Proj/CMP400_Prof_Proj/Content/Hangar/Meshes/SM_electricalpole_03.uasset" 3173
"F:/CMP400 - Prof Proj/CMP400_Prof_Proj/Content/Hangar/Meshes/SM_electricalpole_03.uexp" 3174
"F:/CMP400 - Prof Proj/CMP400_Prof_Proj/Content/Hangar/Textures/T_props_R.ubulk" 3175
"F:/CMP400 - Prof Proj/CMP400_Prof_Proj/Content/Hangar/Textures/T_props_R.uasset" 3176
"F:/CMP400 - Prof Proj/CMP400_Prof_Proj/Content/Hangar/Textures/T_props_R.uexp" 3177
"F:/CMP400 - Prof Proj/CMP400_Prof_Proj/Content/Hangar/Textures/T_props_02_D.ubulk" 3178
"F:/CMP400 - Prof Proj/CMP400_Prof_Proj/Content/Hangar/Textures/T_props_02_D.uasset" 3179
"F:/CMP400 - Prof Proj/CMP400_Prof_Proj/Content/Hangar/Textures/T_props_02_D.uexp" 3180
"F:/CMP400 - Prof Proj/CMP400_Prof_Proj/Content/Hangar/Textures/T_props_02_N.ubulk" 3181
"F:/CMP400 - Prof Proj/CMP400_Prof_Proj/Content/Hangar/Textures/T_props_02_N.uasset" 3182
"F:/CMP400 - Prof Proj/CMP400_Prof_Proj/Content/Hangar/Textures/T_props_02_N.uexp" 3183
"F:/CMP400 - Prof Proj/CMP400_Prof_Proj/Content/Hangar/Textures/T_props_02_AO.ubulk" 3184
"F:/CMP400 - Prof Proj/CMP400_Prof_Proj/Content/Hangar/Textures/T_props_02_AO.uasset" 3185
"F:/CMP400 - Prof Proj/CMP400_Prof_Proj/Content/Hangar/Textures/T_props_02_AO.uexp" 3186
"F:/CMP400 - Prof Proj/CMP400_Prof_Proj/Content/Hangar/Materials/M_tank_vertical.uasset" 3187
"F:/CMP400 - Prof Proj/CMP400_Prof_Proj/Content/Hangar/Materials/M_tank_vertical.uexp" 3188
"F:/CMP400 - Prof Proj/CMP400_Prof_Proj/Content/Hangar/Meshes/SM_tank_vertical.ubulk" 3189
"F:/CMP400 - Prof Proj/CMP400_Prof_Proj/Content/Hangar/Meshes/SM_tank_vertical.uasset" 3190
"F:/CMP400 - Prof Proj/CMP400_Prof_Proj/Content/Hangar/Meshes/SM_tank_vertical.uexp" 3191
"F:/CMP400 - Prof Proj/CMP400_Prof_Proj/Content/Hangar/Meshes/SM_board_b.ubulk" 3192
"F:/CMP400 - Prof Proj/CMP400_Prof_Proj/Content/Hangar/Meshes/SM_board_b.uasset" 3193
"F:/CMP400 - Prof Proj/CMP400_Prof_Proj/Content/Hangar/Meshes/SM_board_b.uexp" 3194
"F:/CMP400 - Prof Proj/CMP400_Prof_Proj/Content/Hangar/Meshes/SM_hangar_gate_door_02.ubulk" 3195
"F:/CMP400 - Prof Proj/CMP400_Prof_Proj/Content/Hangar/Meshes/SM_hangar_gate_door_02.uasset" 3196
"F:/CMP400 - Prof Proj/CMP400_Prof_Proj/Content/Hangar/Meshes/SM_hangar_gate_door_02.uexp" 3197
"F:/CMP400 - Prof Proj/CMP400_Prof_Proj/Content/Hangar/Meshes/SM_rusty_pipe_05.ubulk" 3198
"F:/CMP400 - Prof Proj/CMP400_Prof_Proj/Content/Hangar/Meshes/SM_rusty_pipe_05.uasset" 3199
"F:/CMP400 - Prof Proj/CMP400_Prof_Proj/Content/Hangar/Meshes/SM_rusty_pipe_05.uexp" 3200
"F:/CMP400 - Prof Proj/CMP400_Prof_Proj/Content/Hangar/Meshes/SM_scaffold_d.ubulk" 3201
"F:/CMP400 - Prof Proj/CMP400_Prof_Proj/Content/Hangar/Meshes/SM_scaffold_d.uasset" 3202
"F:/CMP400 - Prof Proj/CMP400_Prof_Proj/Content/Hangar/Meshes/SM_scaffold_d.uexp" 3203
"F:/CMP400 - Prof Proj/CMP400_Prof_Proj/Content/Hangar/Meshes/SM_paper_debris_05.ubulk" 3204
"F:/CMP400 - Prof Proj/CMP400_Prof_Proj/Content/Hangar/Meshes/SM_paper_debris_05.uasset" 3205
"F:/CMP400 - Prof Proj/CMP400_Prof_Proj/Content/Hangar/Meshes/SM_paper_debris_05.uexp" 3206
"F:/CMP400 - Prof Proj/CMP400_Prof_Proj/Content/Hangar/Maps/Overview_BuiltData.ubulk" 3207
"F:/CMP400 - Prof Proj/CMP400_Prof_Proj/Content/Hangar/Maps/Overview_BuiltData.uasset" 3208
"F:/CMP400 - Prof Proj/CMP400_Prof_Proj/Content/Hangar/Maps/Overview_BuiltData.uexp" 3209
"F:/CMP400 - Prof Proj/CMP400_Prof_Proj/Content/Hangar/Meshes/SM_wooden_pallet_c.ubulk" 3210
"F:/CMP400 - Prof Proj/CMP400_Prof_Proj/Content/Hangar/Meshes/SM_wooden_pallet_c.uasset" 3211
"F:/CMP400 - Prof Proj/CMP400_Prof_Proj/Content/Hangar/Meshes/SM_wooden_pallet_c.uexp" 3212
"F:/CMP400 - Prof Proj/CMP400_Prof_Proj/Content/Hangar/Meshes/SM_hangar_part_02.ubulk" 3213
"F:/CMP400 - Prof Proj/CMP400_Prof_Proj/Content/Hangar/Meshes/SM_hangar_part_02.uasset" 3214
"F:/CMP400 - Prof Proj/CMP400_Prof_Proj/Content/Hangar/Meshes/SM_hangar_part_02.uexp" 3215
"F:/CMP400 - Prof Proj/CMP400_Prof_Proj/Content/Hangar/Meshes/SM_leaf_decal_02.ubulk" 3216
"F:/CMP400 - Prof Proj/CMP400_Prof_Proj/Content/Hangar/Meshes/SM_leaf_decal_02.uasset" 3217
"F:/CMP400 - Prof Proj/CMP400_Prof_Proj/Content/Hangar/Meshes/SM_leaf_decal_02.uexp" 3218
"F:/CMP400 - Prof Proj/CMP400_Prof_Proj/Content/Hangar/Meshes/SM_scaffold_g.ubulk" 3219
"F:/CMP400 - Prof Proj/CMP400_Prof_Proj/Content/Hangar/Meshes/SM_scaffold_g.uasset" 3220
"F:/CMP400 - Prof Proj/CMP400_Prof_Proj/Content/Hangar/Meshes/SM_scaffold_g.uexp" 3221
"F:/CMP400 - Prof Proj/CMP400_Prof_Proj/Content/Hangar/Textures/T_Building01Metal_N.ubulk" 3222
"F:/CMP400 - Prof Proj/CMP400_Prof_Proj/Content/Hangar/Textures/T_Building01Metal_N.uasset" 3223
"F:/CMP400 - Prof Proj/CMP400_Prof_Proj/Content/Hangar/Textures/T_Building01Metal_N.uexp" 3224
"F:/CMP400 - Prof Proj/CMP400_Prof_Proj/Content/Hangar/Textures/T_Building01Metal_R.ubulk" 3225
"F:/CMP400 - Prof Proj/CMP400_Prof_Proj/Content/Hangar/Textures/T_Building01Metal_R.uasset" 3226
"F:/CMP400 - Prof Proj/CMP400_Prof_Proj/Content/Hangar/Textures/T_Building01Metal_R.uexp" 3227
"F:/CMP400 - Prof Proj/CMP400_Prof_Proj/Content/Hangar/Textures/T_Brightwhiewall_AO.ubulk" 3228
"F:/CMP400 - Prof Proj/CMP400_Prof_Proj/Content/Hangar/Textures/T_Brightwhiewall_AO.uasset" 3229
"F:/CMP400 - Prof Proj/CMP400_Prof_Proj/Content/Hangar/Textures/T_Brightwhiewall_AO.uexp" 3230
"F:/CMP400 - Prof Proj/CMP400_Prof_Proj/Content/Hangar/Textures/T_Building01Metal_BC.ubulk" 3231
"F:/CMP400 - Prof Proj/CMP400_Prof_Proj/Content/Hangar/Textures/T_Building01Metal_BC.uasset" 3232
"F:/CMP400 - Prof Proj/CMP400_Prof_Proj/Content/Hangar/Textures/T_Building01Metal_BC.uexp" 3233
"F:/CMP400 - Prof Proj/CMP400_Prof_Proj/Content/Hangar/Textures/T_Building01Metal_M.ubulk" 3234
"F:/CMP400 - Prof Proj/CMP400_Prof_Proj/Content/Hangar/Textures/T_Building01Metal_M.uasset" 3235
"F:/CMP400 - Prof Proj/CMP400_Prof_Proj/Content/Hangar/Textures/T_Building01Metal_M.uexp" 3236
"F:/CMP400 - Prof Proj/CMP400_Prof_Proj/Content/Hangar/Materials/M_building_01_metal.uasset" 3237
"F:/CMP400 - Prof Proj/CMP400_Prof_Proj/Content/Hangar/Materials/M_building_01_metal.uexp" 3238
"F:/CMP400 - Prof Proj/CMP400_Prof_Proj/Content/Hangar/Meshes/SM_paper_debris_07.ubulk" 3239
"F:/CMP400 - Prof Proj/CMP400_Prof_Proj/Content/Hangar/Meshes/SM_paper_debris_07.uasset" 3240
"F:/CMP400 - Prof Proj/CMP400_Prof_Proj/Content/Hangar/Meshes/SM_paper_debris_07.uexp" 3241
"F:/CMP400 - Prof Proj/CMP400_Prof_Proj/Content/Hangar/Meshes/SM_paper_debris_04.ubulk" 3242
"F:/CMP400 - Prof Proj/CMP400_Prof_Proj/Content/Hangar/Meshes/SM_paper_debris_04.uasset" 3243
"F:/CMP400 - Prof Proj/CMP400_Prof_Proj/Content/Hangar/Meshes/SM_paper_debris_04.uexp" 3244
"F:/CMP400 - Prof Proj/CMP400_Prof_Proj/Content/Hangar/Meshes/SM_main_road_set_04.ubulk" 3245
"F:/CMP400 - Prof Proj/CMP400_Prof_Proj/Content/Hangar/Meshes/SM_main_road_set_04.uasset" 3246
"F:/CMP400 - Prof Proj/CMP400_Prof_Proj/Content/Hangar/Meshes/SM_main_road_set_04.uexp" 3247
"F:/CMP400 - Prof Proj/CMP400_Prof_Proj/Content/Hangar/Meshes/SM_leaf_decal_01.ubulk" 3248
"F:/CMP400 - Prof Proj/CMP400_Prof_Proj/Content/Hangar/Meshes/SM_leaf_decal_01.uasset" 3249
"F:/CMP400 - Prof Proj/CMP400_Prof_Proj/Content/Hangar/Meshes/SM_leaf_decal_01.uexp" 3250
"F:/CMP400 - Prof Proj/CMP400_Prof_Proj/Content/Hangar/Meshes/SM_paper_debris_09.ubulk" 3251
"F:/CMP400 - Prof Proj/CMP400_Prof_Proj/Content/Hangar/Meshes/SM_paper_debris_09.uasset" 3252
"F:/CMP400 - Prof Proj/CMP400_Prof_Proj/Content/Hangar/Meshes/SM_paper_debris_09.uexp" 3253
"F:/CMP400 - Prof Proj/CMP400_Prof_Proj/Content/Hangar/Textures/T_containetW_BC.ubulk" 3254
"F:/CMP400 - Prof Proj/CMP400_Prof_Proj/Content/Hangar/Textures/T_containetW_BC.uasset" 3255
"F:/CMP400 - Prof Proj/CMP400_Prof_Proj/Content/Hangar/Textures/T_containetW_BC.uexp" 3256
"F:/CMP400 - Prof Proj/CMP400_Prof_Proj/Content/Hangar/Materials/M_container_white.uasset" 3257
"F:/CMP400 - Prof Proj/CMP400_Prof_Proj/Content/Hangar/Materials/M_container_white.uexp" 3258
"F:/CMP400 - Prof Proj/CMP400_Prof_Proj/Content/Hangar/Meshes/SM_short_boards_b.ubulk" 3259
"F:/CMP400 - Prof Proj/CMP400_Prof_Proj/Content/Hangar/Meshes/SM_short_boards_b.uasset" 3260
"F:/CMP400 - Prof Proj/CMP400_Prof_Proj/Content/Hangar/Meshes/SM_short_boards_b.uexp" 3261
"F:/CMP400 - Prof Proj/CMP400_Prof_Proj/Content/Hangar/Meshes/SM_scaffold_a.ubulk" 3262
"F:/CMP400 - Prof Proj/CMP400_Prof_Proj/Content/Hangar/Meshes/SM_scaffold_a.uasset" 3263
"F:/CMP400 - Prof Proj/CMP400_Prof_Proj/Content/Hangar/Meshes/SM_scaffold_a.uexp" 3264
"F:/CMP400 - Prof Proj/CMP400_Prof_Proj/Content/Hangar/Meshes/SM_paper_debris_00.ubulk" 3265
"F:/CMP400 - Prof Proj/CMP400_Prof_Proj/Content/Hangar/Meshes/SM_paper_debris_00.uasset" 3266
"F:/CMP400 - Prof Proj/CMP400_Prof_Proj/Content/Hangar/Meshes/SM_paper_debris_00.uexp" 3267
"F:/CMP400 - Prof Proj/CMP400_Prof_Proj/Content/Hangar/Meshes/SM_polywood_board.ubulk" 3268
"F:/CMP400 - Prof Proj/CMP400_Prof_Proj/Content/Hangar/Meshes/SM_polywood_board.uasset" 3269
"F:/CMP400 - Prof Proj/CMP400_Prof_Proj/Content/Hangar/Meshes/SM_polywood_board.uexp" 3270
"F:/CMP400 - Prof Proj/CMP400_Prof_Proj/Content/Hangar/Textures/T_concrete_blocks_N.ubulk" 3271
"F:/CMP400 - Prof Proj/CMP400_Prof_Proj/Content/Hangar/Textures/T_concrete_blocks_N.uasset" 3272
"F:/CMP400 - Prof Proj/CMP400_Prof_Proj/Content/Hangar/Textures/T_concrete_blocks_N.uexp" 3273
"F:/CMP400 - Prof Proj/CMP400_Prof_Proj/Content/Hangar/Textures/T_concrete_blocks_AO.ubulk" 3274
"F:/CMP400 - Prof Proj/CMP400_Prof_Proj/Content/Hangar/Textures/T_concrete_blocks_AO.uasset" 3275
"F:/CMP400 - Prof Proj/CMP400_Prof_Proj/Content/Hangar/Textures/T_concrete_blocks_AO.uexp" 3276
"F:/CMP400 - Prof Proj/CMP400_Prof_Proj/Content/Hangar/Textures/T_concrete_blocks_R.ubulk" 3277
"F:/CMP400 - Prof Proj/CMP400_Prof_Proj/Content/Hangar/Textures/T_concrete_blocks_R.uasset" 3278
"F:/CMP400 - Prof Proj/CMP400_Prof_Proj/Content/Hangar/Textures/T_concrete_blocks_R.uexp" 3279
"F:/CMP400 - Prof Proj/CMP400_Prof_Proj/Content/Hangar/Textures/T_concrete_blocks_BC.ubulk" 3280
"F:/CMP400 - Prof Proj/CMP400_Prof_Proj/Content/Hangar/Textures/T_concrete_blocks_BC.uasset" 3281
"F:/CMP400 - Prof Proj/CMP400_Prof_Proj/Content/Hangar/Textures/T_concrete_blocks_BC.uexp" 3282
"F:/CMP400 - Prof Proj/CMP400_Prof_Proj/Content/Hangar/Materials/M_concrete_block.uasset" 3283
"F:/CMP400 - Prof Proj/CMP400_Prof_Proj/Content/Hangar/Materials/M_concrete_block.uexp" 3284
"F:/CMP400 - Prof Proj/CMP400_Prof_Proj/Content/Hangar/Meshes/SM_block_1.ubulk" 3285
"F:/CMP400 - Prof Proj/CMP400_Prof_Proj/Content/Hangar/Meshes/SM_block_1.uasset" 3286
"F:/CMP400 - Prof Proj/CMP400_Prof_Proj/Content/Hangar/Meshes/SM_block_1.uexp" 3287
"F:/CMP400 - Prof Proj/CMP400_Prof_Proj/Content/Hangar/Meshes/SM_Block_2.ubulk" 3288
"F:/CMP400 - Prof Proj/CMP400_Prof_Proj/Content/Hangar/Meshes/SM_Block_2.uasset" 3289
"F:/CMP400 - Prof Proj/CMP400_Prof_Proj/Content/Hangar/Meshes/SM_Block_2.uexp" 3290
"F:/CMP400 - Prof Proj/CMP400_Prof_Proj/Content/Hangar/Meshes/SM_block_3.ubulk" 3291
"F:/CMP400 - Prof Proj/CMP400_Prof_Proj/Content/Hangar/Meshes/SM_block_3.uasset" 3292
"F:/CMP400 - Prof Proj/CMP400_Prof_Proj/Content/Hangar/Meshes/SM_block_3.uexp" 3293
"F:/CMP400 - Prof Proj/CMP400_Prof_Proj/Content/Hangar/Meshes/SM_debris_02.ubulk" 3294
"F:/CMP400 - Prof Proj/CMP400_Prof_Proj/Content/Hangar/Meshes/SM_debris_02.uasset" 3295
"F:/CMP400 - Prof Proj/CMP400_Prof_Proj/Content/Hangar/Meshes/SM_debris_02.uexp" 3296
"F:/CMP400 - Prof Proj/CMP400_Prof_Proj/Content/Hangar/Meshes/SM_short_boards_c.ubulk" 3297
"F:/CMP400 - Prof Proj/CMP400_Prof_Proj/Content/Hangar/Meshes/SM_short_boards_c.uasset" 3298
"F:/CMP400 - Prof Proj/CMP400_Prof_Proj/Content/Hangar/Meshes/SM_short_boards_c.uexp" 3299
"F:/CMP400 - Prof Proj/CMP400_Prof_Proj/Content/Hangar/Meshes/SM_floor_01.ubulk" 3300
"F:/CMP400 - Prof Proj/CMP400_Prof_Proj/Content/Hangar/Meshes/SM_floor_01.uasset" 3301
"F:/CMP400 - Prof Proj/CMP400_Prof_Proj/Content/Hangar/Meshes/SM_floor_01.uexp" 3302
"F:/CMP400 - Prof Proj/CMP400_Prof_Proj/Content/Hangar/Meshes/SM_leaf_decal_03.ubulk" 3303
"F:/CMP400 - Prof Proj/CMP400_Prof_Proj/Content/Hangar/Meshes/SM_leaf_decal_03.uasset" 3304
"F:/CMP400 - Prof Proj/CMP400_Prof_Proj/Content/Hangar/Meshes/SM_leaf_decal_03.uexp" 3305
"F:/CMP400 - Prof Proj/CMP400_Prof_Proj/Content/Hangar/Meshes/SM_debris_01.ubulk" 3306
"F:/CMP400 - Prof Proj/CMP400_Prof_Proj/Content/Hangar/Meshes/SM_debris_01.uasset" 3307
"F:/CMP400 - Prof Proj/CMP400_Prof_Proj/Content/Hangar/Meshes/SM_debris_01.uexp" 3308
"F:/CMP400 - Prof Proj/CMP400_Prof_Proj/Content/Hangar/Meshes/SM_gaspipes_02.ubulk" 3309
"F:/CMP400 - Prof Proj/CMP400_Prof_Proj/Content/Hangar/Meshes/SM_gaspipes_02.uasset" 3310
"F:/CMP400 - Prof Proj/CMP400_Prof_Proj/Content/Hangar/Meshes/SM_gaspipes_02.uexp" 3311
"F:/CMP400 - Prof Proj/CMP400_Prof_Proj/Content/Hangar/Meshes/SM_electric_pole_01.ubulk" 3312
"F:/CMP400 - Prof Proj/CMP400_Prof_Proj/Content/Hangar/Meshes/SM_electric_pole_01.uasset" 3313
"F:/CMP400 - Prof Proj/CMP400_Prof_Proj/Content/Hangar/Meshes/SM_electric_pole_01.uexp" 3314
"F:/CMP400 - Prof Proj/CMP400_Prof_Proj/Content/Hangar/Meshes/SM_drainage_pole_03.ubulk" 3315
"F:/CMP400 - Prof Proj/CMP400_Prof_Proj/Content/Hangar/Meshes/SM_drainage_pole_03.uasset" 3316
"F:/CMP400 - Prof Proj/CMP400_Prof_Proj/Content/Hangar/Meshes/SM_drainage_pole_03.uexp" 3317
"F:/CMP400 - Prof Proj/CMP400_Prof_Proj/Content/Hangar/Meshes/SM_drainage_pole_05.ubulk" 3318
"F:/CMP400 - Prof Proj/CMP400_Prof_Proj/Content/Hangar/Meshes/SM_drainage_pole_05.uasset" 3319
"F:/CMP400 - Prof Proj/CMP400_Prof_Proj/Content/Hangar/Meshes/SM_drainage_pole_05.uexp" 3320
"F:/CMP400 - Prof Proj/CMP400_Prof_Proj/Content/Hangar/Meshes/SM_rusty_pipe_09.ubulk" 3321
"F:/CMP400 - Prof Proj/CMP400_Prof_Proj/Content/Hangar/Meshes/SM_rusty_pipe_09.uasset" 3322
"F:/CMP400 - Prof Proj/CMP400_Prof_Proj/Content/Hangar/Meshes/SM_rusty_pipe_09.uexp" 3323
"F:/CMP400 - Prof Proj/CMP400_Prof_Proj/Content/Hangar/Textures/T_grid_O.ubulk" 3324
"F:/CMP400 - Prof Proj/CMP400_Prof_Proj/Content/Hangar/Textures/T_grid_O.uasset" 3325
"F:/CMP400 - Prof Proj/CMP400_Prof_Proj/Content/Hangar/Textures/T_grid_O.uexp" 3326
"F:/CMP400 - Prof Proj/CMP400_Prof_Proj/Content/Hangar/Textures/T_grid_BC.ubulk" 3327
"F:/CMP400 - Prof Proj/CMP400_Prof_Proj/Content/Hangar/Textures/T_grid_BC.uasset" 3328
"F:/CMP400 - Prof Proj/CMP400_Prof_Proj/Content/Hangar/Textures/T_grid_BC.uexp" 3329
"F:/CMP400 - Prof Proj/CMP400_Prof_Proj/Content/Hangar/Textures/T_grid_ao.ubulk" 3330
"F:/CMP400 - Prof Proj/CMP400_Prof_Proj/Content/Hangar/Textures/T_grid_ao.uasset" 3331
"F:/CMP400 - Prof Proj/CMP400_Prof_Proj/Content/Hangar/Textures/T_grid_ao.uexp" 3332
"F:/CMP400 - Prof Proj/CMP400_Prof_Proj/Content/Hangar/Textures/T_grid_N.ubulk" 3333
"F:/CMP400 - Prof Proj/CMP400_Prof_Proj/Content/Hangar/Textures/T_grid_N.uasset" 3334
"F:/CMP400 - Prof Proj/CMP400_Prof_Proj/Content/Hangar/Textures/T_grid_N.uexp" 3335
"F:/CMP400 - Prof Proj/CMP400_Prof_Proj/Content/Hangar/Materials/M_grid_fence.uasset" 3336
"F:/CMP400 - Prof Proj/CMP400_Prof_Proj/Content/Hangar/Materials/M_grid_fence.uexp" 3337
"F:/CMP400 - Prof Proj/CMP400_Prof_Proj/Content/Hangar/Meshes/SM_metal_fence_01.ubulk" 3338
"F:/CMP400 - Prof Proj/CMP400_Prof_Proj/Content/Hangar/Meshes/SM_metal_fence_01.uasset" 3339
"F:/CMP400 - Prof Proj/CMP400_Prof_Proj/Content/Hangar/Meshes/SM_metal_fence_01.uexp" 3340
"F:/CMP400 - Prof Proj/CMP400_Prof_Proj/Content/Hangar/Meshes/SM_concrete_fence_01.ubulk" 3341
"F:/CMP400 - Prof Proj/CMP400_Prof_Proj/Content/Hangar/Meshes/SM_concrete_fence_01.uasset" 3342
"F:/CMP400 - Prof Proj/CMP400_Prof_Proj/Content/Hangar/Meshes/SM_concrete_fence_01.uexp" 3343
"F:/CMP400 - Prof Proj/CMP400_Prof_Proj/Content/Hangar/Meshes/SM_rusty_pipe_06.ubulk" 3344
"F:/CMP400 - Prof Proj/CMP400_Prof_Proj/Content/Hangar/Meshes/SM_rusty_pipe_06.uasset" 3345
"F:/CMP400 - Prof Proj/CMP400_Prof_Proj/Content/Hangar/Meshes/SM_rusty_pipe_06.uexp" 3346
"F:/CMP400 - Prof Proj/CMP400_Prof_Proj/Content/Hangar/Meshes/SM_cautionpole.ubulk" 3347
"F:/CMP400 - Prof Proj/CMP400_Prof_Proj/Content/Hangar/Meshes/SM_cautionpole.uasset" 3348
"F:/CMP400 - Prof Proj/CMP400_Prof_Proj/Content/Hangar/Meshes/SM_cautionpole.uexp" 3349
"F:/CMP400 - Prof Proj/CMP400_Prof_Proj/Content/Hangar/Meshes/SM_gas_cylinder_03.ubulk" 3350
"F:/CMP400 - Prof Proj/CMP400_Prof_Proj/Content/Hangar/Meshes/SM_gas_cylinder_03.uasset" 3351
"F:/CMP400 - Prof Proj/CMP400_Prof_Proj/Content/Hangar/Meshes/SM_gas_cylinder_03.uexp" 3352
"F:/CMP400 - Prof Proj/CMP400_Prof_Proj/Content/Hangar/Meshes/SM_wooden_pallet_a.ubulk" 3353
"F:/CMP400 - Prof Proj/CMP400_Prof_Proj/Content/Hangar/Meshes/SM_wooden_pallet_a.uasset" 3354
"F:/CMP400 - Prof Proj/CMP400_Prof_Proj/Content/Hangar/Meshes/SM_wooden_pallet_a.uexp" 3355
"F:/CMP400 - Prof Proj/CMP400_Prof_Proj/Content/Hangar/Meshes/SM_gaspipes_03.ubulk" 3356
"F:/CMP400 - Prof Proj/CMP400_Prof_Proj/Content/Hangar/Meshes/SM_gaspipes_03.uasset" 3357
"F:/CMP400 - Prof Proj/CMP400_Prof_Proj/Content/Hangar/Meshes/SM_gaspipes_03.uexp" 3358
"F:/CMP400 - Prof Proj/CMP400_Prof_Proj/Content/Hangar/Meshes/SM_cable_spool_a.ubulk" 3359
"F:/CMP400 - Prof Proj/CMP400_Prof_Proj/Content/Hangar/Meshes/SM_cable_spool_a.uasset" 3360
"F:/CMP400 - Prof Proj/CMP400_Prof_Proj/Content/Hangar/Meshes/SM_cable_spool_a.uexp" 3361
"F:/CMP400 - Prof Proj/CMP400_Prof_Proj/Content/Hangar/Meshes/SM_scaffold_b.ubulk" 3362
"F:/CMP400 - Prof Proj/CMP400_Prof_Proj/Content/Hangar/Meshes/SM_scaffold_b.uasset" 3363
"F:/CMP400 - Prof Proj/CMP400_Prof_Proj/Content/Hangar/Meshes/SM_scaffold_b.uexp" 3364
"F:/CMP400 - Prof Proj/CMP400_Prof_Proj/Content/Hangar/Meshes/SM_floor_02.ubulk" 3365
"F:/CMP400 - Prof Proj/CMP400_Prof_Proj/Content/Hangar/Meshes/SM_floor_02.uasset" 3366
"F:/CMP400 - Prof Proj/CMP400_Prof_Proj/Content/Hangar/Meshes/SM_floor_02.uexp" 3367
"F:/CMP400 - Prof Proj/CMP400_Prof_Proj/Content/Hangar/Meshes/SM_rusty_pipe_02.ubulk" 3368
"F:/CMP400 - Prof Proj/CMP400_Prof_Proj/Content/Hangar/Meshes/SM_rusty_pipe_02.uasset" 3369
"F:/CMP400 - Prof Proj/CMP400_Prof_Proj/Content/Hangar/Meshes/SM_rusty_pipe_02.uexp" 3370
"F:/CMP400 - Prof Proj/CMP400_Prof_Proj/Content/Hangar/Meshes/SM_short_pully_with_rope.ubulk" 3371
"F:/CMP400 - Prof Proj/CMP400_Prof_Proj/Content/Hangar/Meshes/SM_short_pully_with_rope.uasset" 3372
"F:/CMP400 - Prof Proj/CMP400_Prof_Proj/Content/Hangar/Meshes/SM_short_pully_with_rope.uexp" 3373
"F:/CMP400 - Prof Proj/CMP400_Prof_Proj/Content/Hangar/Meshes/SM_placards_02.ubulk" 3374
"F:/CMP400 - Prof Proj/CMP400_Prof_Proj/Content/Hangar/Meshes/SM_placards_02.uasset" 3375
"F:/CMP400 - Prof Proj/CMP400_Prof_Proj/Content/Hangar/Meshes/SM_placards_02.uexp" 3376
"F:/CMP400 - Prof Proj/CMP400_Prof_Proj/Content/Hangar/Meshes/SM_scaffold_e.ubulk" 3377
"F:/CMP400 - Prof Proj/CMP400_Prof_Proj/Content/Hangar/Meshes/SM_scaffold_e.uasset" 3378
"F:/CMP400 - Prof Proj/CMP400_Prof_Proj/Content/Hangar/Meshes/SM_scaffold_e.uexp" 3379
"F:/CMP400 - Prof Proj/CMP400_Prof_Proj/Content/Hangar/Meshes/SM_int_lamp_2_on.ubulk" 3380
"F:/CMP400 - Prof Proj/CMP400_Prof_Proj/Content/Hangar/Meshes/SM_int_lamp_2_on.uasset" 3381
"F:/CMP400 - Prof Proj/CMP400_Prof_Proj/Content/Hangar/Meshes/SM_int_lamp_2_on.uexp" 3382
"F:/CMP400 - Prof Proj/CMP400_Prof_Proj/Content/Hangar/Textures/T_air_conditioning_R.ubulk" 3383
"F:/CMP400 - Prof Proj/CMP400_Prof_Proj/Content/Hangar/Textures/T_air_conditioning_R.uasset" 3384
"F:/CMP400 - Prof Proj/CMP400_Prof_Proj/Content/Hangar/Textures/T_air_conditioning_R.uexp" 3385
"F:/CMP400 - Prof Proj/CMP400_Prof_Proj/Content/Hangar/Textures/T_AirConditioning_N.ubulk" 3386
"F:/CMP400 - Prof Proj/CMP400_Prof_Proj/Content/Hangar/Textures/T_AirConditioning_N.uasset" 3387
"F:/CMP400 - Prof Proj/CMP400_Prof_Proj/Content/Hangar/Textures/T_AirConditioning_N.uexp" 3388
"F:/CMP400 - Prof Proj/CMP400_Prof_Proj/Content/Hangar/Textures/T_AirConditioning_BC.ubulk" 3389
"F:/CMP400 - Prof Proj/CMP400_Prof_Proj/Content/Hangar/Textures/T_AirConditioning_BC.uasset" 3390
"F:/CMP400 - Prof Proj/CMP400_Prof_Proj/Content/Hangar/Textures/T_AirConditioning_BC.uexp" 3391
"F:/CMP400 - Prof Proj/CMP400_Prof_Proj/Content/Hangar/Textures/T_AirConditioning_AO.ubulk" 3392
"F:/CMP400 - Prof Proj/CMP400_Prof_Proj/Content/Hangar/Textures/T_AirConditioning_AO.uasset" 3393
"F:/CMP400 - Prof Proj/CMP400_Prof_Proj/Content/Hangar/Textures/T_AirConditioning_AO.uexp" 3394
"F:/CMP400 - Prof Proj/CMP400_Prof_Proj/Content/Hangar/Textures/T_AirConditioning_M.ubulk" 3395
"F:/CMP400 - Prof Proj/CMP400_Prof_Proj/Content/Hangar/Textures/T_AirConditioning_M.uasset" 3396
"F:/CMP400 - Prof Proj/CMP400_Prof_Proj/Content/Hangar/Textures/T_AirConditioning_M.uexp" 3397
"F:/CMP400 - Prof Proj/CMP400_Prof_Proj/Content/Hangar/Materials/M_AirConditioning_01.uasset" 3398
"F:/CMP400 - Prof Proj/CMP400_Prof_Proj/Content/Hangar/Materials/M_AirConditioning_01.uexp" 3399
"F:/CMP400 - Prof Proj/CMP400_Prof_Proj/Content/Hangar/Meshes/SM_air_conditioning_01.ubulk" 3400
"F:/CMP400 - Prof Proj/CMP400_Prof_Proj/Content/Hangar/Meshes/SM_air_conditioning_01.uasset" 3401
"F:/CMP400 - Prof Proj/CMP400_Prof_Proj/Content/Hangar/Meshes/SM_air_conditioning_01.uexp" 3402
"F:/CMP400 - Prof Proj/CMP400_Prof_Proj/Content/Hangar/Meshes/SM_electric_pole_03.ubulk" 3403
"F:/CMP400 - Prof Proj/CMP400_Prof_Proj/Content/Hangar/Meshes/SM_electric_pole_03.uasset" 3404
"F:/CMP400 - Prof Proj/CMP400_Prof_Proj/Content/Hangar/Meshes/SM_electric_pole_03.uexp" 3405
"F:/CMP400 - Prof Proj/CMP400_Prof_Proj/Content/Hangar/Textures/T_tile_concrete_N.ubulk" 3406
"F:/CMP400 - Prof Proj/CMP400_Prof_Proj/Content/Hangar/Textures/T_tile_concrete_N.uasset" 3407
"F:/CMP400 - Prof Proj/CMP400_Prof_Proj/Content/Hangar/Textures/T_tile_concrete_N.uexp" 3408
"F:/CMP400 - Prof Proj/CMP400_Prof_Proj/Content/Hangar/Textures/T_tile_floor_R_04.ubulk" 3409
"F:/CMP400 - Prof Proj/CMP400_Prof_Proj/Content/Hangar/Textures/T_tile_floor_R_04.uasset" 3410
"F:/CMP400 - Prof Proj/CMP400_Prof_Proj/Content/Hangar/Textures/T_tile_floor_R_04.uexp" 3411
"F:/CMP400 - Prof Proj/CMP400_Prof_Proj/Content/Hangar/Textures/T_tile_concrete_AO.ubulk" 3412
"F:/CMP400 - Prof Proj/CMP400_Prof_Proj/Content/Hangar/Textures/T_tile_concrete_AO.uasset" 3413
"F:/CMP400 - Prof Proj/CMP400_Prof_Proj/Content/Hangar/Textures/T_tile_concrete_AO.uexp" 3414
"F:/CMP400 - Prof Proj/CMP400_Prof_Proj/Content/Hangar/Textures/T_tile_concrete_D.ubulk" 3415
"F:/CMP400 - Prof Proj/CMP400_Prof_Proj/Content/Hangar/Textures/T_tile_concrete_D.uasset" 3416
"F:/CMP400 - Prof Proj/CMP400_Prof_Proj/Content/Hangar/Textures/T_tile_concrete_D.uexp" 3417
"F:/CMP400 - Prof Proj/CMP400_Prof_Proj/Content/Hangar/Materials/M_tile_concrete.uasset" 3418
"F:/CMP400 - Prof Proj/CMP400_Prof_Proj/Content/Hangar/Materials/M_tile_concrete.uexp" 3419
"F:/CMP400 - Prof Proj/CMP400_Prof_Proj/Content/Hangar/Meshes/SM_building_01.ubulk" 3420
"F:/CMP400 - Prof Proj/CMP400_Prof_Proj/Content/Hangar/Meshes/SM_building_01.uasset" 3421
"F:/CMP400 - Prof Proj/CMP400_Prof_Proj/Content/Hangar/Meshes/SM_building_01.uexp" 3422
"F:/CMP400 - Prof Proj/CMP400_Prof_Proj/Content/Hangar/Maps/Overview.uexp" 3423
"F:/CMP400 - Prof Proj/CMP400_Prof_Proj/Content/Hangar/Maps/Overview.umap" 3424
"F:/CMP400 - Prof Proj/CMP400_Prof_Proj/Content/Hangar/vegetation/FieldGrass/T_FieldGrass_01_D.ubulk" 3425
"F:/CMP400 - Prof Proj/CMP400_Prof_Proj/Content/Hangar/vegetation/FieldGrass/T_FieldGrass_01_D.uasset" 3426
"F:/CMP400 - Prof Proj/CMP400_Prof_Proj/Content/Hangar/vegetation/FieldGrass/T_FieldGrass_01_D.uexp" 3427
"../../../Engine/Content/Functions/Engine_MaterialFunctions02/Math/CreateThirdOrthogonalVector.uasset" 3428
"../../../Engine/Content/Functions/Engine_MaterialFunctions02/Math/CreateThirdOrthogonalVector.uexp" 3429
"F:/CMP400 - Prof Proj/CMP400_Prof_Proj/Content/Hangar/vegetation/FieldGrass/T_FieldGrass_02_M.ubulk" 3430
"F:/CMP400 - Prof Proj/CMP400_Prof_Proj/Content/Hangar/vegetation/FieldGrass/T_FieldGrass_02_M.uasset" 3431
"F:/CMP400 - Prof Proj/CMP400_Prof_Proj/Content/Hangar/vegetation/FieldGrass/T_FieldGrass_02_M.uexp" 3432
"F:/CMP400 - Prof Proj/CMP400_Prof_Proj/Content/Hangar/Textures/T_Water_N.ubulk" 3433
"F:/CMP400 - Prof Proj/CMP400_Prof_Proj/Content/Hangar/Textures/T_Water_N.uasset" 3434
"F:/CMP400 - Prof Proj/CMP400_Prof_Proj/Content/Hangar/Textures/T_Water_N.uexp" 3435
"F:/CMP400 - Prof Proj/CMP400_Prof_Proj/Content/Hangar/vegetation/FieldGrass/M_FieldGrass_01.uasset" 3436
"F:/CMP400 - Prof Proj/CMP400_Prof_Proj/Content/Hangar/vegetation/FieldGrass/M_FieldGrass_01.uexp" 3437
"F:/CMP400 - Prof Proj/CMP400_Prof_Proj/Content/Hangar/vegetation/FieldGrass/M_FieldGrass_Inst_01.uasset" 3438
"F:/CMP400 - Prof Proj/CMP400_Prof_Proj/Content/Hangar/vegetation/FieldGrass/M_FieldGrass_Inst_01.uexp" 3439
"F:/CMP400 - Prof Proj/CMP400_Prof_Proj/Content/Hangar/vegetation/FieldGrass/M_FieldGrass_Inst_01_LOD1.uasset" 3440
"F:/CMP400 - Prof Proj/CMP400_Prof_Proj/Content/Hangar/vegetation/FieldGrass/M_FieldGrass_Inst_01_LOD1.uexp" 3441
"F:/CMP400 - Prof Proj/CMP400_Prof_Proj/Content/Hangar/vegetation/FieldGrass/M_FieldGrass_Inst_01_LOD2.uasset" 3442
"F:/CMP400 - Prof Proj/CMP400_Prof_Proj/Content/Hangar/vegetation/FieldGrass/M_FieldGrass_Inst_01_LOD2.uexp" 3443
"F:/CMP400 - Prof Proj/CMP400_Prof_Proj/Content/Hangar/vegetation/FieldGrass/SM_FieldGrass_01.ubulk" 3444
"F:/CMP400 - Prof Proj/CMP400_Prof_Proj/Content/Hangar/vegetation/FieldGrass/SM_FieldGrass_01.uasset" 3445
"F:/CMP400 - Prof Proj/CMP400_Prof_Proj/Content/Hangar/vegetation/FieldGrass/SM_FieldGrass_01.uexp" 3446
"F:/CMP400 - Prof Proj/CMP400_Prof_Proj/Content/FirstPerson/Blueprints/BP_FirstPersonPlayerController.uasset" 3447
"F:/CMP400 - Prof Proj/CMP400_Prof_Proj/Content/FirstPerson/Blueprints/BP_FirstPersonPlayerController.uexp" 3448
"F:/CMP400 - Prof Proj/CMP400_Prof_Proj/Content/FirstPerson/Blueprints/BP_FirstPersonGameMode.uasset" 3449
"F:/CMP400 - Prof Proj/CMP400_Prof_Proj/Content/FirstPerson/Blueprints/BP_FirstPersonGameMode.uexp" 3450
"F:/CMP400 - Prof Proj/CMP400_Prof_Proj/Content/Hangar/Maps/Hangar_BuiltData.ubulk" 3451
"F:/CMP400 - Prof Proj/CMP400_Prof_Proj/Content/Hangar/Maps/Hangar_BuiltData.uasset" 3452
"F:/CMP400 - Prof Proj/CMP400_Prof_Proj/Content/Hangar/Maps/Hangar_BuiltData.uexp" 3453
"F:/CMP400 - Prof Proj/CMP400_Prof_Proj/Content/Hangar/Materials/M_black_metal.uasset" 3454
"F:/CMP400 - Prof Proj/CMP400_Prof_Proj/Content/Hangar/Materials/M_black_metal.uexp" 3455
"F:/CMP400 - Prof Proj/CMP400_Prof_Proj/Content/Hangar/Meshes/SM_electrical_wires_01.ubulk" 3456
"F:/CMP400 - Prof Proj/CMP400_Prof_Proj/Content/Hangar/Meshes/SM_electrical_wires_01.uasset" 3457
"F:/CMP400 - Prof Proj/CMP400_Prof_Proj/Content/Hangar/Meshes/SM_electrical_wires_01.uexp" 3458
"../../../Engine/Content/EngineMaterials/DefaultPhysicalMaterial.uasset" 3459
"../../../Engine/Content/EngineMaterials/DefaultPhysicalMaterial.uexp" 3460
"F:/CMP400 - Prof Proj/CMP400_Prof_Proj/Content/Hangar/Meshes/SM_land_rig_01.ubulk" 3461
"F:/CMP400 - Prof Proj/CMP400_Prof_Proj/Content/Hangar/Meshes/SM_land_rig_01.uasset" 3462
"F:/CMP400 - Prof Proj/CMP400_Prof_Proj/Content/Hangar/Meshes/SM_land_rig_01.uexp" 3463
"F:/CMP400 - Prof Proj/CMP400_Prof_Proj/Content/Hangar/Meshes/SM_container_white.ubulk" 3464
"F:/CMP400 - Prof Proj/CMP400_Prof_Proj/Content/Hangar/Meshes/SM_container_white.uasset" 3465
"F:/CMP400 - Prof Proj/CMP400_Prof_Proj/Content/Hangar/Meshes/SM_container_white.uexp" 3466
"F:/CMP400 - Prof Proj/CMP400_Prof_Proj/Content/Hangar/Textures/T_darkdirt01_BC.ubulk" 3467
"F:/CMP400 - Prof Proj/CMP400_Prof_Proj/Content/Hangar/Textures/T_darkdirt01_BC.uasset" 3468
"F:/CMP400 - Prof Proj/CMP400_Prof_Proj/Content/Hangar/Textures/T_darkdirt01_BC.uexp" 3469
"F:/CMP400 - Prof Proj/CMP400_Prof_Proj/Content/Hangar/Textures/T_darkdirt01_R.ubulk" 3470
"F:/CMP400 - Prof Proj/CMP400_Prof_Proj/Content/Hangar/Textures/T_darkdirt01_R.uasset" 3471
"F:/CMP400 - Prof Proj/CMP400_Prof_Proj/Content/Hangar/Textures/T_darkdirt01_R.uexp" 3472
"F:/CMP400 - Prof Proj/CMP400_Prof_Proj/Content/Hangar/Textures/T_darkdirt01_N.ubulk" 3473
"F:/CMP400 - Prof Proj/CMP400_Prof_Proj/Content/Hangar/Textures/T_darkdirt01_N.uasset" 3474
"F:/CMP400 - Prof Proj/CMP400_Prof_Proj/Content/Hangar/Textures/T_darkdirt01_N.uexp" 3475
"F:/CMP400 - Prof Proj/CMP400_Prof_Proj/Content/Hangar/Materials/M_Ter_darkdirt.uasset" 3476
"F:/CMP400 - Prof Proj/CMP400_Prof_Proj/Content/Hangar/Materials/M_Ter_darkdirt.uexp" 3477
"F:/CMP400 - Prof Proj/CMP400_Prof_Proj/Content/Hangar/Textures/T_flat_normal_N.ubulk" 3478
"F:/CMP400 - Prof Proj/CMP400_Prof_Proj/Content/Hangar/Textures/T_flat_normal_N.uasset" 3479
"F:/CMP400 - Prof Proj/CMP400_Prof_Proj/Content/Hangar/Textures/T_flat_normal_N.uexp" 3480
"F:/CMP400 - Prof Proj/CMP400_Prof_Proj/Content/Hangar/Textures/T_tile_road_D.ubulk" 3481
"F:/CMP400 - Prof Proj/CMP400_Prof_Proj/Content/Hangar/Textures/T_tile_road_D.uasset" 3482
"F:/CMP400 - Prof Proj/CMP400_Prof_Proj/Content/Hangar/Textures/T_tile_road_D.uexp" 3483
"F:/CMP400 - Prof Proj/CMP400_Prof_Proj/Content/Hangar/Materials/M_main_road.uasset" 3484
"F:/CMP400 - Prof Proj/CMP400_Prof_Proj/Content/Hangar/Materials/M_main_road.uexp" 3485
"F:/CMP400 - Prof Proj/CMP400_Prof_Proj/Content/Hangar/Maps/Hangar.uexp" 3486
"F:/CMP400 - Prof Proj/CMP400_Prof_Proj/Content/Hangar/Maps/Hangar.ubulk" 3487
"F:/CMP400 - Prof Proj/CMP400_Prof_Proj/Content/Hangar/Maps/Hangar.umap" 3488
"F:/CMP400 - Prof Proj/CMP400_Prof_Proj/Content/FirstPerson/Maps/FirstPersonMap.uexp" 3489
"F:/CMP400 - Prof Proj/CMP400_Prof_Proj/Content/FirstPerson/Maps/FirstPersonMap.umap" 3490
